[Licensing::Module] Trying to connect to existing licensing client channel...
[Licensing::IpcConnector] Successfully connected to: "LicenseClient-thank" at "2026-03-01T15:02:09.8764199Z"
Built from '6000.3/respin/6000.3.6f1-732c1ec89f18' branch; Version is '6000.3.6f1 (bbb010bdb8a3) revision 12300304'; Using compiler version '194234433'; Build Type 'Release'
OS: 'Windows 11  (10.0.26200) Core' Language: 'ja' Physical Memory: 16218 MB
BatchMode: 1, IsHumanControllingUs: 0, StartBugReporterOnCrash: 0, Is64bit: 1
System  architecture: x64
Process architecture: x64
Date: 2026-03-01T15:02:09Z

COMMAND LINE ARGUMENTS:
C:\Program Files\Unity\Hub\Editor\6000.3.6f1\Editor\Unity.exe
-batchmode
-quit
-projectPath
c:\Users\thank\Storage\Game Projects\UnityChatNovelGame
-executeMethod
SetupFirstSlice.Run
-logFile
docs\logs\setup_first_slice.log
Successfully changed project path to: c:\Users\thank\Storage\Game Projects\UnityChatNovelGame
C:/Users/thank/Storage/Game Projects/UnityChatNovelGame
[UnityMemory] Configuration Parameters - Can be set up in boot.config
    "memorysetup-temp-allocator-size-nav-mesh-worker=65536"
    "memorysetup-temp-allocator-size-audio-worker=65536"
    "memorysetup-temp-allocator-size-gfx=262144"
    "memorysetup-allocator-temp-initial-block-size-main=262144"
    "memorysetup-allocator-temp-initial-block-size-worker=262144"
    "memorysetup-temp-allocator-size-background-worker=32768"
    "memorysetup-temp-allocator-size-job-worker=262144"
    "memorysetup-temp-allocator-size-preload-manager=33554432"
    "memorysetup-temp-allocator-size-gi-baking-worker=262144"
    "memorysetup-temp-allocator-size-gi-baking-worker=262144"
    "memorysetup-temp-allocator-size-gi-baking-worker=262144"
    "memorysetup-temp-allocator-size-gi-baking-worker=262144"
    "memorysetup-temp-allocator-size-gi-baking-worker=262144"
    "memorysetup-bucket-allocator-granularity=16"
    "memorysetup-bucket-allocator-bucket-count=8"
    "memorysetup-bucket-allocator-block-size=33554432"
    "memorysetup-bucket-allocator-block-count=8"
    "memorysetup-main-allocator-block-size=16777216"
    "memorysetup-thread-allocator-block-size=16777216"
    "memorysetup-gfx-main-allocator-block-size=16777216"
    "memorysetup-gfx-thread-allocator-block-size=16777216"
    "memorysetup-cache-allocator-block-size=4194304"
    "memorysetup-typetree-allocator-block-size=2097152"
    "memorysetup-profiler-bucket-allocator-granularity=16"
    "memorysetup-profiler-bucket-allocator-bucket-count=8"
    "memorysetup-profiler-bucket-allocator-block-size=33554432"
    "memorysetup-profiler-bucket-allocator-block-count=8"
    "memorysetup-profiler-allocator-block-size=16777216"
    "memorysetup-profiler-editor-allocator-block-size=1048576"
    "memorysetup-temp-allocator-size-main=16777216"
    "memorysetup-job-temp-allocator-block-size=2097152"
    "memorysetup-job-temp-allocator-block-size-background=1048576"
    "memorysetup-job-temp-allocator-reduction-small-platforms=262144"
    "memorysetup-temp-allocator-size-cloud-worker=32768"
Player connection [32076]  Target information:

Player connection [32076]  * "[IP] 10.108.24.76 [Port] 55504 [Flags] 2 [Guid] 1307558238 [EditorId] 1307558238 [Version] 1048832 [Id] WindowsEditor(7,DESKTOP-H53P1T4) [Debug] 1 [PackageName] WindowsEditor [ProjectName] Editor" 

Player connection [32076] Host joined multi-casting on [225.0.0.222:54997]...
Player connection [32076] Host joined alternative multi-casting on [225.0.0.222:34997]...
Input System module state changed to: Initialized.
[Physics::Module] Initialized fallback backend.
[Physics::Module] Id: 0xdecafbad
[Package Manager] Connected to IPC stream "Upm-25704" after 1.2 seconds.
[Licensing::Module] Licensing is not yet initialized.
[Licensing::Client] Handshaking with LicensingClient:
  Version:                 1.17.4+4293ba1
  Session Id:              8f1f66f3b2064cbf83c05e49d6e732b2
  Correlation Id:          8ff0299c9ea2bfa3b3b0cb944557b5d3
  External correlation Id: 8791113343626546259
  Machine Id:              nLx//OVipz/9JKx+L1gSxSSFrqs=
[Licensing::Module] Successfully connected to LicensingClient on channel: "LicenseClient-thank" (connect: 0.00s, validation: 0.04s, handshake: 2.41s)
[Licensing::IpcConnector] Successfully connected to: "LicenseClient-thank-notifications" at "2026-03-01T15:02:12.3288898Z"
[Licensing::Module] Error: Access token is unavailable; failed to update
[Licensing::Client] Successfully resolved entitlement details
[Licensing::Module] License group:
  Id: 1825397-UnityPersXXXX
  Product: Unity Personal
  Type: Assigned
  Expiration: Unlimited
[Licensing::Client] Successfully updated license, isAsync: True, time: 0.03
[Licensing::Client] Successfully resolved entitlement details
[Licensing::Module] Licensing Background thread has ended after 2.55s
[Licensing::Module] Licensing is initialized (took 0.50s).
[Licensing::Client] Successfully resolved entitlement details
Library Redirect Path: Library/
[Physics::Module] Selected backend.
[Physics::Module] Name: PhysX
[Physics::Module] Id: 0xf2b8ea05
[Physics::Module] SDK Version: 4.1.2
[Physics::Module] Integration Version: 1.0.0
[Physics::Module] Threading Mode: Multi-Threaded
Refreshing native plugins compatible for Editor in 4.01 ms, found 0 plugins.
Preloading 0 native plugins for Editor in 0.00 ms.
Initialize engine version: 6000.3.6f1 (bbb010bdb8a3)
[Subsystems] Discovering subsystems at path C:/Program Files/Unity/Hub/Editor/6000.3.6f1/Editor/Data/Resources/UnitySubsystems
[Subsystems] Discovering subsystems at path C:/Users/thank/Storage/Game Projects/UnityChatNovelGame/Assets
GfxDevice: creating device client; kGfxThreadingModeNonThreaded
Direct3D:
    Version:  Direct3D 11.0 [level 11.1]
    Renderer: NVIDIA GeForce GTX 1650 Ti (ID=0x1f95)
    Vendor:   NVIDIA
    VRAM:     3935 MB
    Driver:   32.0.15.8157
Initialize mono
Mono path[0] = 'C:/Program Files/Unity/Hub/Editor/6000.3.6f1/Editor/Data/Managed'
Mono path[1] = 'C:/Program Files/Unity/Hub/Editor/6000.3.6f1/Editor/Data/MonoBleedingEdge/lib/mono/unityjit-win32'
Mono config path = 'C:/Program Files/Unity/Hub/Editor/6000.3.6f1/Editor/Data/MonoBleedingEdge/etc'
Using monoOptions --debugger-agent=transport=dt_socket,embedding=1,server=y,suspend=n,address=127.0.0.1:56704
Using cacheserver namespaces - metadata:defaultmetadata, artifacts:defaultartifacts
Using cacheserver namespaces - metadata:defaultmetadata, artifacts:defaultartifacts
ImportWorker Server TCP listen port: 0
AcceleratorClientConnectionCallback - disconnected - :0
Begin MonoManager ReloadAssembly
Registering precompiled unity dll's ...
Register platform support module: C:/Program Files/Unity/Hub/Editor/6000.3.6f1/Editor/Data/PlaybackEngines/WebGLSupport/UnityEditor.WebGL.Extensions.dll
Register platform support module: C:/Program Files/Unity/Hub/Editor/6000.3.6f1/Editor/Data/PlaybackEngines/WindowsStandaloneSupport/UnityEditor.WindowsStandalone.Extensions.dll
Registered in 0.006955 seconds.
- Loaded All Assemblies, in  0.866 seconds
Native extension for WindowsStandalone target not found
Native extension for WebGL target not found
ScheduleIndexationOnStartup MainProcess:False IndexOnStartup:True
Mono: successfully reloaded assembly
- Finished resetting the current domain, in  0.813 seconds
Domain Reload Profiling: 1675ms
	BeginReloadAssembly (305ms)
		ExecutionOrderSort (0ms)
		DisableScriptedObjects (0ms)
		BackupInstance (0ms)
		ReleaseScriptingObjects (0ms)
		CreateAndSetChildDomain (8ms)
	RebuildCommonClasses (78ms)
	RebuildNativeTypeToScriptingClass (20ms)
	initialDomainReloadingComplete (100ms)
	LoadAllAssembliesAndSetupDomain (357ms)
		LoadAssemblies (291ms)
		RebuildTransferFunctionScriptingTraits (0ms)
		AnalyzeDomain (352ms)
			TypeCache.Refresh (349ms)
				TypeCache.ScanAssembly (325ms)
			BuildScriptInfoCaches (1ms)
			ResolveRequiredComponents (1ms)
	FinalizeReload (815ms)
		ReleaseScriptCaches (0ms)
		RebuildScriptCaches (0ms)
		SetupLoadedEditorAssemblies (739ms)
			LogAssemblyErrors (0ms)
			InitializePlatformSupportModulesInManaged (90ms)
			SetLoadedEditorAssemblies (6ms)
			BeforeProcessingInitializeOnLoad (169ms)
			ProcessInitializeOnLoadAttributes (328ms)
			ProcessInitializeOnLoadMethodAttributes (144ms)
			AfterProcessingInitializeOnLoad (0ms)
			EditorAssembliesLoaded (1ms)
		ExecutionOrderSort2 (0ms)
		AwakeInstancesAfterBackupRestoration (0ms)
[Licensing::Client] Successfully resolved entitlement details
Application.AssetDatabase Initial Refresh Start
Package Manager log level set to [2]
[Package Manager] Done resolving packages in 17.57 seconds
[Licensing::Client] Successfully resolved entitlement details
Package 'dev.yarnspinner.unity' has been installed without a signature. For more details, check the Package Manager window (Window > Package Management -> Package Manager).
[Package Manager] Registered 59 packages:
  Packages from [https://package.openupm.com]:
    dev.yarnspinner.unity@3.1.3 (location: C:\Users\thank\Storage\Game Projects\UnityChatNovelGame\Library\PackageCache\dev.yarnspinner.unity@a248c726b002)
  Packages from [https://packages.unity.com]:
    com.unity.2d.enhancers@1.0.0 (location: C:\Users\thank\Storage\Game Projects\UnityChatNovelGame\Library\PackageCache\com.unity.2d.enhancers@1df0eb7756ab)
    com.unity.ai.assistant@1.5.0-pre.2 (location: C:\Users\thank\Storage\Game Projects\UnityChatNovelGame\Library\PackageCache\com.unity.ai.assistant@e6a38fa97d39)
    com.unity.ai.generators@1.5.0-pre.2 (location: C:\Users\thank\Storage\Game Projects\UnityChatNovelGame\Library\PackageCache\com.unity.ai.generators@2330e449f479)
    com.unity.ai.inference@2.5.0 (location: C:\Users\thank\Storage\Game Projects\UnityChatNovelGame\Library\PackageCache\com.unity.ai.inference@e760aa121ec7)
    com.unity.memoryprofiler@1.1.10 (location: C:\Users\thank\Storage\Game Projects\UnityChatNovelGame\Library\PackageCache\com.unity.memoryprofiler@34fef3cbda0a)
    com.unity.nuget.newtonsoft-json@3.2.2 (location: C:\Users\thank\Storage\Game Projects\UnityChatNovelGame\Library\PackageCache\com.unity.nuget.newtonsoft-json@4dfd81071c64)
    com.unity.burst@1.8.27 (location: C:\Users\thank\Storage\Game Projects\UnityChatNovelGame\Library\PackageCache\com.unity.burst@973857688024)
    com.unity.collections@2.6.2 (location: C:\Users\thank\Storage\Game Projects\UnityChatNovelGame\Library\PackageCache\com.unity.collections@aea9d3bd5e19)
    com.unity.mathematics@1.3.3 (location: C:\Users\thank\Storage\Game Projects\UnityChatNovelGame\Library\PackageCache\com.unity.mathematics@19a9377c4ffa)
    com.unity.profiling.core@1.0.3 (location: C:\Users\thank\Storage\Game Projects\UnityChatNovelGame\Library\PackageCache\com.unity.profiling.core@8a49f7027d06)
    com.unity.editorcoroutines@1.0.1 (location: C:\Users\thank\Storage\Game Projects\UnityChatNovelGame\Library\PackageCache\com.unity.editorcoroutines@54394ed3283c)
    com.unity.dt.app-ui@2.1.1 (location: C:\Users\thank\Storage\Game Projects\UnityChatNovelGame\Library\PackageCache\com.unity.dt.app-ui@8ac7e730dd5d)
    com.unity.ai.toolkit@1.5.0-pre.2 (location: C:\Users\thank\Storage\Game Projects\UnityChatNovelGame\Library\PackageCache\com.unity.ai.toolkit@b9677ce01ef8)
    com.unity.cloud.gltfast@6.14.1 (location: C:\Users\thank\Storage\Game Projects\UnityChatNovelGame\Library\PackageCache\com.unity.cloud.gltfast@0847aee0f6da)
    com.unity.serialization@3.1.3 (location: C:\Users\thank\Storage\Game Projects\UnityChatNovelGame\Library\PackageCache\com.unity.serialization@7725fb70c685)
    com.unity.2d.common@12.0.1 (location: C:\Users\thank\Storage\Game Projects\UnityChatNovelGame\Library\PackageCache\com.unity.2d.common@51e9484895c4)
    com.unity.settings-manager@2.1.1 (location: C:\Users\thank\Storage\Game Projects\UnityChatNovelGame\Library\PackageCache\com.unity.settings-manager@0b8638c5ce86)
    com.unity.nuget.mono-cecil@1.11.6 (location: C:\Users\thank\Storage\Game Projects\UnityChatNovelGame\Library\PackageCache\com.unity.nuget.mono-cecil@ecb9724e46ff)
    com.unity.test-framework.performance@3.2.0 (location: C:\Users\thank\Storage\Game Projects\UnityChatNovelGame\Library\PackageCache\com.unity.test-framework.performance@0840f58e4562)
  Built-in packages:
    com.unity.multiplayer.center@1.0.1 (location: C:\Users\thank\Storage\Game Projects\UnityChatNovelGame\Library\PackageCache\com.unity.multiplayer.center@f01f4ba8d00a)
    com.unity.test-framework@1.6.0 (location: C:\Users\thank\Storage\Game Projects\UnityChatNovelGame\Library\PackageCache\com.unity.test-framework@0b7a23ab2e1d)
    com.unity.ugui@2.0.0 (location: C:\Users\thank\Storage\Game Projects\UnityChatNovelGame\Library\PackageCache\com.unity.ugui@b9d1dd437cb9)
    com.unity.modules.accessibility@1.0.0 (location: C:\Users\thank\Storage\Game Projects\UnityChatNovelGame\Library\PackageCache\com.unity.modules.accessibility)
    com.unity.modules.ai@1.0.0 (location: C:\Users\thank\Storage\Game Projects\UnityChatNovelGame\Library\PackageCache\com.unity.modules.ai)
    com.unity.modules.androidjni@1.0.0 (location: C:\Users\thank\Storage\Game Projects\UnityChatNovelGame\Library\PackageCache\com.unity.modules.androidjni)
    com.unity.modules.animation@1.0.0 (location: C:\Users\thank\Storage\Game Projects\UnityChatNovelGame\Library\PackageCache\com.unity.modules.animation)
    com.unity.modules.assetbundle@1.0.0 (location: C:\Users\thank\Storage\Game Projects\UnityChatNovelGame\Library\PackageCache\com.unity.modules.assetbundle)
    com.unity.modules.audio@1.0.0 (location: C:\Users\thank\Storage\Game Projects\UnityChatNovelGame\Library\PackageCache\com.unity.modules.audio)
    com.unity.modules.cloth@1.0.0 (location: C:\Users\thank\Storage\Game Projects\UnityChatNovelGame\Library\PackageCache\com.unity.modules.cloth)
    com.unity.modules.director@1.0.0 (location: C:\Users\thank\Storage\Game Projects\UnityChatNovelGame\Library\PackageCache\com.unity.modules.director)
    com.unity.modules.imageconversion@1.0.0 (location: C:\Users\thank\Storage\Game Projects\UnityChatNovelGame\Library\PackageCache\com.unity.modules.imageconversion)
    com.unity.modules.imgui@1.0.0 (location: C:\Users\thank\Storage\Game Projects\UnityChatNovelGame\Library\PackageCache\com.unity.modules.imgui)
    com.unity.modules.jsonserialize@1.0.0 (location: C:\Users\thank\Storage\Game Projects\UnityChatNovelGame\Library\PackageCache\com.unity.modules.jsonserialize)
    com.unity.modules.particlesystem@1.0.0 (location: C:\Users\thank\Storage\Game Projects\UnityChatNovelGame\Library\PackageCache\com.unity.modules.particlesystem)
    com.unity.modules.physics@1.0.0 (location: C:\Users\thank\Storage\Game Projects\UnityChatNovelGame\Library\PackageCache\com.unity.modules.physics)
    com.unity.modules.physics2d@1.0.0 (location: C:\Users\thank\Storage\Game Projects\UnityChatNovelGame\Library\PackageCache\com.unity.modules.physics2d)
    com.unity.modules.screencapture@1.0.0 (location: C:\Users\thank\Storage\Game Projects\UnityChatNovelGame\Library\PackageCache\com.unity.modules.screencapture)
    com.unity.modules.terrain@1.0.0 (location: C:\Users\thank\Storage\Game Projects\UnityChatNovelGame\Library\PackageCache\com.unity.modules.terrain)
    com.unity.modules.terrainphysics@1.0.0 (location: C:\Users\thank\Storage\Game Projects\UnityChatNovelGame\Library\PackageCache\com.unity.modules.terrainphysics)
    com.unity.modules.tilemap@1.0.0 (location: C:\Users\thank\Storage\Game Projects\UnityChatNovelGame\Library\PackageCache\com.unity.modules.tilemap)
    com.unity.modules.ui@1.0.0 (location: C:\Users\thank\Storage\Game Projects\UnityChatNovelGame\Library\PackageCache\com.unity.modules.ui)
    com.unity.modules.uielements@1.0.0 (location: C:\Users\thank\Storage\Game Projects\UnityChatNovelGame\Library\PackageCache\com.unity.modules.uielements)
    com.unity.modules.umbra@1.0.0 (location: C:\Users\thank\Storage\Game Projects\UnityChatNovelGame\Library\PackageCache\com.unity.modules.umbra)
    com.unity.modules.unityanalytics@1.0.0 (location: C:\Users\thank\Storage\Game Projects\UnityChatNovelGame\Library\PackageCache\com.unity.modules.unityanalytics)
    com.unity.modules.unitywebrequest@1.0.0 (location: C:\Users\thank\Storage\Game Projects\UnityChatNovelGame\Library\PackageCache\com.unity.modules.unitywebrequest)
    com.unity.modules.unitywebrequestassetbundle@1.0.0 (location: C:\Users\thank\Storage\Game Projects\UnityChatNovelGame\Library\PackageCache\com.unity.modules.unitywebrequestassetbundle)
    com.unity.modules.unitywebrequestaudio@1.0.0 (location: C:\Users\thank\Storage\Game Projects\UnityChatNovelGame\Library\PackageCache\com.unity.modules.unitywebrequestaudio)
    com.unity.modules.unitywebrequesttexture@1.0.0 (location: C:\Users\thank\Storage\Game Projects\UnityChatNovelGame\Library\PackageCache\com.unity.modules.unitywebrequesttexture)
    com.unity.modules.unitywebrequestwww@1.0.0 (location: C:\Users\thank\Storage\Game Projects\UnityChatNovelGame\Library\PackageCache\com.unity.modules.unitywebrequestwww)
    com.unity.modules.vehicles@1.0.0 (location: C:\Users\thank\Storage\Game Projects\UnityChatNovelGame\Library\PackageCache\com.unity.modules.vehicles)
    com.unity.modules.video@1.0.0 (location: C:\Users\thank\Storage\Game Projects\UnityChatNovelGame\Library\PackageCache\com.unity.modules.video)
    com.unity.modules.vr@1.0.0 (location: C:\Users\thank\Storage\Game Projects\UnityChatNovelGame\Library\PackageCache\com.unity.modules.vr)
    com.unity.modules.wind@1.0.0 (location: C:\Users\thank\Storage\Game Projects\UnityChatNovelGame\Library\PackageCache\com.unity.modules.wind)
    com.unity.modules.xr@1.0.0 (location: C:\Users\thank\Storage\Game Projects\UnityChatNovelGame\Library\PackageCache\com.unity.modules.xr)
    com.unity.modules.subsystems@1.0.0 (location: C:\Users\thank\Storage\Game Projects\UnityChatNovelGame\Library\PackageCache\com.unity.modules.subsystems)
    com.unity.modules.hierarchycore@1.0.0 (location: C:\Users\thank\Storage\Game Projects\UnityChatNovelGame\Library\PackageCache\com.unity.modules.hierarchycore)
    com.unity.ext.nunit@2.0.5 (location: C:\Users\thank\Storage\Game Projects\UnityChatNovelGame\Library\PackageCache\com.unity.ext.nunit@d8c07649098d)
    com.unity.2d.sprite@1.0.0 (location: C:\Users\thank\Storage\Game Projects\UnityChatNovelGame\Library\PackageCache\com.unity.2d.sprite@82f01c8c75ca)
[Subsystems] No new subsystems found in resolved package list.
[Package Manager] Done registering packages in 0.01 seconds
[ScriptCompilation] Requested script compilation because: Assembly Definition File(s) changed
[ScriptCompilation] Requested script compilation because: Assetdatabase observed changes in script compilation related files
Duplicate assembly 'Microsoft.CodeAnalysis.dll' with different versions detected, using 'Packages/com.unity.ai.assistant/Plugins/CodeAnalysis/Microsoft.CodeAnalysis.dll, AssemblyName=Microsoft.CodeAnalysis, Version=3.11.0.0, Culture=neutral, PublicKeyToken=31bf3856ad364e35' and ignoring 'Packages/dev.yarnspinner.unity/Editor/Analysis/DLLs/Microsoft.CodeAnalysis.dll, AssemblyName=Microsoft.CodeAnalysis, Version=3.8.0.0, Culture=neutral, PublicKeyToken=31bf3856ad364e35'.Duplicate assembly 'System.Reflection.Metadata.dll' with different versions detected, using 'Packages/com.unity.ai.assistant/Plugins/Shared/System.Reflection.Metadata.dll, AssemblyName=System.Reflection.Metadata, Version=10.0.0.1, Culture=neutral, PublicKeyToken=b03f5f7f11d50a3a' and ignoring 'Packages/dev.yarnspinner.unity/Editor/Analysis/DLLs/System.Reflection.Metadata.dll, AssemblyName=System.Reflection.Metadata, Version=5.0.0.0, Culture=neutral, PublicKeyToken=b03f5f7f11d50a3a'.Duplicate assembly 'System.Collections.Immutable.dll' with different versions detected, using 'Packages/com.unity.ai.assistant/Plugins/Shared/System.Collections.Immutable.dll, AssemblyName=System.Collections.Immutable, Version=10.0.0.1, Culture=neutral, PublicKeyToken=b03f5f7f11d50a3a' and ignoring 'Packages/dev.yarnspinner.unity/Editor/Analysis/DLLs/System.Collections.Immutable.dll, AssemblyName=System.Collections.Immutable, Version=5.0.0.0, Culture=neutral, PublicKeyToken=b03f5f7f11d50a3a'.Duplicate assembly 'System.Runtime.CompilerServices.Unsafe.dll' with different versions detected, using 'Packages/com.unity.ai.assistant/Plugins/Shared/System.Runtime.CompilerServices.Unsafe.dll, AssemblyName=System.Runtime.CompilerServices.Unsafe, Version=6.0.3.0, Culture=neutral, PublicKeyToken=b03f5f7f11d50a3a' and ignoring 'Packages/dev.yarnspinner.unity/Editor/Analysis/DLLs/System.Runtime.CompilerServices.Unsafe.dll, AssemblyName=System.Runtime.CompilerServices.Unsafe, Version=4.0.6.0, Culture=neutral, PublicKeyToken=b03f5f7f11d50a3a'.Duplicate assembly 'System.Runtime.CompilerServices.Unsafe.dll' with different versions detected, using 'Packages/com.unity.ai.assistant/Plugins/Shared/System.Runtime.CompilerServices.Unsafe.dll, AssemblyName=System.Runtime.CompilerServices.Unsafe, Version=6.0.3.0, Culture=neutral, PublicKeyToken=b03f5f7f11d50a3a' and ignoring 'Packages/com.unity.collections/Unity.Collections.Tests/System.Runtime.CompilerServices.Unsafe/System.Runtime.CompilerServices.Unsafe.dll, AssemblyName=System.Runtime.CompilerServices.Unsafe, Version=6.0.0.0, Culture=neutral, PublicKeyToken=b03f5f7f11d50a3a'.Duplicate assembly 'Microsoft.CodeAnalysis.CSharp.dll' with different versions detected, using 'Packages/com.unity.ai.assistant/Plugins/CodeAnalysis/Microsoft.CodeAnalysis.CSharp.dll, AssemblyName=Microsoft.CodeAnalysis.CSharp, Version=3.11.0.0, Culture=neutral, PublicKeyToken=31bf3856ad364e35' and ignoring 'Packages/dev.yarnspinner.unity/Editor/Analysis/DLLs/Microsoft.CodeAnalysis.CSharp.dll, AssemblyName=Microsoft.CodeAnalysis.CSharp, Version=3.8.0.0, Culture=neutral, PublicKeyToken=31bf3856ad364e35'.Assembly for Assembly Definition File 'Assets/Plugins/Demigiant/DOTween/Editor/Demigiant.DOTween.Editor.asmdef' will not be compiled, because it has no scripts associated with it.
UnityEngine.Debug:ExtractStackTraceNoAlloc (byte*,int,string)
UnityEngine.StackTraceUtility:ExtractStackTrace ()
UnityEngine.DebugLogHandler:Internal_Log (UnityEngine.LogType,UnityEngine.LogOption,string,UnityEngine.Object)
UnityEngine.DebugLogHandler:LogFormat (UnityEngine.LogType,UnityEngine.Object,string,object[])
UnityEngine.Logger:LogFormat (UnityEngine.LogType,string,object[])
UnityEngine.Debug:LogWarningFormat (string,object[])
UnityEditor.Scripting.ScriptCompilation.EditorCompilation:WarnIfThereAreAssembliesWithoutAnyScripts (UnityEditor.Scripting.ScriptCompilation.ScriptAssemblySettings,UnityEditor.Scripting.ScriptCompilation.ScriptAssembly[])
UnityEditor.Scripting.ScriptCompilation.EditorCompilation:CompileScriptsWithSettings (UnityEditor.Scripting.ScriptCompilation.ScriptAssemblySettings)
UnityEditor.Scripting.ScriptCompilation.EditorCompilation:CompileScripts (UnityEditor.Scripting.ScriptCompilation.EditorScriptCompilationOptions,UnityEditor.BuildTarget,int,string[])
UnityEditor.Scripting.ScriptCompilation.EditorCompilationInterface/<>c__DisplayClass21_0:<CompileScripts>b__0 ()
UnityEditor.Scripting.ScriptCompilation.EditorCompilationInterface:EmitExceptionAsError<UnityEditor.Scripting.ScriptCompilation.EditorCompilation/CompileStatus> (System.Func`1<UnityEditor.Scripting.ScriptCompilation.EditorCompilation/CompileStatus>,UnityEditor.Scripting.ScriptCompilation.EditorCompilation/CompileStatus)
UnityEditor.Scripting.ScriptCompilation.EditorCompilationInterface:CompileScripts (UnityEditor.Scripting.ScriptCompilation.EditorScriptCompilationOptions,UnityEditor.BuildTarget,int,string[])

Clearing Bee directory 'Library/Bee', since bee backend hash ('Library/Bee/bee_backend.info') is different, previous hash was 776c260fcf3ae88b3f569ef26df7f2a7df11a015c416b40021ea03abc83c8afd (Unity version: 6000.3.3f1), current hash is 483e5d7756fa4378947a396324830f6a8e1b7a62ca0463b7e077acee58192884 (Unity version: 6000.3.6f1).
Refreshing native plugins compatible for Editor in 24.85 ms, found 1 plugins.
Starting: C:\Program Files\Unity\Hub\Editor\6000.3.6f1\Editor\Data\Tools\BuildPipeline\bee_backend.exe --ipc --defer-dag-verification --dagfile="Library/Bee/1900b0aE.dag" --continue-on-failure --profile="Library/Bee/backend1.traceevents" ScriptAssemblies
WorkingDir: C:/Users/thank/Storage/Game Projects/UnityChatNovelGame
ExitCode: 4 Duration: 0s117ms
[             ] Require frontend run.  Library/Bee/1900b0aE.dag couldn't be loaded
Starting: C:\Program Files\Unity\Hub\Editor\6000.3.6f1\Editor\Data\netcorerun\netcorerun.exe "C:\Program Files\Unity\Hub\Editor\6000.3.6f1\Editor\Data\Tools\BuildPipeline\ScriptCompilationBuildProgram.exe" "Library/Bee/1900b0aE.dag.json" "Library/Bee/1900b0aE-inputdata.json" "Library\Bee\buildprogram0.traceevents"
WorkingDir: C:/Users/thank/Storage/Game Projects/UnityChatNovelGame
DisplayProgressbar: Compiling Scripts
ExitCode: 0 Duration: 3s305ms
Starting: C:\Program Files\Unity\Hub\Editor\6000.3.6f1\Editor\Data\Tools\BuildPipeline\bee_backend.exe --ipc --defer-dag-verification --dagfile="Library/Bee/1900b0aE.dag" --continue-on-failure --dagfilejson="Library\Bee\1900b0aE.dag.json" --profile="Library/Bee/backend2.traceevents" ScriptAssemblies
WorkingDir: C:/Users/thank/Storage/Game Projects/UnityChatNovelGame
ExitCode: 0 Duration: 47s
Finished compiling graph: 1339 nodes, 26649 flattened edges (21519 ToBuild, 222 ToUse), maximum node priority 1556
[   1/1335  0s] WriteText Library/Bee/artifacts/1900b0aE.dag/UnityEngine.TestRunner.UnityAdditionalFile.txt
[   2/1335  0s] WriteText Library/Bee/artifacts/1900b0aE.dag/UnityEngine.TestRunner.rsp2
[   3/1335  0s] MovedFromExtractor Library/Bee/artifacts/mvdfrm/UnityEditor.UIAutomationModule.dll_6A321DDDA13CFD0F.mvfrm
[   4/1335  0s] MovedFromExtractor Library/Bee/artifacts/mvdfrm/UnityEditor.TextRenderingModule.dll_DEAA2F956298FD9F.mvfrm
[   5/1335  0s] MovedFromExtractor Library/Bee/artifacts/mvdfrm/UnityEditor.TextCoreTextEngineModule.dll_5CB732AF2C43C66F.mvfrm
[   6/1335  0s] MovedFromExtractor Library/Bee/artifacts/mvdfrm/UnityEditor.TilemapModule.dll_181F309AE730035E.mvfrm
[   7/1335  0s] MovedFromExtractor Library/Bee/artifacts/mvdfrm/UnityEditor.UIBuilderModule.dll_4315589B6D6AC657.mvfrm
[   8/1335  0s] MovedFromExtractor Library/Bee/artifacts/mvdfrm/UnityEditor.TreeModule.dll_ACD5A76209C06672.mvfrm
[   9/1335  0s] MovedFromExtractor Library/Bee/artifacts/mvdfrm/UnityEditor.TextCoreFontEngineModule.dll_14CEFC3D9CC00D51.mvfrm
[  10/1335  0s] MovedFromExtractor Library/Bee/artifacts/mvdfrm/UnityEditor.TerrainModule.dll_7922C919CF732255.mvfrm
[  11/1335  0s] MovedFromExtractor Library/Bee/artifacts/mvdfrm/UnityEditor.UmbraModule.dll_A6B1E403498AE349.mvfrm
[  12/1335  0s] MovedFromExtractor Library/Bee/artifacts/mvdfrm/UnityEditor.UIElementsSamplesModule.dll_A1612628120FADCE.mvfrm
[  13/1335  0s] MovedFromExtractor Library/Bee/artifacts/mvdfrm/UnityEditor.UnityConnectModule.dll_B4CB3C6329AD1969.mvfrm
[  14/1335  0s] MovedFromExtractor Library/Bee/artifacts/mvdfrm/UnityEditor.VectorGraphicsModule.dll_5AF13E3BBA3CA482.mvfrm
[  15/1335  0s] MovedFromExtractor Library/Bee/artifacts/mvdfrm/UnityEditor.UIToolkitAuthoringModule.dll_482590CABB469111.mvfrm
[  16/1335  0s] MovedFromExtractor Library/Bee/artifacts/mvdfrm/UnityEditor.UIElementsModule.dll_D2A3C4F4FD83E18F.mvfrm
[  17/1335  0s] MovedFromExtractor Library/Bee/artifacts/mvdfrm/UnityEditor.VFXModule.dll_67307652634961E8.mvfrm
[  18/1335  0s] MovedFromExtractor Library/Bee/artifacts/mvdfrm/UnityEditor.VideoModule.dll_50E6BC557EF6537B.mvfrm
[  19/1335  0s] MovedFromExtractor Library/Bee/artifacts/mvdfrm/UnityEngine.AnimationModule.dll_BD1227A7D50F21C9.mvfrm
[  20/1335  0s] MovedFromExtractor Library/Bee/artifacts/mvdfrm/UnityEditor.XRModule.dll_AFC3B217E1569BDE.mvfrm
[  21/1335  0s] MovedFromExtractor Library/Bee/artifacts/mvdfrm/UnityEngine.AIModule.dll_6D2DBBEFC597F727.mvfrm
[  22/1335  0s] MovedFromExtractor Library/Bee/artifacts/mvdfrm/UnityEngine.AccessibilityModule.dll_C7AC78F110B273E3.mvfrm
[  23/1335  0s] MovedFromExtractor Library/Bee/artifacts/mvdfrm/UnityEngine.AndroidJNIModule.dll_50ECADC846A35065.mvfrm
[  24/1335  0s] MovedFromExtractor Library/Bee/artifacts/mvdfrm/UnityEngine.ARModule.dll_26A080F322B555F0.mvfrm
[  25/1335  0s] MovedFromExtractor Library/Bee/artifacts/mvdfrm/UnityEngine.AudioModule.dll_F209F44EEDE1687B.mvfrm
[  26/1335  0s] MovedFromExtractor Library/Bee/artifacts/mvdfrm/UnityEngine.AssetBundleModule.dll_26F0D15886DC3C17.mvfrm
[  27/1335  0s] MovedFromExtractor Library/Bee/artifacts/mvdfrm/UnityEngine.ClusterRendererModule.dll_139F685588909582.mvfrm
[  28/1335  0s] MovedFromExtractor Library/Bee/artifacts/mvdfrm/UnityEngine.ClothModule.dll_58F25149C7FE475F.mvfrm
[  29/1335  0s] MovedFromExtractor Library/Bee/artifacts/mvdfrm/UnityEngine.ClusterInputModule.dll_3467B178DB34EC2F.mvfrm
[  30/1335  0s] MovedFromExtractor Library/Bee/artifacts/mvdfrm/UnityEngine.ContentLoadModule.dll_C0072A99555EE404.mvfrm
[  31/1335  0s] MovedFromExtractor Library/Bee/artifacts/mvdfrm/UnityEngine.CoreModule.dll_724A85A62A003C5E.mvfrm
[  32/1335  0s] MovedFromExtractor Library/Bee/artifacts/mvdfrm/UnityEngine.CrashReportingModule.dll_2BBC2055D61136B6.mvfrm
[  33/1335  0s] MovedFromExtractor Library/Bee/artifacts/mvdfrm/UnityEngine.dll_23099B1A89DE7ED7.mvfrm
[  34/1335  0s] MovedFromExtractor Library/Bee/artifacts/mvdfrm/UnityEngine.DirectorModule.dll_A842E1594DC3B1FB.mvfrm
[  35/1335  0s] MovedFromExtractor Library/Bee/artifacts/mvdfrm/UnityEngine.DSPGraphModule.dll_AD9442C2C024831C.mvfrm
[  36/1335  0s] MovedFromExtractor Library/Bee/artifacts/mvdfrm/UnityEngine.GIModule.dll_056A04FD6146DF41.mvfrm
[  37/1335  0s] MovedFromExtractor Library/Bee/artifacts/mvdfrm/UnityEngine.GameCenterModule.dll_7B39F7E30CE44156.mvfrm
[  38/1335  0s] MovedFromExtractor Library/Bee/artifacts/mvdfrm/UnityEngine.GridModule.dll_4FBBA1944254D255.mvfrm
[  39/1335  0s] MovedFromExtractor Library/Bee/artifacts/mvdfrm/UnityEngine.GraphicsStateCollectionSerializerModule.dll_B3A41FEB221C79CB.mvfrm
[  40/1335  0s] MovedFromExtractor Library/Bee/artifacts/mvdfrm/UnityEngine.HierarchyCoreModule.dll_3EC715CB7F5FCCD9.mvfrm
[  41/1335  0s] MovedFromExtractor Library/Bee/artifacts/mvdfrm/UnityEngine.ImageConversionModule.dll_7F9166060AB54D76.mvfrm
[  42/1335  0s] MovedFromExtractor Library/Bee/artifacts/mvdfrm/UnityEngine.IdentifiersModule.dll_FF7A594E49550A2F.mvfrm
[  43/1335  0s] MovedFromExtractor Library/Bee/artifacts/mvdfrm/UnityEngine.HotReloadModule.dll_3E5AE5ADB0423D4B.mvfrm
[  44/1335  0s] MovedFromExtractor Library/Bee/artifacts/mvdfrm/UnityEngine.IMGUIModule.dll_2A6993B5B412FC5C.mvfrm
[  45/1335  0s] MovedFromExtractor Library/Bee/artifacts/mvdfrm/UnityEngine.InputLegacyModule.dll_B835EC771ECDF208.mvfrm
[  46/1335  0s] MovedFromExtractor Library/Bee/artifacts/mvdfrm/UnityEngine.InputForUIModule.dll_7DEC51FC6D04DE12.mvfrm
[  47/1335  0s] MovedFromExtractor Library/Bee/artifacts/mvdfrm/UnityEngine.InputModule.dll_587FBBFF64198D1F.mvfrm
[  48/1335  0s] MovedFromExtractor Library/Bee/artifacts/mvdfrm/UnityEngine.JSONSerializeModule.dll_27C4022D0FEDD46D.mvfrm
[  49/1335  0s] MovedFromExtractor Library/Bee/artifacts/mvdfrm/UnityEngine.InsightsModule.dll_4209A9E9D841017A.mvfrm
[  50/1335  0s] MovedFromExtractor Library/Bee/artifacts/mvdfrm/UnityEngine.LocalizationModule.dll_72B47BCB72B0DF28.mvfrm
[  51/1335  0s] MovedFromExtractor Library/Bee/artifacts/mvdfrm/UnityEngine.ParticleSystemModule.dll_7ECE69A24422C244.mvfrm
[  52/1335  0s] MovedFromExtractor Library/Bee/artifacts/mvdfrm/UnityEngine.MarshallingModule.dll_CF596FED6B046969.mvfrm
[  53/1335  0s] MovedFromExtractor Library/Bee/artifacts/mvdfrm/UnityEngine.Physics2DModule.dll_09B81798760C195E.mvfrm
[  54/1335  0s] MovedFromExtractor Library/Bee/artifacts/mvdfrm/UnityEngine.PhysicsBackendPhysXModule.dll_897444FBF774788E.mvfrm
[  55/1335  0s] MovedFromExtractor Library/Bee/artifacts/mvdfrm/UnityEngine.PerformanceReportingModule.dll_1B9CA0E636CFAF1D.mvfrm
[  56/1335  0s] MovedFromExtractor Library/Bee/artifacts/mvdfrm/UnityEngine.RenderAs2DModule.dll_E9ACF9A75F29EFC9.mvfrm
[  57/1335  0s] MovedFromExtractor Library/Bee/artifacts/mvdfrm/UnityEngine.PropertiesModule.dll_A87537217FCFA592.mvfrm
[  58/1335  0s] MovedFromExtractor Library/Bee/artifacts/mvdfrm/UnityEngine.PhysicsModule.dll_515706555EC3C0AC.mvfrm
[  59/1335  0s] MovedFromExtractor Library/Bee/artifacts/mvdfrm/UnityEngine.RuntimeInitializeOnLoadManagerInitializerModule.dll_02FE943A75E94627.mvfrm
[  60/1335  0s] MovedFromExtractor Library/Bee/artifacts/mvdfrm/UnityEngine.ShaderRuntimeModule.dll_5784221F60B5DE58.mvfrm
[  61/1335  0s] MovedFromExtractor Library/Bee/artifacts/mvdfrm/UnityEngine.ScreenCaptureModule.dll_41ABAFB2245A00CF.mvfrm
[  62/1335  0s] MovedFromExtractor Library/Bee/artifacts/mvdfrm/UnityEngine.ShaderVariantAnalyticsModule.dll_69D4E3E7C745C3A5.mvfrm
[  63/1335  0s] MovedFromExtractor Library/Bee/artifacts/mvdfrm/UnityEngine.SpriteShapeModule.dll_4051FEB33C7E7421.mvfrm
[  64/1335  0s] MovedFromExtractor Library/Bee/artifacts/mvdfrm/UnityEngine.SharedInternalsModule.dll_03A2A4DB81E348C6.mvfrm
[  65/1335  0s] MovedFromExtractor Library/Bee/artifacts/mvdfrm/UnityEngine.StreamingModule.dll_71A714F82496D907.mvfrm
[  66/1335  0s] MovedFromExtractor Library/Bee/artifacts/mvdfrm/UnityEngine.SpriteMaskModule.dll_64666A732E53D6D0.mvfrm
[  67/1335  0s] MovedFromExtractor Library/Bee/artifacts/mvdfrm/UnityEditor.AdaptivePerformanceModule.dll_EED0C8B8D972E2CA.mvfrm
[  68/1335  0s] MovedFromExtractor Library/Bee/artifacts/mvdfrm/UnityEngine.SubstanceModule.dll_4E5229416FE9D715.mvfrm
[  69/1335  0s] MovedFromExtractor Library/Bee/artifacts/mvdfrm/UnityEngine.SubsystemsModule.dll_CF13D0D4FC9BBEE3.mvfrm
[  70/1335  0s] MovedFromExtractor Library/Bee/artifacts/mvdfrm/UnityEditor.AssetComplianceModule.dll_46CDB5D293916C2B.mvfrm
[  71/1335  0s] MovedFromExtractor Library/Bee/artifacts/mvdfrm/UnityEngine.TerrainModule.dll_6B9D81C43482099A.mvfrm
[  72/1335  0s] MovedFromExtractor Library/Bee/artifacts/mvdfrm/UnityEngine.TerrainPhysicsModule.dll_7F4912755D65BCD1.mvfrm
[  73/1335  0s] MovedFromExtractor Library/Bee/artifacts/mvdfrm/UnityEngine.TextRenderingModule.dll_6AEB21BCDB9180C4.mvfrm
[  74/1335  0s] MovedFromExtractor Library/Bee/artifacts/mvdfrm/UnityEngine.TextCoreFontEngineModule.dll_932E7790AFBDCC1C.mvfrm
[  75/1335  0s] MovedFromExtractor Library/Bee/artifacts/mvdfrm/UnityEngine.TextCoreTextEngineModule.dll_DB16AE023F41853A.mvfrm
[  76/1335  0s] MovedFromExtractor Library/Bee/artifacts/mvdfrm/UnityEngine.TilemapModule.dll_0A99E9454C3EEAA3.mvfrm
[  77/1335  0s] MovedFromExtractor Library/Bee/artifacts/mvdfrm/UnityEngine.TLSModule.dll_F2738036FC8C0680.mvfrm
[  78/1335  0s] MovedFromExtractor Library/Bee/artifacts/mvdfrm/UnityEngine.UIElementsModule.dll_D352323CFFC7FADA.mvfrm
[  79/1335  0s] MovedFromExtractor Library/Bee/artifacts/mvdfrm/UnityEngine.UIModule.dll_68A15A1D21DEFCD3.mvfrm
[  80/1335  0s] MovedFromExtractor Library/Bee/artifacts/mvdfrm/UnityEngine.UmbraModule.dll_6CDEA0677B0813EE.mvfrm
[  81/1335  0s] MovedFromExtractor Library/Bee/artifacts/mvdfrm/UnityEngine.UnityAnalyticsModule.dll_9E6DDA6BF04A1440.mvfrm
[  82/1335  0s] MovedFromExtractor Library/Bee/artifacts/mvdfrm/UnityEngine.UnityAnalyticsCommonModule.dll_B6DB5E2A50B84D7B.mvfrm
[  83/1335  0s] MovedFromExtractor Library/Bee/artifacts/mvdfrm/UnityEngine.UnityConnectModule.dll_A22AC07224351A14.mvfrm
[  84/1335  0s] MovedFromExtractor Library/Bee/artifacts/mvdfrm/UnityEngine.UnityConsentModule.dll_73D0579E313FB064.mvfrm
[  85/1335  0s] MovedFromExtractor Library/Bee/artifacts/mvdfrm/UnityEngine.UnityCurlModule.dll_F02EC8D9452313B6.mvfrm
[  86/1335  0s] MovedFromExtractor Library/Bee/artifacts/mvdfrm/UnityEngine.UnityWebRequestAudioModule.dll_9398F4C4BD3A79B5.mvfrm
[  87/1335  0s] MovedFromExtractor Library/Bee/artifacts/mvdfrm/UnityEngine.UnityWebRequestAssetBundleModule.dll_60C9CE41A4496711.mvfrm
[  88/1335  0s] MovedFromExtractor Library/Bee/artifacts/mvdfrm/UnityEditor.AccessibilityModule.dll_3B6B86C997B9F0BE.mvfrm
[  89/1335  0s] MovedFromExtractor Library/Bee/artifacts/mvdfrm/UnityEngine.UnityWebRequestModule.dll_91306DB015A9E7F5.mvfrm
[  90/1335  0s] MovedFromExtractor Library/Bee/artifacts/mvdfrm/UnityEngine.UnityWebRequestTextureModule.dll_A91AC6371B79882A.mvfrm
[  91/1335  0s] MovedFromExtractor Library/Bee/artifacts/mvdfrm/UnityEngine.UnityWebRequestWWWModule.dll_A5D8F35E2F0141A6.mvfrm
[  92/1335  0s] MovedFromExtractor Library/Bee/artifacts/mvdfrm/UnityEngine.VehiclesModule.dll_2005DAD8C7ED8196.mvfrm
[  93/1335  0s] MovedFromExtractor Library/Bee/artifacts/mvdfrm/UnityEngine.VFXModule.dll_735218A5D2F96FED.mvfrm
[  94/1335  0s] MovedFromExtractor Library/Bee/artifacts/mvdfrm/UnityEngine.VirtualTexturingModule.dll_269B5BBE1A621D7C.mvfrm
[  95/1335  0s] MovedFromExtractor Library/Bee/artifacts/mvdfrm/UnityEngine.VRModule.dll_BB7380A2C399824B.mvfrm
[  96/1335  0s] MovedFromExtractor Library/Bee/artifacts/mvdfrm/UnityEngine.VideoModule.dll_171378B9B0738420.mvfrm
[  97/1335  0s] MovedFromExtractor Library/Bee/artifacts/mvdfrm/UnityEngine.WindModule.dll_E89960CEBB36BAC7.mvfrm
[  98/1335  0s] MovedFromExtractor Library/Bee/artifacts/mvdfrm/UnityEngine.XRModule.dll_EE3243A74CD3CFA9.mvfrm
[  99/1335  0s] MovedFromExtractor Library/Bee/artifacts/mvdfrm/UnityEditor.BuildProfileModule.dll_B9912EED04C9344F.mvfrm
[ 100/1335  0s] MovedFromExtractor Library/Bee/artifacts/mvdfrm/UnityEditor.CoreBusinessMetricsModule.dll_6EBBC232FFBA11C4.mvfrm
[ 101/1335  0s] MovedFromExtractor Library/Bee/artifacts/mvdfrm/UnityEditor.SpriteShapeModule.dll_3A8C2F242A44639C.mvfrm
[ 102/1335  0s] MovedFromExtractor Library/Bee/artifacts/mvdfrm/UnityEditor.ClothModule.dll_92C594E5968116BA.mvfrm
[ 103/1335  0s] MovedFromExtractor Library/Bee/artifacts/mvdfrm/UnityEditor.SubstanceModule.dll_986C38588A6A2530.mvfrm
[ 104/1335  0s] MovedFromExtractor Library/Bee/artifacts/mvdfrm/UnityEditor.CoreModule.dll_4F29B25381FAD133.mvfrm
[ 105/1335  0s] MovedFromExtractor Library/Bee/artifacts/mvdfrm/UnityEditor.DiagnosticsModule.dll_57F81D59CB9E8ACC.mvfrm
[ 106/1335  0s] MovedFromExtractor Library/Bee/artifacts/mvdfrm/UnityEditor.DeviceSimulatorModule.dll_0DF2A5E418D587FE.mvfrm
[ 107/1335  0s] MovedFromExtractor Library/Bee/artifacts/mvdfrm/UnityEditor.dll_F06554422B6AF1F2.mvfrm
[ 108/1335  0s] MovedFromExtractor Library/Bee/artifacts/mvdfrm/UnityEditor.EditorToolbarModule.dll_71679C9C114FA20E.mvfrm
[ 109/1335  0s] MovedFromExtractor Library/Bee/artifacts/mvdfrm/UnityEditor.GIModule.dll_C6FB736DF5C9AB76.mvfrm
[ 110/1335  0s] MovedFromExtractor Library/Bee/artifacts/mvdfrm/UnityEditor.EmbreeModule.dll_EFE5C534CF2CADDC.mvfrm
[ 111/1335  0s] MovedFromExtractor Library/Bee/artifacts/mvdfrm/UnityEditor.GraphicsStateCollectionSerializerModule.dll_AAB052FB551D3066.mvfrm
[ 112/1335  0s] MovedFromExtractor Library/Bee/artifacts/mvdfrm/UnityEditor.GraphViewModule.dll_EE8CAB7EFAB24D23.mvfrm
[ 113/1335  0s] MovedFromExtractor Library/Bee/artifacts/mvdfrm/UnityEditor.GridAndSnapModule.dll_61B103DB4F0347BB.mvfrm
[ 114/1335  0s] MovedFromExtractor Library/Bee/artifacts/mvdfrm/UnityEditor.GridModule.dll_2C9ACE419A4F672A.mvfrm
[ 115/1335  0s] MovedFromExtractor Library/Bee/artifacts/mvdfrm/UnityEngine.MultiplayerModule.dll_A698EDE53FA3C98F.mvfrm
[ 116/1335  0s] MovedFromExtractor Library/Bee/artifacts/mvdfrm/UnityEditor.HierarchyModule.dll_DC00B25AB8918BE5.mvfrm
[ 117/1335  0s] MovedFromExtractor Library/Bee/artifacts/mvdfrm/UnityEditor.LevelPlayModule.dll_8DE2336F21245468.mvfrm
[ 118/1335  0s] MovedFromExtractor Library/Bee/artifacts/mvdfrm/UnityEditor.InAppPurchasingModule.dll_4427B0F9C0FDED2A.mvfrm
[ 119/1335  0s] MovedFromExtractor Library/Bee/artifacts/mvdfrm/UnityEditor.MediaModule.dll_F79D517C3AB0C064.mvfrm
[ 120/1335  0s] MovedFromExtractor Library/Bee/artifacts/mvdfrm/UnityEditor.MultiplayerModule.dll_A0D31E562D69B90A.mvfrm
[ 121/1335  0s] MovedFromExtractor Library/Bee/artifacts/mvdfrm/UnityEditor.PlayModeModule.dll_F320109268C1E9DB.mvfrm
[ 122/1335  0s] MovedFromExtractor Library/Bee/artifacts/mvdfrm/UnityEditor.PhysicsModule.dll_5EDC4DAAF9B4D967.mvfrm
[ 123/1335  0s] MovedFromExtractor Library/Bee/artifacts/mvdfrm/UnityEditor.Physics2DModule.dll_53D226AF908C6779.mvfrm
[ 124/1335  0s] MovedFromExtractor Library/Bee/artifacts/mvdfrm/UnityEditor.PresetsUIModule.dll_A9F2E460FD0AA528.mvfrm
[ 125/1335  0s] MovedFromExtractor Library/Bee/artifacts/mvdfrm/UnityEditor.QuickSearchModule.dll_E3079E6724758725.mvfrm
[ 126/1335  0s] MovedFromExtractor Library/Bee/artifacts/mvdfrm/UnityEditor.PropertiesModule.dll_A7C6C9D97D8B8C47.mvfrm
[ 127/1335  0s] MovedFromExtractor Library/Bee/artifacts/mvdfrm/UnityEditor.SafeModeModule.dll_AD2C1ED8C9F8DA74.mvfrm
[ 128/1335  0s] WriteText Library/Bee/artifacts/1900b0aE.dag/UnityEngine.UI.rsp2
[ 129/1335  0s] WriteText Library/Bee/artifacts/1900b0aE.dag/UnityEngine.UI.UnityAdditionalFile.txt
[ 130/1335  0s] WriteText Library/Bee/artifacts/1900b0aE.dag/UnityEngine.TestRunner.dll.mvfrm.rsp
[ 131/1335  0s] WriteText Library/Bee/artifacts/1900b0aE.dag/UnityEngine.TestRunner.rsp
[ 132/1335  0s] WriteText Library/Bee/artifacts/1900b0aE.dag/UnityEditor.TestRunner.rsp2
[ 133/1335  0s] WriteText Library/Bee/artifacts/1900b0aE.dag/UnityEditor.TestRunner.UnityAdditionalFile.txt
[ 134/1335  0s] MovedFromExtractor Library/Bee/artifacts/mvdfrm/UnityEditor.ShaderCompilationModule.dll_AD2F889FF513A29E.mvfrm
[ 135/1335  0s] MovedFromExtractor Library/Bee/artifacts/mvdfrm/UnityEditor.SceneTemplateModule.dll_95070D5A103C4C46.mvfrm
[ 136/1335  0s] MovedFromExtractor Library/Bee/artifacts/mvdfrm/UnityEditor.ShaderBuildSettingsModule.dll_F6F70F61AC72140C.mvfrm
[ 137/1335  0s] MovedFromExtractor Library/Bee/artifacts/mvdfrm/UnityEditor.SceneViewModule.dll_2D3C8E86EFD51A31.mvfrm
[ 138/1335  0s] MovedFromExtractor Library/Bee/artifacts/mvdfrm/UnityEditor.ShaderFoundryModule.dll_D3E6DD9D32EBC8D4.mvfrm
[ 139/1335  0s] MovedFromExtractor Library/Bee/artifacts/mvdfrm/UnityEditor.SketchUpModule.dll_95410429152A768B.mvfrm
[ 140/1335  0s] MovedFromExtractor Library/Bee/artifacts/mvdfrm/UnityEditor.WebGL.Extensions.dll_D76B379B1259A02D.mvfrm
[ 141/1335  0s] MovedFromExtractor Library/Bee/artifacts/mvdfrm/UnityEditor.SpriteMaskModule.dll_63B7FD2B2C0FBD85.mvfrm
[ 142/1335  0s] MovedFromExtractor Library/Bee/artifacts/mvdfrm/UnityEditor.Graphs.dll_E890F2C79AC06865.mvfrm
[ 143/1335  0s] MovedFromExtractor Library/Bee/artifacts/mvdfrm/Unity.Collections.LowLevel.ILSupport.dll_921D3F57B2557A8B.mvfrm
[ 144/1335  0s] WriteText Library/Bee/artifacts/1900b0aE.dag/UnityEngine.UI.dll.mvfrm.rsp
[ 145/1335  0s] WriteText Library/Bee/artifacts/1900b0aE.dag/UnityEngine.UI.rsp
[ 146/1335  0s] WriteText Library/Bee/artifacts/1900b0aE.dag/UnityEditor.TestRunner.dll.mvfrm.rsp
[ 147/1335  0s] WriteText Library/Bee/artifacts/1900b0aE.dag/UnityEditor.TestRunner.rsp
[ 148/1335  0s] WriteText Library/Bee/artifacts/1900b0aE.dag/UnityEditor.UI.UnityAdditionalFile.txt
[ 149/1335  0s] WriteText Library/Bee/artifacts/1900b0aE.dag/UnityEditor.UI.rsp2
[ 150/1335  0s] WriteText Library/Bee/artifacts/1900b0aE.dag/UnityEditor.UI.dll.mvfrm.rsp
[ 151/1335  0s] WriteText Library/Bee/artifacts/1900b0aE.dag/UnityEditor.UI.rsp
[ 152/1335  0s] WriteText Library/Bee/artifacts/1900b0aE.dag/Unity.Mathematics.rsp2
[ 153/1335  0s] WriteText Library/Bee/artifacts/1900b0aE.dag/Unity.Mathematics.UnityAdditionalFile.txt
[ 154/1335  0s] WriteText Library/Bee/artifacts/1900b0aE.dag/Unity.Burst.rsp2
[ 155/1335  0s] WriteText Library/Bee/artifacts/1900b0aE.dag/Unity.Burst.UnityAdditionalFile.txt
[ 156/1335  0s] WriteText Library/Bee/artifacts/1900b0aE.dag/Unity.Mathematics.dll.mvfrm.rsp
[ 157/1335  0s] WriteText Library/Bee/artifacts/1900b0aE.dag/Unity.Mathematics.rsp
[ 158/1335  0s] MovedFromExtractor Library/Bee/artifacts/mvdfrm/UnityEditor.WindowsStandalone.Extensions.dll_444EC118D334CE9D.mvfrm
[ 159/1335  0s] MovedFromExtractor Library/Bee/artifacts/mvdfrm/UnityEngine.AdaptivePerformanceModule.dll_AF605D6F14B835CF.mvfrm
[ 160/1335  0s] WriteText Library/Bee/artifacts/1900b0aE.dag/Unity.Burst.dll.mvfrm.rsp
[ 161/1335  0s] WriteText Library/Bee/artifacts/1900b0aE.dag/Unity.Burst.rsp
[ 162/1335  0s] WriteText Library/Bee/artifacts/1900b0aE.dag/Unity.Collections.rsp2
[ 163/1335  0s] WriteText Library/Bee/artifacts/1900b0aE.dag/Unity.Collections.UnityAdditionalFile.txt
[ 164/1335  0s] WriteText Library/Bee/artifacts/1900b0aE.dag/Unity.AI.Toolkit.Async.UnityAdditionalFile.txt
[ 165/1335  0s] WriteText Library/Bee/artifacts/1900b0aE.dag/Unity.AI.Toolkit.Async.rsp2
[ 166/1335  0s] WriteText Library/Bee/artifacts/1900b0aE.dag/Unity.Collections.dll.mvfrm.rsp
[ 167/1335  0s] WriteText Library/Bee/artifacts/1900b0aE.dag/Unity.Collections.rsp
[ 168/1335  0s] WriteText Library/Bee/artifacts/1900b0aE.dag/Unity.AI.Toolkit.Utility.rsp2
[ 169/1335  0s] WriteText Library/Bee/artifacts/1900b0aE.dag/Unity.AI.Toolkit.Utility.UnityAdditionalFile.txt
[ 170/1335  0s] WriteText Library/Bee/artifacts/1900b0aE.dag/Unity.Burst.CodeGen.UnityAdditionalFile.txt
[ 171/1335  0s] WriteText Library/Bee/artifacts/1900b0aE.dag/Unity.Burst.CodeGen.rsp2
[ 172/1335  0s] WriteText Library/Bee/artifacts/1900b0aE.dag/Unity.Collections.CodeGen.UnityAdditionalFile.txt
[ 173/1335  0s] WriteText Library/Bee/artifacts/1900b0aE.dag/Unity.Collections.CodeGen.rsp2
[ 174/1335  0s] WriteText Library/Bee/artifacts/1900b0aE.dag/Unity.AI.Toolkit.Async.dll.mvfrm.rsp
[ 175/1335  0s] WriteText Library/Bee/artifacts/1900b0aE.dag/Unity.AI.Toolkit.Async.rsp
[ 176/1335  0s] WriteText Library/Bee/artifacts/1900b0aE.dag/Unity.AI.Generators.Contexts.rsp2
[ 177/1335  0s] WriteText Library/Bee/artifacts/1900b0aE.dag/Unity.AI.Generators.Contexts.UnityAdditionalFile.txt
[ 178/1335  0s] WriteText Library/Bee/artifacts/1900b0aE.dag/Unity.AI.Toolkit.Utility.dll.mvfrm.rsp
[ 179/1335  0s] WriteText Library/Bee/artifacts/1900b0aE.dag/Unity.AI.Toolkit.Utility.rsp
[ 180/1335  0s] WriteText Library/Bee/artifacts/1900b0aE.dag/Unity.AI.Toolkit.Asset.rsp2
[ 181/1335  0s] WriteText Library/Bee/artifacts/1900b0aE.dag/Unity.AI.Toolkit.Asset.UnityAdditionalFile.txt
[ 182/1335  0s] WriteText Library/Bee/artifacts/1900b0aE.dag/Unity.AI.Generators.Contexts.dll.mvfrm.rsp
[ 183/1335  0s] WriteText Library/Bee/artifacts/1900b0aE.dag/Unity.AI.Generators.Contexts.rsp
[ 184/1335  0s] WriteText Library/Bee/artifacts/1900b0aE.dag/Unity.AI.Generators.Redux.UnityAdditionalFile.txt
[ 185/1335  0s] WriteText Library/Bee/artifacts/1900b0aE.dag/Unity.AI.Generators.Redux.rsp2
[ 186/1335  0s] WriteText Library/Bee/artifacts/1900b0aE.dag/Unity.AI.Toolkit.Compliance.rsp2
[ 187/1335  0s] WriteText Library/Bee/artifacts/1900b0aE.dag/Unity.AI.Toolkit.Compliance.UnityAdditionalFile.txt
[ 188/1335  0s] WriteText Library/Bee/artifacts/1900b0aE.dag/Unity.AI.Toolkit.Asset.dll.mvfrm.rsp
[ 189/1335  0s] WriteText Library/Bee/artifacts/1900b0aE.dag/Unity.AI.Toolkit.Asset.rsp
[ 190/1335  0s] WriteText Library/Bee/artifacts/1900b0aE.dag/Unity.AI.Toolkit.Accounts.rsp2
[ 191/1335  0s] WriteText Library/Bee/artifacts/1900b0aE.dag/Unity.AI.Toolkit.Accounts.UnityAdditionalFile.txt
[ 192/1335  0s] WriteText Library/Bee/artifacts/1900b0aE.dag/Unity.AI.Generators.Redux.dll.mvfrm.rsp
[ 193/1335  0s] WriteText Library/Bee/artifacts/1900b0aE.dag/Unity.AI.Generators.Redux.rsp
[ 194/1335  0s] WriteText Library/Bee/artifacts/1900b0aE.dag/Unity.AI.Toolkit.Compliance.dll.mvfrm.rsp
[ 195/1335  0s] WriteText Library/Bee/artifacts/1900b0aE.dag/Unity.AI.Toolkit.Compliance.rsp
[ 196/1335  0s] WriteText Library/Bee/artifacts/1900b0aE.dag/Unity.AI.Generators.Asset.UnityAdditionalFile.txt
[ 197/1335  0s] WriteText Library/Bee/artifacts/1900b0aE.dag/Unity.AI.Generators.Asset.rsp2
[ 198/1335  0s] MovedFromExtractor Library/Bee/artifacts/mvdfrm/UnityEngine.NVIDIAModule.dll_47F6DD1C2CC9C88A.mvfrm
[ 199/1335  0s] MovedFromExtractor Library/Bee/artifacts/mvdfrm/UnityEngine.AMDModule.dll_F3E3BCD1D55B8B2D.mvfrm
[ 200/1335  0s] MovedFromExtractor Library/Bee/artifacts/mvdfrm/UnityEngine.HierarchyModule.dll_91E6A3439E113DCA.mvfrm
[ 201/1335  0s] MovedFromExtractor-Combine Library/Bee/artifacts/1900b0aE.dag/UnityEngine.TestRunner.dll.mvfrm
[ 202/1335  0s] MovedFromExtractor-Combine Library/Bee/artifacts/1900b0aE.dag/UnityEngine.UI.dll.mvfrm
[ 203/1335  0s] MovedFromExtractor Library/Bee/artifacts/mvdfrm/UnityEngine.VectorGraphicsModule.dll_16159FD6D629388D.mvfrm
[ 204/1335  0s] MovedFromExtractor Library/Bee/artifacts/mvdfrm/Unity.CompilationPipeline.Common.dll_124EFC9C93DFE581.mvfrm
[ 205/1335  0s] WriteText Library/Bee/artifacts/1900b0aE.dag/Unity.Collections.CodeGen.dll.mvfrm.rsp
[ 206/1335  0s] WriteText Library/Bee/artifacts/1900b0aE.dag/Unity.Burst.CodeGen.dll.mvfrm.rsp
[ 207/1335  0s] WriteText Library/Bee/artifacts/1900b0aE.dag/Unity.Burst.CodeGen.rsp
[ 208/1335  0s] WriteText Library/Bee/artifacts/1900b0aE.dag/Unity.Collections.CodeGen.rsp
[ 209/1335  0s] WriteText Library/Bee/artifacts/1900b0aE.dag/Unity.AI.Toolkit.Accounts.dll.mvfrm.rsp
[ 210/1335  0s] WriteText Library/Bee/artifacts/1900b0aE.dag/Unity.AI.Toolkit.Accounts.rsp
[ 211/1335  0s] WriteText Library/Bee/artifacts/1900b0aE.dag/Unity.AI.Generators.Asset.dll.mvfrm.rsp
[ 212/1335  0s] WriteText Library/Bee/artifacts/1900b0aE.dag/Unity.AI.Generators.Asset.rsp
[ 213/1335  0s] WriteText Library/Bee/artifacts/1900b0aE.dag/Unity.Serialization.UnityAdditionalFile.txt
[ 214/1335  0s] WriteText Library/Bee/artifacts/1900b0aE.dag/Unity.Serialization.rsp2
[ 215/1335  0s] WriteText Library/Bee/artifacts/1900b0aE.dag/Unity.Serialization.dll.mvfrm.rsp
[ 216/1335  0s] WriteText Library/Bee/artifacts/1900b0aE.dag/Unity.Serialization.rsp
[ 217/1335  0s] WriteText Library/Bee/artifacts/1900b0aE.dag/Unity.AI.Generators.IO.UnityAdditionalFile.txt
[ 218/1335  0s] WriteText Library/Bee/artifacts/1900b0aE.dag/Unity.AI.Generators.IO.rsp2
[ 219/1335  0s] WriteText Library/Bee/artifacts/1900b0aE.dag/Unity.2D.Sprite.Editor.UnityAdditionalFile.txt
[ 220/1335  0s] WriteText Library/Bee/artifacts/1900b0aE.dag/Unity.2D.Sprite.Editor.rsp2
[ 221/1335  0s] WriteText Library/Bee/artifacts/1900b0aE.dag/Unity.AI.Assistant.Runtime.rsp2
[ 222/1335  0s] WriteText Library/Bee/artifacts/1900b0aE.dag/Unity.AI.Assistant.Runtime.UnityAdditionalFile.txt
[ 223/1335  0s] WriteText Library/Bee/artifacts/1900b0aE.dag/Unity.AI.Assistant.Bridge.Editor.UnityAdditionalFile.txt
[ 224/1335  0s] WriteText Library/Bee/artifacts/1900b0aE.dag/Unity.AI.Assistant.Bridge.Editor.rsp2
[ 225/1335  0s] WriteText Library/Bee/artifacts/1900b0aE.dag/Unity.InternalAPIEngineBridge.004.rsp2
[ 226/1335  0s] WriteText Library/Bee/artifacts/1900b0aE.dag/Unity.InternalAPIEngineBridge.004.UnityAdditionalFile.txt
[ 227/1335  0s] WriteText Library/Bee/artifacts/1900b0aE.dag/Unity.AI.Generators.IO.dll.mvfrm.rsp
[ 228/1335  0s] WriteText Library/Bee/artifacts/1900b0aE.dag/Unity.AI.Assistant.Agent.Dynamic.Extension.Editor.UnityAdditionalFile.txt
[ 229/1335  0s] WriteText Library/Bee/artifacts/1900b0aE.dag/Unity.AI.Assistant.Agent.Dynamic.Extension.Editor.rsp2
[ 230/1335  0s] WriteText Library/Bee/artifacts/1900b0aE.dag/Unity.AI.Generators.IO.rsp
[ 231/1335  0s] WriteText Library/Bee/artifacts/1900b0aE.dag/Unity.2D.Sprite.Editor.dll.mvfrm.rsp
[ 232/1335  0s] WriteText Library/Bee/artifacts/1900b0aE.dag/Unity.2D.Sprite.Editor.rsp
[ 233/1335  0s] WriteText Library/Bee/artifacts/1900b0aE.dag/Unity.AI.Assistant.Runtime.dll.mvfrm.rsp
[ 234/1335  0s] WriteText Library/Bee/artifacts/1900b0aE.dag/Unity.AI.Assistant.Runtime.rsp
[ 235/1335  0s] WriteText Library/Bee/artifacts/1900b0aE.dag/Unity.InferenceEngine.rsp2
[ 236/1335  0s] WriteText Library/Bee/artifacts/1900b0aE.dag/Unity.InferenceEngine.UnityAdditionalFile.txt
[ 237/1335  0s] WriteText Library/Bee/artifacts/1900b0aE.dag/Unity.AI.Assistant.Bridge.Editor.dll.mvfrm.rsp
[ 238/1335  0s] WriteText Library/Bee/artifacts/1900b0aE.dag/Unity.AI.Assistant.Bridge.Editor.rsp
[ 239/1335  0s] WriteText Library/Bee/artifacts/1900b0aE.dag/Unity.AI.Assistant.Agent.Dynamic.Extension.Editor.dll.mvfrm.rsp
[ 240/1335  0s] WriteText Library/Bee/artifacts/1900b0aE.dag/Unity.AI.Assistant.Agent.Dynamic.Extension.Editor.rsp
[ 241/1335  0s] WriteText Library/Bee/artifacts/1900b0aE.dag/Unity.AppUI.InternalAPIBridge.rsp2
[ 242/1335  0s] WriteText Library/Bee/artifacts/1900b0aE.dag/Unity.AppUI.InternalAPIBridge.UnityAdditionalFile.txt
[ 243/1335  0s] WriteText Library/Bee/artifacts/1900b0aE.dag/Unity.InternalAPIEngineBridge.004.dll.mvfrm.rsp
[ 244/1335  0s] WriteText Library/Bee/artifacts/1900b0aE.dag/Unity.AI.Generators.UI.UnityAdditionalFile.txt
[ 245/1335  0s] WriteText Library/Bee/artifacts/1900b0aE.dag/Unity.AI.Generators.UI.rsp2
[ 246/1335  0s] WriteText Library/Bee/artifacts/1900b0aE.dag/Unity.InternalAPIEngineBridge.004.rsp
[ 247/1335  0s] WriteText Library/Bee/artifacts/1900b0aE.dag/Unity.AI.Generators.Sdk.UnityAdditionalFile.txt
[ 248/1335  0s] WriteText Library/Bee/artifacts/1900b0aE.dag/Unity.AI.Generators.Sdk.rsp2
[ 249/1335  0s] WriteText Library/Bee/artifacts/1900b0aE.dag/Unity.TextMeshPro.rsp2
[ 250/1335  0s] WriteText Library/Bee/artifacts/1900b0aE.dag/Unity.TextMeshPro.UnityAdditionalFile.txt
[ 251/1335  0s] WriteText Library/Bee/artifacts/1900b0aE.dag/Unity.AI.Assistant.Editor.UnityAdditionalFile.txt
[ 252/1335  0s] WriteText Library/Bee/artifacts/1900b0aE.dag/Unity.AI.Assistant.Editor.rsp2
[ 253/1335  0s] WriteText Library/Bee/artifacts/1900b0aE.dag/Unity.InferenceEngine.dll.mvfrm.rsp
[ 254/1335  0s] WriteText Library/Bee/artifacts/1900b0aE.dag/Unity.InferenceEngine.rsp
[ 255/1335  0s] WriteText Library/Bee/artifacts/1900b0aE.dag/Unity.AppUI.InternalAPIBridge.dll.mvfrm.rsp
[ 256/1335  0s] WriteText Library/Bee/artifacts/1900b0aE.dag/Unity.AppUI.InternalAPIBridge.rsp
[ 257/1335  0s] WriteText Library/Bee/artifacts/1900b0aE.dag/Unity.AI.Generators.UI.dll.mvfrm.rsp
[ 258/1335  0s] WriteText Library/Bee/artifacts/1900b0aE.dag/Unity.AI.Assistant.Editor.dll.mvfrm.rsp
[ 259/1335  0s] WriteText Library/Bee/artifacts/1900b0aE.dag/Unity.AI.Assistant.Editor.rsp
[ 260/1335  0s] WriteText Library/Bee/artifacts/1900b0aE.dag/Unity.AI.Generators.Sdk.dll.mvfrm.rsp
[ 261/1335  0s] WriteText Library/Bee/artifacts/1900b0aE.dag/Unity.AI.Generators.UI.rsp
[ 262/1335  0s] WriteText Library/Bee/artifacts/1900b0aE.dag/HFDownloader.rsp2
[ 263/1335  0s] WriteText Library/Bee/artifacts/1900b0aE.dag/HFDownloader.UnityAdditionalFile.txt
[ 264/1335  0s] WriteText Library/Bee/artifacts/1900b0aE.dag/Unity.AI.Generators.Sdk.rsp
[ 265/1335  0s] WriteResponseFile Library/Bee/artifacts/rsp/4747638433968585886.rsp
[ 266/1335  0s] WriteText Library/Bee/artifacts/1900b0aE.dag/Unity.TextMeshPro.dll.mvfrm.rsp
[ 267/1335  0s] WriteText Library/Bee/artifacts/1900b0aE.dag/Unity.AppUI.UnityAdditionalFile.txt
[ 268/1335  0s] WriteText Library/Bee/artifacts/1900b0aE.dag/Unity.AppUI.rsp2
[ 269/1335  0s] WriteText Library/Bee/artifacts/1900b0aE.dag/Unity.TextMeshPro.rsp
[ 270/1335  0s] WriteText Library/Bee/artifacts/1900b0aE.dag/HFDownloader.dll.mvfrm.rsp
[ 271/1335  0s] WriteText Library/Bee/artifacts/1900b0aE.dag/HFDownloader.rsp
[ 272/1335  0s] WriteText Library/Bee/artifacts/1900b0aE.dag/Unity.AI.ModelSelector.UnityAdditionalFile.txt
[ 273/1335  0s] WriteText Library/Bee/artifacts/1900b0aE.dag/Unity.AI.ModelSelector.rsp2
[ 274/1335  0s] WriteText Library/Bee/artifacts/1900b0aE.dag/Unity.AI.Generators.UI.AIDropdownIntegrations.UnityAdditionalFile.txt
[ 275/1335  0s] WriteText Library/Bee/artifacts/1900b0aE.dag/Unity.AI.Toolkit.GenerationObjectPicker.UnityAdditionalFile.txt
[ 276/1335  0s] WriteText Library/Bee/artifacts/1900b0aE.dag/Unity.AI.Generators.UI.AIDropdownIntegrations.rsp2
[ 277/1335  0s] WriteText Library/Bee/artifacts/1900b0aE.dag/Unity.AI.Search.Editor.rsp2
[ 278/1335  0s] WriteText Library/Bee/artifacts/1900b0aE.dag/Unity.AI.Toolkit.GenerationContextMenu.rsp2
[ 279/1335  0s] WriteText Library/Bee/artifacts/1900b0aE.dag/Unity.AI.Toolkit.GenerationContextMenu.UnityAdditionalFile.txt
[ 280/1335  0s] WriteText Library/Bee/artifacts/1900b0aE.dag/Unity.AI.Toolkit.GenerationObjectPicker.rsp2
[ 281/1335  0s] WriteText Library/Bee/artifacts/1900b0aE.dag/Unity.AI.Search.Editor.UnityAdditionalFile.txt
[ 282/1335  0s] WriteText Library/Bee/artifacts/1900b0aE.dag/Unity.AI.Search.Editor.dll.mvfrm.rsp
[ 283/1335  0s] WriteText Library/Bee/artifacts/1900b0aE.dag/Unity.AppUI.dll.mvfrm.rsp
[ 284/1335  0s] WriteText Library/Bee/artifacts/1900b0aE.dag/Unity.AI.Search.Editor.rsp
[ 285/1335  0s] WriteText Library/Bee/artifacts/1900b0aE.dag/Unity.AppUI.rsp
[ 286/1335  0s] WriteText Library/Bee/artifacts/1900b0aE.dag/Unity.AI.Assistant.Tools.Editor.UnityAdditionalFile.txt
[ 287/1335  0s] WriteText Library/Bee/artifacts/1900b0aE.dag/Unity.AI.ModelSelector.dll.mvfrm.rsp
[ 288/1335  0s] WriteText Library/Bee/artifacts/1900b0aE.dag/Unity.AI.Assistant.Tools.Editor.rsp2
[ 289/1335  0s] WriteText Library/Bee/artifacts/1900b0aE.dag/glTFast.rsp2
[ 290/1335  0s] WriteText Library/Bee/artifacts/1900b0aE.dag/glTFast.UnityAdditionalFile.txt
[ 291/1335  0s] WriteText Library/Bee/artifacts/1900b0aE.dag/Unity.AI.Toolkit.GenerationContextMenu.dll.mvfrm.rsp
[ 292/1335  0s] WriteText Library/Bee/artifacts/1900b0aE.dag/Unity.AI.ModelSelector.rsp
[ 293/1335  0s] WriteText Library/Bee/artifacts/1900b0aE.dag/Unity.AI.Toolkit.GenerationObjectPicker.dll.mvfrm.rsp
[ 294/1335  0s] WriteText Library/Bee/artifacts/1900b0aE.dag/Unity.AI.Generators.UI.AIDropdownIntegrations.dll.mvfrm.rsp
[ 295/1335  0s] WriteText Library/Bee/artifacts/1900b0aE.dag/Unity.AI.Toolkit.GenerationContextMenu.rsp
[ 296/1335  0s] WriteText Library/Bee/artifacts/1900b0aE.dag/Unity.AI.Generators.UI.AIDropdownIntegrations.rsp
[ 297/1335  0s] WriteText Library/Bee/artifacts/1900b0aE.dag/Unity.AI.Toolkit.GenerationObjectPicker.rsp
[ 298/1335  0s] WriteText Library/Bee/artifacts/1900b0aE.dag/YarnSpinner.Unity.UnityAdditionalFile.txt
[ 299/1335  0s] WriteText Library/Bee/artifacts/1900b0aE.dag/YarnSpinner.Unity.rsp2
[ 300/1335  0s] WriteText Library/Bee/artifacts/1900b0aE.dag/Demigiant.DOTween.UnityAdditionalFile.txt
[ 301/1335  0s] WriteText Library/Bee/artifacts/1900b0aE.dag/Demigiant.DOTween.rsp2
[ 302/1335  0s] WriteText Library/Bee/artifacts/1900b0aE.dag/Unity.AI.Assistant.Tools.Editor.dll.mvfrm.rsp
[ 303/1335  0s] WriteText Library/Bee/artifacts/1900b0aE.dag/Unity.AI.Assistant.Tools.Editor.rsp
[ 304/1335  0s] WriteText Library/Bee/artifacts/1900b0aE.dag/glTFast.dll.mvfrm.rsp
[ 305/1335  0s] WriteText Library/Bee/artifacts/1900b0aE.dag/YarnSpinner.Unity.dll.mvfrm.rsp
[ 306/1335  0s] WriteText Library/Bee/artifacts/1900b0aE.dag/Demigiant.DOTween.dll.mvfrm.rsp
[ 307/1335  0s] WriteText Library/Bee/artifacts/1900b0aE.dag/YarnSpinner.Unity.rsp
[ 308/1335  0s] WriteText Library/Bee/artifacts/1900b0aE.dag/ProjectFoundPhone.UnityAdditionalFile.txt
[ 309/1335  0s] WriteText Library/Bee/artifacts/1900b0aE.dag/ProjectFoundPhone.rsp2
[ 310/1335  0s] WriteText Library/Bee/artifacts/1900b0aE.dag/glTFast.rsp
[ 311/1335  0s] WriteText Library/Bee/artifacts/1900b0aE.dag/Demigiant.DOTween.rsp
[ 312/1335  0s] WriteText Library/Bee/artifacts/1900b0aE.dag/Unity.AI.Image.UnityAdditionalFile.txt
[ 313/1335  0s] WriteText Library/Bee/artifacts/1900b0aE.dag/Unity.AppUI.Redux.rsp2
[ 314/1335  0s] WriteText Library/Bee/artifacts/1900b0aE.dag/Unity.AppUI.Redux.UnityAdditionalFile.txt
[ 315/1335  0s] WriteText Library/Bee/artifacts/1900b0aE.dag/Unity.AI.Image.rsp2
[ 316/1335  0s] WriteText Library/Bee/artifacts/1900b0aE.dag/Unity.Profiling.Core.rsp2
[ 317/1335  0s] WriteText Library/Bee/artifacts/1900b0aE.dag/Unity.Profiling.Core.UnityAdditionalFile.txt
[ 318/1335  0s] WriteText Library/Bee/artifacts/1900b0aE.dag/Unity.MemoryProfiler.rsp2
[ 319/1335  0s] WriteText Library/Bee/artifacts/1900b0aE.dag/Unity.MemoryProfiler.UnityAdditionalFile.txt
[ 320/1335  0s] WriteText Library/Bee/artifacts/1900b0aE.dag/Unity.EditorCoroutines.Editor.rsp2
[ 321/1335  0s] WriteText Library/Bee/artifacts/1900b0aE.dag/Unity.EditorCoroutines.Editor.UnityAdditionalFile.txt
[ 322/1335  0s] WriteText Library/Bee/artifacts/1900b0aE.dag/Unity.AI.Assistant.UI.Editor.rsp2
[ 323/1335  0s] WriteText Library/Bee/artifacts/1900b0aE.dag/ProjectFoundPhone.Utils.UnityAdditionalFile.txt
[ 324/1335  0s] WriteText Library/Bee/artifacts/1900b0aE.dag/Unity.AI.Assistant.UI.Editor.UnityAdditionalFile.txt
[ 325/1335  0s] WriteText Library/Bee/artifacts/1900b0aE.dag/ProjectFoundPhone.Utils.rsp2
[ 326/1335  0s] WriteText Library/Bee/artifacts/1900b0aE.dag/Unity.Profiling.Core.dll.mvfrm.rsp
[ 327/1335  0s] WriteText Library/Bee/artifacts/1900b0aE.dag/Unity.MemoryProfiler.dll.mvfrm.rsp
[ 328/1335  0s] WriteText Library/Bee/artifacts/1900b0aE.dag/Unity.AI.Image.dll.mvfrm.rsp
[ 329/1335  0s] WriteText Library/Bee/artifacts/1900b0aE.dag/Unity.EditorCoroutines.Editor.dll.mvfrm.rsp
[ 330/1335  0s] WriteText Library/Bee/artifacts/1900b0aE.dag/glTFast.Export.rsp2
[ 331/1335  0s] WriteText Library/Bee/artifacts/1900b0aE.dag/glTFast.Export.UnityAdditionalFile.txt
[ 332/1335  0s] WriteText Library/Bee/artifacts/1900b0aE.dag/Unity.AI.Assistant.UI.Editor.dll.mvfrm.rsp
[ 333/1335  0s] WriteText Library/Bee/artifacts/1900b0aE.dag/Unity.AppUI.Redux.dll.mvfrm.rsp
[ 334/1335  0s] WriteText Library/Bee/artifacts/1900b0aE.dag/Unity.Profiling.Core.rsp
[ 335/1335  0s] WriteText Library/Bee/artifacts/1900b0aE.dag/Unity.MemoryProfiler.rsp
[ 336/1335  0s] WriteText Library/Bee/artifacts/1900b0aE.dag/Unity.AI.Image.rsp
[ 337/1335  0s] WriteText Library/Bee/artifacts/1900b0aE.dag/Unity.EditorCoroutines.Editor.rsp
[ 338/1335  0s] WriteText Library/Bee/artifacts/1900b0aE.dag/Unity.InferenceEngine.Microsoft.Msagl.rsp2
[ 339/1335  0s] WriteText Library/Bee/artifacts/1900b0aE.dag/Unity.InferenceEngine.Microsoft.Msagl.UnityAdditionalFile.txt
[ 340/1335  0s] WriteText Library/Bee/artifacts/1900b0aE.dag/Unity.AppUI.Redux.rsp
[ 341/1335  0s] WriteText Library/Bee/artifacts/1900b0aE.dag/Unity.AI.Assistant.UI.Editor.rsp
[ 342/1335  0s] WriteText Library/Bee/artifacts/1900b0aE.dag/ProjectFoundPhone.dll.mvfrm.rsp
[ 343/1335  0s] WriteText Library/Bee/artifacts/1900b0aE.dag/Unity.AppUI.Editor.rsp2
[ 344/1335  0s] WriteText Library/Bee/artifacts/1900b0aE.dag/Unity.AppUI.Editor.UnityAdditionalFile.txt
[ 345/1335  0s] WriteText Library/Bee/artifacts/1900b0aE.dag/Unity.2D.Common.Runtime.rsp2
[ 346/1335  0s] WriteText Library/Bee/artifacts/1900b0aE.dag/Unity.2D.Common.Runtime.UnityAdditionalFile.txt
[ 347/1335  0s] WriteText Library/Bee/artifacts/1900b0aE.dag/ProjectFoundPhone.Utils.dll.mvfrm.rsp
[ 348/1335  0s] WriteText Library/Bee/artifacts/1900b0aE.dag/ProjectFoundPhone.rsp
[ 349/1335  0s] WriteText Library/Bee/artifacts/1900b0aE.dag/glTFast.Export.dll.mvfrm.rsp
[ 350/1335  0s] WriteText Library/Bee/artifacts/1900b0aE.dag/Unity.InferenceEngine.Microsoft.Msagl.dll.mvfrm.rsp
[ 351/1335  0s] WriteText Library/Bee/artifacts/1900b0aE.dag/ProjectFoundPhone.Utils.rsp
[ 352/1335  0s] WriteText Library/Bee/artifacts/1900b0aE.dag/Unity.InferenceEngine.Microsoft.Msagl.rsp
[ 353/1335  0s] WriteText Library/Bee/artifacts/1900b0aE.dag/glTFast.Export.rsp
[ 354/1335  0s] WriteText Library/Bee/artifacts/1900b0aE.dag/Unity.Multiplayer.Center.Common.UnityAdditionalFile.txt
[ 355/1335  0s] WriteText Library/Bee/artifacts/1900b0aE.dag/Unity.2D.Enhancers.Editor.AIBridge.UnityAdditionalFile.txt
[ 356/1335  0s] WriteText Library/Bee/artifacts/1900b0aE.dag/Unity.2D.Enhancers.Editor.AIBridge.rsp2
[ 357/1335  0s] WriteText Library/Bee/artifacts/1900b0aE.dag/Unity.InternalAPIEditorBridge.001.UnityAdditionalFile.txt
[ 358/1335  0s] WriteText Library/Bee/artifacts/1900b0aE.dag/Unity.Multiplayer.Center.Common.rsp2
[ 359/1335  0s] WriteText Library/Bee/artifacts/1900b0aE.dag/Unity.InternalAPIEditorBridge.001.rsp2
[ 360/1335  0s] WriteText Library/Bee/artifacts/1900b0aE.dag/Unity.AppUI.Navigation.rsp2
[ 361/1335  0s] WriteText Library/Bee/artifacts/1900b0aE.dag/Unity.AppUI.Navigation.UnityAdditionalFile.txt
[ 362/1335  0s] WriteText Library/Bee/artifacts/1900b0aE.dag/Unity.AI.Assistant.API.Editor.UnityAdditionalFile.txt
[ 363/1335  0s] WriteText Library/Bee/artifacts/1900b0aE.dag/Unity.AI.Assistant.API.Editor.rsp2
[ 364/1335  0s] WriteText Library/Bee/artifacts/1900b0aE.dag/Unity.MemoryProfiler.Editor.UnityAdditionalFile.txt
[ 365/1335  0s] WriteText Library/Bee/artifacts/1900b0aE.dag/Unity.MemoryProfiler.Editor.rsp2
[ 366/1335  0s] WriteText Library/Bee/artifacts/1900b0aE.dag/Unity.InferenceEngine.ONNX.Editor.UnityAdditionalFile.txt
[ 367/1335  0s] WriteText Library/Bee/artifacts/1900b0aE.dag/Unity.InferenceEngine.ONNX.Editor.rsp2
[ 368/1335  0s] WriteText Library/Bee/artifacts/1900b0aE.dag/glTFast.Editor.rsp2
[ 369/1335  0s] WriteText Library/Bee/artifacts/1900b0aE.dag/glTFast.Editor.UnityAdditionalFile.txt
[ 370/1335  0s] WriteText Library/Bee/artifacts/1900b0aE.dag/Unity.AI.Pbr.Srp.rsp2
[ 371/1335  0s] WriteText Library/Bee/artifacts/1900b0aE.dag/Unity.AI.Animate.Motion.Runtime.UnityAdditionalFile.txt
[ 372/1335  0s] WriteText Library/Bee/artifacts/1900b0aE.dag/Unity.AI.Pbr.Srp.UnityAdditionalFile.txt
[ 373/1335  0s] WriteText Library/Bee/artifacts/1900b0aE.dag/Unity.AI.Animate.Motion.Runtime.rsp2
[ 374/1335  0s] WriteText Library/Bee/artifacts/1900b0aE.dag/Unity.2D.Common.Runtime.dll.mvfrm.rsp
[ 375/1335  0s] WriteText Library/Bee/artifacts/1900b0aE.dag/Unity.AppUI.Editor.dll.mvfrm.rsp
[ 376/1335  0s] WriteText Library/Bee/artifacts/1900b0aE.dag/Unity.2D.Common.Runtime.rsp
[ 377/1335  0s] WriteText Library/Bee/artifacts/1900b0aE.dag/Unity.AppUI.Editor.rsp
[ 378/1335  0s] WriteText Library/Bee/artifacts/1900b0aE.dag/Unity.InferenceEngine.Editor.Visualizer.UnityAdditionalFile.txt
[ 379/1335  0s] WriteText Library/Bee/artifacts/1900b0aE.dag/Unity.MemoryProfiler.Editor.dll.mvfrm.rsp
[ 380/1335  0s] WriteText Library/Bee/artifacts/1900b0aE.dag/Unity.Multiplayer.Center.Common.dll.mvfrm.rsp
[ 381/1335  0s] WriteText Library/Bee/artifacts/1900b0aE.dag/ProjectFoundPhone.Dev.rsp2
[ 382/1335  0s] WriteText Library/Bee/artifacts/1900b0aE.dag/ProjectFoundPhone.Dev.UnityAdditionalFile.txt
[ 383/1335  0s] WriteText Library/Bee/artifacts/1900b0aE.dag/Unity.AI.Assistant.API.Editor.dll.mvfrm.rsp
[ 384/1335  0s] WriteText Library/Bee/artifacts/1900b0aE.dag/Unity.InternalAPIEditorBridge.001.dll.mvfrm.rsp
[ 385/1335  0s] WriteText Library/Bee/artifacts/1900b0aE.dag/Unity.2D.Enhancers.Editor.AIBridge.dll.mvfrm.rsp
[ 386/1335  0s] MovedFromExtractor Library/Bee/artifacts/mvdfrm/Unity.Burst.Unsafe.dll_81CA6259A5C76F3C.mvfrm
[ 387/1335  0s] WriteText Library/Bee/artifacts/1900b0aE.dag/Unity.AI.Pbr.Srp.dll.mvfrm.rsp
[ 388/1335  0s] WriteText Library/Bee/artifacts/1900b0aE.dag/Unity.AI.Animate.Motion.Runtime.dll.mvfrm.rsp
[ 389/1335  0s] WriteText Library/Bee/artifacts/1900b0aE.dag/Unity.InferenceEngine.ONNX.Editor.dll.mvfrm.rsp
[ 390/1335  0s] WriteText Library/Bee/artifacts/1900b0aE.dag/Unity.InferenceEngine.Editor.Visualizer.rsp2
[ 391/1335  0s] WriteText Library/Bee/artifacts/1900b0aE.dag/Unity.Multiplayer.Center.Common.rsp
[ 392/1335  0s] WriteText Library/Bee/artifacts/1900b0aE.dag/Unity.AI.Animate.Motion.Runtime.rsp
[ 393/1335  0s] WriteText Library/Bee/artifacts/1900b0aE.dag/Unity.InferenceEngine.ONNX.Editor.rsp
[ 394/1335  0s] WriteText Library/Bee/artifacts/1900b0aE.dag/Unity.AI.Assistant.API.Editor.rsp
[ 395/1335  0s] WriteText Library/Bee/artifacts/1900b0aE.dag/Unity.AI.Pbr.Srp.rsp
[ 396/1335  0s] WriteText Library/Bee/artifacts/1900b0aE.dag/Unity.AppUI.Navigation.dll.mvfrm.rsp
[ 397/1335  0s] WriteText Library/Bee/artifacts/1900b0aE.dag/Unity.2D.Enhancers.Editor.AIBridge.rsp
[ 398/1335  0s] WriteText Library/Bee/artifacts/1900b0aE.dag/Unity.InternalAPIEditorBridge.001.rsp
[ 399/1335  0s] WriteText Library/Bee/artifacts/1900b0aE.dag/glTFast.Editor.dll.mvfrm.rsp
[ 400/1335  0s] WriteText Library/Bee/artifacts/1900b0aE.dag/Unity.AppUI.Navigation.rsp
[ 401/1335  0s] WriteText Library/Bee/artifacts/1900b0aE.dag/Unity.MemoryProfiler.Editor.rsp
[ 402/1335  0s] WriteText Library/Bee/artifacts/1900b0aE.dag/Unity.InferenceEngine.Editor.Visualizer.dll.mvfrm.rsp
[ 403/1335  0s] WriteText Library/Bee/artifacts/1900b0aE.dag/glTFast.Editor.rsp
[ 404/1335  0s] WriteText Library/Bee/artifacts/1900b0aE.dag/ProjectFoundPhone.Tests.UnityAdditionalFile.txt
[ 405/1335  0s] WriteText Library/Bee/artifacts/1900b0aE.dag/ProjectFoundPhone.Tests.rsp2
[ 406/1335  0s] WriteText Library/Bee/artifacts/1900b0aE.dag/Unity.InferenceEngine.Editor.Visualizer.rsp
[ 407/1335  0s] WriteText Library/Bee/artifacts/1900b0aE.dag/ProjectFoundPhone.Dev.dll.mvfrm.rsp
[ 408/1335  0s] WriteText Library/Bee/artifacts/1900b0aE.dag/ProjectFoundPhone.Dev.rsp
[ 409/1335  0s] WriteText Library/Bee/artifacts/1900b0aE.dag/ProjectFoundPhone.Tests.dll.mvfrm.rsp
[ 410/1335  0s] WriteText Library/Bee/artifacts/1900b0aE.dag/Unity.AI.Sound.rsp2
[ 411/1335  0s] WriteText Library/Bee/artifacts/1900b0aE.dag/Unity.AI.Animate.rsp2
[ 412/1335  0s] WriteText Library/Bee/artifacts/1900b0aE.dag/Unity.AI.Animate.UnityAdditionalFile.txt
[ 413/1335  0s] WriteText Library/Bee/artifacts/1900b0aE.dag/Unity.AI.Sound.UnityAdditionalFile.txt
[ 414/1335  0s] WriteText Library/Bee/artifacts/1900b0aE.dag/Unity.AI.Pbr.rsp2
[ 415/1335  0s] WriteText Library/Bee/artifacts/1900b0aE.dag/Unity.AI.Pbr.UnityAdditionalFile.txt
[ 416/1335  0s] WriteText Library/Bee/artifacts/1900b0aE.dag/Unity.AI.Mesh.rsp2
[ 417/1335  0s] WriteText Library/Bee/artifacts/1900b0aE.dag/Unity.AI.Mesh.UnityAdditionalFile.txt
[ 418/1335  0s] WriteText Library/Bee/artifacts/1900b0aE.dag/ProjectFoundPhone.Editor.UnityAdditionalFile.txt
[ 419/1335  0s] WriteText Library/Bee/artifacts/1900b0aE.dag/MCPForUnity.Runtime.UnityAdditionalFile.txt
[ 420/1335  0s] WriteText Library/Bee/artifacts/1900b0aE.dag/MCPForUnity.Runtime.rsp2
[ 421/1335  0s] WriteText Library/Bee/artifacts/1900b0aE.dag/ProjectFoundPhone.Editor.rsp2
[ 422/1335  0s] WriteText Library/Bee/artifacts/1900b0aE.dag/ProjectFoundPhone.Tests.rsp
[ 423/1335  0s] WriteText Library/Bee/artifacts/1900b0aE.dag/Unity.2D.Sprite.AIIntegration.Editor.rsp2
[ 424/1335  0s] WriteText Library/Bee/artifacts/1900b0aE.dag/Unity.MemoryProfiler.Editor.MemoryProfilerModule.UnityAdditionalFile.txt
[ 425/1335  0s] WriteText Library/Bee/artifacts/1900b0aE.dag/Unity.AI.Assistant.Integrations.Profiler.Editor.UnityAdditionalFile.txt
[ 426/1335  0s] WriteText Library/Bee/artifacts/1900b0aE.dag/Unity.MemoryProfiler.Editor.MemoryProfilerModule.rsp2
[ 427/1335  0s] WriteText Library/Bee/artifacts/1900b0aE.dag/Unity.AI.Assistant.Integrations.Profiler.Editor.rsp2
[ 428/1335  0s] WriteText Library/Bee/artifacts/1900b0aE.dag/Unity.Multiplayer.Center.Editor.UnityAdditionalFile.txt
[ 429/1335  0s] WriteText Library/Bee/artifacts/1900b0aE.dag/Unity.AppUI.MVVM.UnityAdditionalFile.txt
[ 430/1335  0s] WriteText Library/Bee/artifacts/1900b0aE.dag/Unity.Serialization.Editor.UnityAdditionalFile.txt
[ 431/1335  0s] WriteText Library/Bee/artifacts/1900b0aE.dag/Unity.Serialization.Editor.rsp2
[ 432/1335  0s] WriteText Library/Bee/artifacts/1900b0aE.dag/Unity.AppUI.MVVM.rsp2
[ 433/1335  0s] WriteText Library/Bee/artifacts/1900b0aE.dag/Unity.AppUI.Navigation.Editor.UnityAdditionalFile.txt
[ 434/1335  0s] WriteText Library/Bee/artifacts/1900b0aE.dag/Unity.AppUI.Navigation.Editor.rsp2
[ 435/1335  0s] WriteText Library/Bee/artifacts/1900b0aE.dag/Unity.Settings.Editor.UnityAdditionalFile.txt
[ 436/1335  0s] WriteText Library/Bee/artifacts/1900b0aE.dag/Unity.Settings.Editor.rsp2
[ 437/1335  0s] WriteText Library/Bee/artifacts/1900b0aE.dag/Unity.AppUI.Redux.Editor.UnityAdditionalFile.txt
[ 438/1335  0s] WriteText Library/Bee/artifacts/1900b0aE.dag/Unity.TextMeshPro.Editor.UnityAdditionalFile.txt
[ 439/1335  0s] WriteText Library/Bee/artifacts/1900b0aE.dag/Unity.AppUI.Redux.Editor.rsp2
[ 440/1335  0s] WriteText Library/Bee/artifacts/1900b0aE.dag/Unity.AppUI.Undo.UnityAdditionalFile.txt
[ 441/1335  0s] WriteText Library/Bee/artifacts/1900b0aE.dag/Unity.AppUI.Undo.rsp2
[ 442/1335  0s] WriteText Library/Bee/artifacts/1900b0aE.dag/Unity.TextMeshPro.Editor.rsp2
[ 443/1335  0s] WriteText Library/Bee/artifacts/1900b0aE.dag/Unity.AI.Animate.dll.mvfrm.rsp
[ 444/1335  0s] WriteText Library/Bee/artifacts/1900b0aE.dag/Unity.Burst.Editor.UnityAdditionalFile.txt
[ 445/1335  0s] WriteText Library/Bee/artifacts/1900b0aE.dag/UnityEditor.UI.Analytics.UnityAdditionalFile.txt
[ 446/1335  0s] WriteText Library/Bee/artifacts/1900b0aE.dag/Unity.Burst.Editor.rsp2
[ 447/1335  0s] WriteText Library/Bee/artifacts/1900b0aE.dag/UnityEditor.UI.Analytics.rsp2
[ 448/1335  0s] WriteText Library/Bee/artifacts/1900b0aE.dag/Unity.Collections.Editor.UnityAdditionalFile.txt
[ 449/1335  0s] WriteText Library/Bee/artifacts/1900b0aE.dag/Unity.2D.Sprite.AIIntegration.Editor.UnityAdditionalFile.txt
[ 450/1335  0s] WriteText Library/Bee/artifacts/1900b0aE.dag/Unity.Collections.Editor.rsp2
[ 451/1335  0s] WriteText Library/Bee/artifacts/1900b0aE.dag/Unity.Multiplayer.Center.Editor.rsp2
[ 452/1335  0s] WriteText Library/Bee/artifacts/1900b0aE.dag/Unity.InferenceEngine.Editor.UnityAdditionalFile.txt
[ 453/1335  0s] WriteText Library/Bee/artifacts/1900b0aE.dag/Unity.AI.Mesh.dll.mvfrm.rsp
[ 454/1335  0s] WriteText Library/Bee/artifacts/1900b0aE.dag/Unity.InferenceEngine.Editor.rsp2
[ 455/1335  0s] WriteText Library/Bee/artifacts/1900b0aE.dag/Unity.AI.Pbr.dll.mvfrm.rsp
[ 456/1335  0s] WriteText Library/Bee/artifacts/1900b0aE.dag/Unity.InferenceEngine.MacBLAS.UnityAdditionalFile.txt
[ 457/1335  0s] WriteText Library/Bee/artifacts/1900b0aE.dag/Unity.AI.Sound.dll.mvfrm.rsp
[ 458/1335  0s] WriteText Library/Bee/artifacts/1900b0aE.dag/Unity.2D.Common.Editor.UnityAdditionalFile.txt
[ 459/1335  0s] WriteText Library/Bee/artifacts/1900b0aE.dag/Unity.2D.Common.Editor.rsp2
[ 460/1335  0s] WriteText Library/Bee/artifacts/1900b0aE.dag/Unity.InferenceEngine.MacBLAS.rsp2
[ 461/1335  0s] WriteText Library/Bee/artifacts/1900b0aE.dag/Unity.InferenceEngine.Tokenization.UnityAdditionalFile.txt
[ 462/1335  0s] WriteText Library/Bee/artifacts/1900b0aE.dag/Unity.InferenceEngine.Tokenization.rsp2
[ 463/1335  0s] WriteText Library/Bee/artifacts/1900b0aE.dag/Unity.2D.Common.Path.Editor.UnityAdditionalFile.txt
[ 464/1335  0s] WriteText Library/Bee/artifacts/1900b0aE.dag/Unity.2D.Common.Path.Editor.rsp2
[ 465/1335  0s] WriteText Library/Bee/artifacts/1900b0aE.dag/Unity.InferenceEngine.iOSBLAS.UnityAdditionalFile.txt
[ 466/1335  0s] WriteText Library/Bee/artifacts/1900b0aE.dag/Unity.2D.Enhancers.Editor.UnityAdditionalFile.txt
[ 467/1335  0s] WriteText Library/Bee/artifacts/1900b0aE.dag/Unity.InferenceEngine.iOSBLAS.rsp2
[ 468/1335  0s] WriteText Library/Bee/artifacts/1900b0aE.dag/Unity.2D.Enhancers.Editor.rsp2
[ 469/1335  0s] WriteText Library/Bee/artifacts/1900b0aE.dag/Unity.InternalAPIEngineBridge.001.UnityAdditionalFile.txt
[ 470/1335  0s] WriteText Library/Bee/artifacts/1900b0aE.dag/Unity.InternalAPIEngineBridge.001.rsp2
[ 471/1335  0s] WriteText Library/Bee/artifacts/1900b0aE.dag/Unity.Mathematics.Editor.UnityAdditionalFile.txt
[ 472/1335  0s] WriteText Library/Bee/artifacts/1900b0aE.dag/Unity.Mathematics.Editor.rsp2
[ 473/1335  0s] WriteText Library/Bee/artifacts/1900b0aE.dag/Unity.AI.Sound.rsp
[ 474/1335  0s] WriteText Library/Bee/artifacts/1900b0aE.dag/Unity.AI.Pbr.rsp
[ 475/1335  0s] WriteText Library/Bee/artifacts/1900b0aE.dag/Unity.AI.Mesh.rsp
[ 476/1335  0s] WriteText Library/Bee/artifacts/1900b0aE.dag/MCPForUnity.Runtime.dll.mvfrm.rsp
[ 477/1335  0s] WriteText Library/Bee/artifacts/1900b0aE.dag/ProjectFoundPhone.Editor.dll.mvfrm.rsp
[ 478/1335  0s] WriteText Library/Bee/artifacts/1900b0aE.dag/Unity.2D.Sprite.AIIntegration.Editor.dll.mvfrm.rsp
[ 479/1335  0s] WriteText Library/Bee/artifacts/1900b0aE.dag/Unity.AI.Assistant.Integrations.Profiler.Editor.dll.mvfrm.rsp
[ 480/1335  0s] WriteText Library/Bee/artifacts/1900b0aE.dag/Unity.AppUI.MVVM.dll.mvfrm.rsp
[ 481/1335  0s] WriteText Library/Bee/artifacts/1900b0aE.dag/Unity.MemoryProfiler.Editor.MemoryProfilerModule.dll.mvfrm.rsp
[ 482/1335  0s] WriteText Library/Bee/artifacts/1900b0aE.dag/Unity.AppUI.Navigation.Editor.dll.mvfrm.rsp
[ 483/1335  0s] WriteText Library/Bee/artifacts/1900b0aE.dag/Unity.AppUI.Undo.dll.mvfrm.rsp
[ 484/1335  0s] WriteText Library/Bee/artifacts/1900b0aE.dag/Unity.AppUI.Redux.Editor.dll.mvfrm.rsp
[ 485/1335  0s] WriteText Library/Bee/artifacts/1900b0aE.dag/Unity.Burst.Editor.dll.mvfrm.rsp
[ 486/1335  0s] WriteText Library/Bee/artifacts/1900b0aE.dag/Unity.Settings.Editor.dll.mvfrm.rsp
[ 487/1335  0s] WriteText Library/Bee/artifacts/1900b0aE.dag/Unity.Collections.Editor.dll.mvfrm.rsp
[ 488/1335  0s] WriteText Library/Bee/artifacts/1900b0aE.dag/Unity.Multiplayer.Center.Editor.dll.mvfrm.rsp
[ 489/1335  0s] WriteText Library/Bee/artifacts/1900b0aE.dag/Unity.InferenceEngine.Editor.dll.mvfrm.rsp
[ 490/1335  0s] WriteText Library/Bee/artifacts/1900b0aE.dag/Unity.Serialization.Editor.dll.mvfrm.rsp
[ 491/1335  0s] WriteText Library/Bee/artifacts/1900b0aE.dag/Unity.InferenceEngine.MacBLAS.dll.mvfrm.rsp
[ 492/1335  0s] WriteText Library/Bee/artifacts/1900b0aE.dag/Unity.TextMeshPro.Editor.dll.mvfrm.rsp
[ 493/1335  0s] WriteText Library/Bee/artifacts/1900b0aE.dag/Unity.InferenceEngine.Tokenization.dll.mvfrm.rsp
[ 494/1335  0s] WriteText Library/Bee/artifacts/1900b0aE.dag/Unity.InferenceEngine.iOSBLAS.dll.mvfrm.rsp
[ 495/1335  0s] WriteText Library/Bee/artifacts/1900b0aE.dag/Unity.Mathematics.Editor.dll.mvfrm.rsp
[ 496/1335  0s] WriteText Library/Bee/artifacts/1900b0aE.dag/UnityEditor.UI.Analytics.dll.mvfrm.rsp
[ 497/1335  0s] WriteText Library/Bee/artifacts/1900b0aE.dag/Unity.InternalAPIEngineBridge.001.dll.mvfrm.rsp
[ 498/1335  0s] WriteText Library/Bee/artifacts/1900b0aE.dag/Unity.2D.Common.Editor.dll.mvfrm.rsp
[ 499/1335  0s] WriteText Library/Bee/artifacts/1900b0aE.dag/Unity.2D.Common.Path.Editor.dll.mvfrm.rsp
[ 500/1335  0s] WriteText Library/Bee/artifacts/1900b0aE.dag/Unity.2D.Enhancers.Editor.dll.mvfrm.rsp
[ 501/1335  0s] WriteText Library/Bee/artifacts/1900b0aE.dag/ProjectFoundPhone.Editor.rsp
[ 502/1335  0s] WriteText Library/Bee/artifacts/1900b0aE.dag/MCPForUnity.Runtime.rsp
[ 503/1335  0s] WriteText Library/Bee/artifacts/1900b0aE.dag/Unity.InferenceEngine.MacBLAS.rsp
[ 504/1335  0s] WriteText Library/Bee/artifacts/1900b0aE.dag/Unity.AppUI.Undo.rsp
[ 505/1335  0s] WriteText Library/Bee/artifacts/1900b0aE.dag/Unity.InferenceEngine.Tokenization.rsp
[ 506/1335  0s] WriteText Library/Bee/artifacts/1900b0aE.dag/Unity.InferenceEngine.iOSBLAS.rsp
[ 507/1335  0s] WriteText Library/Bee/artifacts/1900b0aE.dag/Unity.2D.Sprite.AIIntegration.Editor.rsp
[ 508/1335  0s] WriteText Library/Bee/artifacts/1900b0aE.dag/Unity.Settings.Editor.rsp
[ 509/1335  0s] MovedFromExtractor Library/Bee/artifacts/mvdfrm/Unity.Burst.Cecil.Rocks.dll_DEDB4890863807A7.mvfrm
[ 510/1335  0s] WriteText Library/Bee/artifacts/1900b0aE.dag/Unity.Burst.Editor.rsp
[ 511/1335  0s] WriteText Library/Bee/artifacts/1900b0aE.dag/Unity.TextMeshPro.Editor.rsp
[ 512/1335  0s] WriteText Library/Bee/artifacts/1900b0aE.dag/Unity.Serialization.Editor.rsp
[ 513/1335  0s] WriteText Library/Bee/artifacts/1900b0aE.dag/Unity.Multiplayer.Center.Editor.rsp
[ 514/1335  0s] WriteText Library/Bee/artifacts/1900b0aE.dag/Unity.2D.Common.Editor.rsp
[ 515/1335  0s] WriteText Library/Bee/artifacts/1900b0aE.dag/Unity.MemoryProfiler.Editor.MemoryProfilerModule.rsp
[ 516/1335  0s] WriteText Library/Bee/artifacts/1900b0aE.dag/Unity.Mathematics.Editor.rsp
[ 517/1335  0s] WriteText Library/Bee/artifacts/1900b0aE.dag/Unity.AI.Assistant.Integrations.Profiler.Editor.rsp
[ 518/1335  0s] WriteText Library/Bee/artifacts/1900b0aE.dag/Unity.AppUI.MVVM.rsp
[ 519/1335  0s] WriteText Library/Bee/artifacts/1900b0aE.dag/Unity.InternalAPIEngineBridge.001.rsp
[ 520/1335  0s] WriteText Library/Bee/artifacts/1900b0aE.dag/Unity.2D.Common.Path.Editor.rsp
[ 521/1335  0s] WriteText Library/Bee/artifacts/1900b0aE.dag/Unity.AppUI.Navigation.Editor.rsp
[ 522/1335  0s] WriteText Library/Bee/artifacts/1900b0aE.dag/Unity.AppUI.Redux.Editor.rsp
[ 523/1335  0s] WriteText Library/Bee/artifacts/1900b0aE.dag/Unity.2D.Enhancers.Editor.rsp
[ 524/1335  0s] WriteText Library/Bee/artifacts/1900b0aE.dag/Unity.Collections.Editor.rsp
[ 525/1335  0s] WriteText Library/Bee/artifacts/1900b0aE.dag/Unity.InferenceEngine.Editor.rsp
[ 526/1335  0s] WriteText Library/Bee/artifacts/1900b0aE.dag/MCPForUnity.Editor.rsp2
[ 527/1335  0s] WriteText Library/Bee/artifacts/1900b0aE.dag/ProjectFoundPhone.MVP.Editor.rsp2
[ 528/1335  0s] WriteText Library/Bee/artifacts/1900b0aE.dag/YarnSpinner.Unity.Editor.UnityAdditionalFile.txt
[ 529/1335  0s] WriteText Library/Bee/artifacts/1900b0aE.dag/ProjectFoundPhone.MVP.Editor.UnityAdditionalFile.txt
[ 530/1335  0s] WriteText Library/Bee/artifacts/1900b0aE.dag/UnityEditor.UI.Analytics.rsp
[ 531/1335  0s] WriteText Library/Bee/artifacts/1900b0aE.dag/glTFast.dots.UnityAdditionalFile.txt
[ 532/1335  0s] WriteText Library/Bee/artifacts/1900b0aE.dag/MCPForUnity.Editor.UnityAdditionalFile.txt
[ 533/1335  0s] WriteText Library/Bee/artifacts/1900b0aE.dag/ProjectFoundPhone.Debug.Editor.rsp2
[ 534/1335  0s] WriteText Library/Bee/artifacts/1900b0aE.dag/Demigiant.DOTweenPro.Editor.rsp2
[ 535/1335  0s] WriteText Library/Bee/artifacts/1900b0aE.dag/ProjectFoundPhone.Debug.Editor.UnityAdditionalFile.txt
[ 536/1335  0s] WriteText Library/Bee/artifacts/1900b0aE.dag/glTFast.dots.rsp2
[ 537/1335  0s] WriteText Library/Bee/artifacts/1900b0aE.dag/YarnSpinner.Unity.Editor.rsp2
[ 538/1335  0s] WriteText Library/Bee/artifacts/1900b0aE.dag/Unity.PerformanceTesting.rsp2
[ 539/1335  0s] WriteText Library/Bee/artifacts/1900b0aE.dag/Demigiant.DOTweenPro.Editor.UnityAdditionalFile.txt
[ 540/1335  0s] WriteText Library/Bee/artifacts/1900b0aE.dag/Unity.AI.Generators.Tools.UnityAdditionalFile.txt
[ 541/1335  0s] WriteText Library/Bee/artifacts/1900b0aE.dag/Unity.AI.Generators.Tools.rsp2
[ 542/1335  0s] WriteText Library/Bee/artifacts/1900b0aE.dag/Unity.PerformanceTesting.UnityAdditionalFile.txt
[ 543/1335  0s] WriteText Library/Bee/artifacts/1900b0aE.dag/MCPForUnity.Editor.dll.mvfrm.rsp
[ 544/1335  0s] WriteText Library/Bee/artifacts/1900b0aE.dag/Unity.PerformanceTesting.dll.mvfrm.rsp
[ 545/1335  0s] WriteText Library/Bee/artifacts/1900b0aE.dag/Demigiant.DOTweenPro.Editor.dll.mvfrm.rsp
[ 546/1335  0s] WriteText Library/Bee/artifacts/1900b0aE.dag/Unity.AI.Generators.Tools.dll.mvfrm.rsp
[ 547/1335  0s] WriteText Library/Bee/artifacts/1900b0aE.dag/ProjectFoundPhone.Debug.Editor.dll.mvfrm.rsp
[ 548/1335  0s] WriteText Library/Bee/artifacts/1900b0aE.dag/glTFast.dots.dll.mvfrm.rsp
[ 549/1335  0s] WriteText Library/Bee/artifacts/1900b0aE.dag/YarnSpinner.Unity.Editor.dll.mvfrm.rsp
[ 550/1335  0s] WriteText Library/Bee/artifacts/1900b0aE.dag/ProjectFoundPhone.MVP.Editor.dll.mvfrm.rsp
[ 551/1335  0s] WriteText Library/Bee/artifacts/1900b0aE.dag/ProjectFoundPhone.Debug.Editor.rsp
[ 552/1335  0s] WriteText Library/Bee/artifacts/1900b0aE.dag/glTFast.dots.rsp
[ 553/1335  0s] WriteText Library/Bee/artifacts/1900b0aE.dag/Demigiant.DOTweenPro.Editor.rsp
[ 554/1335  0s] WriteText Library/Bee/artifacts/1900b0aE.dag/Unity.PerformanceTesting.rsp
[ 555/1335  0s] WriteText Library/Bee/artifacts/1900b0aE.dag/ProjectFoundPhone.MVP.Editor.rsp
[ 556/1335  0s] WriteText Library/Bee/artifacts/1900b0aE.dag/MCPForUnity.Editor.rsp
[ 557/1335  0s] WriteText Library/Bee/artifacts/1900b0aE.dag/Unity.AI.Generators.Tools.rsp
[ 558/1335  0s] WriteText Library/Bee/artifacts/1900b0aE.dag/YarnSpinner.Unity.Editor.rsp
[ 559/1335  0s] WriteText Library/Bee/artifacts/1900b0aE.dag/glTFast.Newtonsoft.rsp2
[ 560/1335  0s] WriteText Library/Bee/artifacts/1900b0aE.dag/Assembly-CSharp.UnityAdditionalFile.txt
[ 561/1335  0s] WriteText Library/Bee/artifacts/1900b0aE.dag/glTFast.Newtonsoft.UnityAdditionalFile.txt
[ 562/1335  0s] WriteText Library/Bee/artifacts/1900b0aE.dag/Assembly-CSharp.rsp2
[ 563/1335  0s] WriteText Library/Bee/artifacts/1900b0aE.dag/glTFast.Newtonsoft.dll.mvfrm.rsp
[ 564/1335  0s] WriteText Library/Bee/artifacts/1900b0aE.dag/Assembly-CSharp.dll.mvfrm.rsp
[ 565/1335  0s] WriteText Library/Bee/artifacts/1900b0aE.dag/glTFast.Newtonsoft.rsp
[ 566/1335  0s] WriteText Library/Bee/artifacts/1900b0aE.dag/Assembly-CSharp.rsp
[ 567/1335  0s] WriteText Library/Bee/artifacts/1900b0aE.dag/ProjectFoundPhone.PlayModeTests.dll.mvfrm.rsp
[ 568/1335  0s] WriteText Library/Bee/artifacts/1900b0aE.dag/glTFast.Documentation.Examples.dll.mvfrm.rsp
[ 569/1335  0s] WriteText Library/Bee/artifacts/1900b0aE.dag/glTFast.Documentation.Examples.UnityAdditionalFile.txt
[ 570/1335  0s] WriteText Library/Bee/artifacts/1900b0aE.dag/Assembly-CSharp-Editor.dll.mvfrm.rsp
[ 571/1335  0s] WriteText Library/Bee/artifacts/1900b0aE.dag/ProjectFoundPhone.PlayModeTests.UnityAdditionalFile.txt
[ 572/1335  0s] WriteText Library/Bee/artifacts/1900b0aE.dag/glTFast.Documentation.Examples.rsp2
[ 573/1335  0s] WriteText Library/Bee/artifacts/1900b0aE.dag/Unity.AI.Assistant.AssetGenerators.Editor.dll.mvfrm.rsp
[ 574/1335  0s] WriteText Library/Bee/artifacts/1900b0aE.dag/ScriptablePacker.dll.mvfrm.rsp
[ 575/1335  0s] WriteText Library/Bee/artifacts/1900b0aE.dag/ProjectFoundPhone.PlayModeTests.rsp2
[ 576/1335  0s] WriteText Library/Bee/artifacts/1900b0aE.dag/ProjectFoundPhone.PlayModeTests.rsp
[ 577/1335  0s] WriteText Library/Bee/artifacts/1900b0aE.dag/glTFast.Documentation.Examples.rsp
[ 578/1335  0s] WriteText Library/Bee/artifacts/1900b0aE.dag/Unity.AI.Assistant.AssetGenerators.Editor.UnityAdditionalFile.txt
[ 579/1335  0s] WriteText Library/Bee/artifacts/1900b0aE.dag/Unity.AI.Assistant.AssetGenerators.Editor.rsp2
[ 580/1335  0s] WriteText Library/Bee/artifacts/1900b0aE.dag/Assembly-CSharp-Editor.UnityAdditionalFile.txt
[ 581/1335  0s] WriteText Library/Bee/artifacts/1900b0aE.dag/Unity.PerformanceTesting.Editor.UnityAdditionalFile.txt
[ 582/1335  0s] WriteText Library/Bee/artifacts/1900b0aE.dag/Unity.PerformanceTesting.Editor.rsp2
[ 583/1335  0s] WriteText Library/Bee/artifacts/1900b0aE.dag/Assembly-CSharp-Editor.rsp2
[ 584/1335  0s] WriteText Library/Bee/artifacts/1900b0aE.dag/ScriptablePacker.UnityAdditionalFile.txt
[ 585/1335  0s] WriteText Library/Bee/artifacts/1900b0aE.dag/ScriptablePacker.rsp2
[ 586/1335  0s] WriteText Library/Bee/artifacts/1900b0aE.dag/Unity.AI.Assistant.AssetGenerators.Editor.rsp
[ 587/1335  0s] WriteText Library/Bee/artifacts/1900b0aE.dag/Assembly-CSharp-Editor.rsp
[ 588/1335  0s] WriteText Library/Bee/artifacts/1900b0aE.dag/ScriptablePacker.rsp
[ 589/1335  0s] WriteText Library/Bee/artifacts/1900b0aE.dag/Unity.PerformanceTesting.Editor.rsp
[ 590/1335  0s] WriteResponseFile Library/Bee/artifacts/rsp/11344994280883157806.rsp
[ 591/1335  0s] WriteResponseFile Library/Bee/artifacts/rsp/4197583544254882271.rsp
[ 592/1335  0s] WriteResponseFile Library/Bee/artifacts/rsp/5465330626836213513.rsp
[ 593/1335  0s] WriteResponseFile Library/Bee/artifacts/rsp/9630950048426576611.rsp
[ 594/1335  0s] WriteResponseFile Library/Bee/artifacts/rsp/4179407414357894406.rsp
[ 595/1335  0s] WriteResponseFile Library/Bee/artifacts/rsp/8051171512430532380.rsp
[ 596/1335  0s] WriteResponseFile Library/Bee/artifacts/rsp/9971674143059154378.rsp
[ 597/1335  0s] WriteText Library/Bee/artifacts/1900b0aE.dag/Unity.PerformanceTesting.Editor.dll.mvfrm.rsp
[ 598/1335  0s] WriteText Library/Bee/artifacts/1900b0aE.dag/Unity.AI.Animate.rsp
[ 599/1335  0s] WriteResponseFile Library/Bee/artifacts/rsp/13909235412005675431.rsp
[ 600/1335  0s] WriteResponseFile Library/Bee/artifacts/rsp/3232911574759799904.rsp
[ 601/1335  0s] WriteResponseFile Library/Bee/artifacts/rsp/10142702499866438521.rsp
[ 602/1335  0s] WriteResponseFile Library/Bee/artifacts/rsp/12192641585883629681.rsp
[ 603/1335  0s] WriteResponseFile Library/Bee/artifacts/rsp/1418726328684876121.rsp
[ 604/1335  0s] WriteResponseFile Library/Bee/artifacts/rsp/5916180605834378387.rsp
[ 605/1335  0s] WriteResponseFile Library/Bee/artifacts/rsp/7144934147629065502.rsp
[ 606/1335  0s] WriteResponseFile Library/Bee/artifacts/rsp/7606483801609891643.rsp
[ 607/1335  0s] WriteResponseFile Library/Bee/artifacts/rsp/16955349575566033662.rsp
[ 608/1335  0s] WriteResponseFile Library/Bee/artifacts/rsp/15907540570839775848.rsp
[ 609/1335  0s] WriteResponseFile Library/Bee/artifacts/rsp/10678863128556690338.rsp
[ 610/1335  0s] WriteResponseFile Library/Bee/artifacts/rsp/6926050050839106864.rsp
[ 611/1335  0s] WriteResponseFile Library/Bee/artifacts/rsp/13686715218353603589.rsp
[ 612/1335  0s] WriteResponseFile Library/Bee/artifacts/rsp/381158557520130777.rsp
[ 613/1335  0s] WriteResponseFile Library/Bee/artifacts/rsp/15953938142490030541.rsp
[ 614/1335  0s] WriteResponseFile Library/Bee/artifacts/rsp/3632981925347509300.rsp
[ 615/1335  0s] WriteResponseFile Library/Bee/artifacts/rsp/8622521327744862675.rsp
[ 616/1335  0s] WriteResponseFile Library/Bee/artifacts/rsp/17923285327036797829.rsp
[ 617/1335  0s] WriteResponseFile Library/Bee/artifacts/rsp/3258459190130463912.rsp
[ 618/1335  0s] WriteResponseFile Library/Bee/artifacts/rsp/6477348519312059867.rsp
[ 619/1335  0s] WriteResponseFile Library/Bee/artifacts/rsp/8687634500575384782.rsp
[ 620/1335  0s] WriteResponseFile Library/Bee/artifacts/rsp/10131660672807692368.rsp
[ 621/1335  0s] WriteResponseFile Library/Bee/artifacts/rsp/1241893138779591018.rsp
[ 622/1335  0s] WriteResponseFile Library/Bee/artifacts/rsp/3116656848610092085.rsp
[ 623/1335  0s] WriteResponseFile Library/Bee/artifacts/rsp/5546506141355401238.rsp
[ 624/1335  0s] WriteResponseFile Library/Bee/artifacts/rsp/15587889803972891958.rsp
[ 625/1335  0s] WriteResponseFile Library/Bee/artifacts/rsp/8157786106806150916.rsp
[ 626/1335  0s] WriteResponseFile Library/Bee/artifacts/rsp/2157608619508796868.rsp
[ 627/1335  0s] WriteResponseFile Library/Bee/artifacts/rsp/3676569134375922281.rsp
[ 628/1335  0s] WriteResponseFile Library/Bee/artifacts/rsp/16800515999216397072.rsp
[ 629/1335  0s] WriteResponseFile Library/Bee/artifacts/rsp/13113454148230631050.rsp
[ 630/1335  0s] WriteResponseFile Library/Bee/artifacts/rsp/6294510702601876485.rsp
[ 631/1335  0s] WriteResponseFile Library/Bee/artifacts/rsp/8976826243146042383.rsp
[ 632/1335  0s] WriteResponseFile Library/Bee/artifacts/rsp/11564738420230795162.rsp
[ 633/1335  0s] WriteResponseFile Library/Bee/artifacts/rsp/3648465134513896125.rsp
[ 634/1335  0s] WriteResponseFile Library/Bee/artifacts/rsp/12787630767465885483.rsp
[ 635/1335  0s] WriteResponseFile Library/Bee/artifacts/rsp/12122055926670147868.rsp
[ 636/1335  0s] WriteResponseFile Library/Bee/artifacts/rsp/8374053334100073039.rsp
[ 637/1335  0s] WriteResponseFile Library/Bee/artifacts/rsp/7453980399897704163.rsp
[ 638/1335  0s] WriteResponseFile Library/Bee/artifacts/rsp/1459738325685585650.rsp
[ 639/1335  0s] WriteResponseFile Library/Bee/artifacts/rsp/10869332526472877478.rsp
[ 640/1335  0s] WriteResponseFile Library/Bee/artifacts/rsp/10697766251284399165.rsp
[ 641/1335  0s] WriteResponseFile Library/Bee/artifacts/rsp/288488174905559534.rsp
[ 642/1335  0s] WriteResponseFile Library/Bee/artifacts/rsp/6546736179299512784.rsp
[ 643/1335  0s] WriteResponseFile Library/Bee/artifacts/rsp/14889417498033195761.rsp
[ 644/1335  0s] WriteResponseFile Library/Bee/artifacts/rsp/13534715222809159398.rsp
[ 645/1335  0s] WriteResponseFile Library/Bee/artifacts/rsp/4906633768252269426.rsp
[ 646/1335  0s] WriteResponseFile Library/Bee/artifacts/rsp/16125158746970884189.rsp
[ 647/1335  0s] WriteResponseFile Library/Bee/artifacts/rsp/12845725702279794616.rsp
[ 648/1335  0s] WriteResponseFile Library/Bee/artifacts/rsp/12697856024727907050.rsp
[ 649/1335  0s] WriteResponseFile Library/Bee/artifacts/rsp/8984082599389543581.rsp
[ 650/1335  0s] WriteResponseFile Library/Bee/artifacts/rsp/12104082219611891248.rsp
[ 651/1335  0s] WriteResponseFile Library/Bee/artifacts/rsp/6065712226328768301.rsp
[ 652/1335  0s] WriteResponseFile Library/Bee/artifacts/rsp/1434165222724478427.rsp
[ 653/1335  0s] WriteResponseFile Library/Bee/artifacts/rsp/4462417561080226904.rsp
[ 654/1335  0s] WriteResponseFile Library/Bee/artifacts/rsp/12812556936427222528.rsp
[ 655/1335  0s] WriteResponseFile Library/Bee/artifacts/rsp/17285932722338182573.rsp
[ 656/1335  0s] WriteResponseFile Library/Bee/artifacts/rsp/1177933628359149393.rsp
[ 657/1335  0s] WriteResponseFile Library/Bee/artifacts/rsp/11619617014582101556.rsp
[ 658/1335  0s] WriteResponseFile Library/Bee/artifacts/rsp/1851895781305561283.rsp
[ 659/1335  0s] WriteResponseFile Library/Bee/artifacts/rsp/17234613055290522353.rsp
[ 660/1335  0s] WriteResponseFile Library/Bee/artifacts/rsp/8430359774541989196.rsp
[ 661/1335  0s] WriteResponseFile Library/Bee/artifacts/rsp/6591615775254759062.rsp
[ 662/1335  0s] WriteResponseFile Library/Bee/artifacts/rsp/10292501669419677951.rsp
[ 663/1335  0s] WriteResponseFile Library/Bee/artifacts/rsp/14566447020836459352.rsp
[ 664/1335  0s] WriteResponseFile Library/Bee/artifacts/rsp/2781082588993088484.rsp
[ 665/1335  0s] WriteResponseFile Library/Bee/artifacts/rsp/9332063255365190024.rsp
[ 666/1335  0s] WriteResponseFile Library/Bee/artifacts/rsp/4418271852702483934.rsp
[ 667/1335  0s] WriteResponseFile Library/Bee/artifacts/rsp/5666034229570516919.rsp
[ 668/1335  0s] WriteResponseFile Library/Bee/artifacts/rsp/5076401413164530033.rsp
[ 669/1335  0s] WriteResponseFile Library/Bee/artifacts/rsp/12248871281822510316.rsp
[ 670/1335  0s] WriteResponseFile Library/Bee/artifacts/rsp/8821647045857962150.rsp
[ 671/1335  0s] WriteResponseFile Library/Bee/artifacts/rsp/809499729548294536.rsp
[ 672/1335  0s] WriteResponseFile Library/Bee/artifacts/rsp/6809154955867194459.rsp
[ 673/1335  0s] WriteResponseFile Library/Bee/artifacts/rsp/2651563713784943047.rsp
[ 674/1335  0s] WriteResponseFile Library/Bee/artifacts/rsp/18426938688076938391.rsp
[ 675/1335  0s] WriteResponseFile Library/Bee/artifacts/rsp/6262281476893245489.rsp
[ 676/1335  0s] WriteResponseFile Library/Bee/artifacts/rsp/1000725841676588325.rsp
[ 677/1335  0s] WriteResponseFile Library/Bee/artifacts/rsp/8842765153177570536.rsp
[ 678/1335  0s] WriteResponseFile Library/Bee/artifacts/rsp/8336928665352126947.rsp
[ 679/1335  0s] WriteResponseFile Library/Bee/artifacts/rsp/8053311100599596929.rsp
[ 680/1335  0s] WriteResponseFile Library/Bee/artifacts/rsp/8425637358010165737.rsp
[ 681/1335  0s] WriteResponseFile Library/Bee/artifacts/rsp/8339687817580181739.rsp
[ 682/1335  0s] WriteResponseFile Library/Bee/artifacts/rsp/2959687213209438319.rsp
[ 683/1335  0s] WriteResponseFile Library/Bee/artifacts/rsp/9708598661318103069.rsp
[ 684/1335  0s] WriteResponseFile Library/Bee/artifacts/rsp/10864296189774257271.rsp
[ 685/1335  0s] WriteResponseFile Library/Bee/artifacts/rsp/1364033343444103190.rsp
[ 686/1335  0s] WriteResponseFile Library/Bee/artifacts/rsp/10890691014931692714.rsp
[ 687/1335  0s] WriteResponseFile Library/Bee/artifacts/rsp/2349487485701900628.rsp
[ 688/1335  0s] WriteResponseFile Library/Bee/artifacts/rsp/6496007508709434220.rsp
[ 689/1335  0s] WriteResponseFile Library/Bee/artifacts/rsp/12900333509587573630.rsp
[ 690/1335  0s] WriteResponseFile Library/Bee/artifacts/rsp/4824701561327399296.rsp
[ 691/1335  0s] WriteResponseFile Library/Bee/artifacts/rsp/1733524820046661633.rsp
[ 692/1335  0s] WriteResponseFile Library/Bee/artifacts/rsp/10831531723267835799.rsp
[ 693/1335  0s] WriteResponseFile Library/Bee/artifacts/rsp/17808041319785689290.rsp
[ 694/1335  0s] WriteResponseFile Library/Bee/artifacts/rsp/5692052136849047745.rsp
[ 695/1335  0s] WriteResponseFile Library/Bee/artifacts/rsp/11295897478892413411.rsp
[ 696/1335  0s] WriteResponseFile Library/Bee/artifacts/rsp/14814235663552238418.rsp
[ 697/1335  0s] WriteResponseFile Library/Bee/artifacts/rsp/17560367951316853787.rsp
[ 698/1335  0s] WriteResponseFile Library/Bee/artifacts/rsp/7750146619039987931.rsp
[ 699/1335  1s] MovedFromExtractor Library/Bee/artifacts/mvdfrm/Unity.Burst.Cecil.Pdb.dll_212D641C308F5CA7.mvfrm
[ 700/1335  0s] MovedFromExtractor Library/Bee/artifacts/mvdfrm/Unity.Burst.Cecil.Mdb.dll_09DAEBACB1DA5B24.mvfrm
[ 700/1335  1s] Csc Library/Bee/artifacts/1900b0aE.dag/UnityEngine.UI.dll (+2 others) [CacheHit 46283ac97d5c46f5ac38808db78e7b7d00000000000000000000000000000005]
[ 701/1335 1772377378s] Csc Library/Bee/artifacts/1900b0aE.dag/UnityEngine.UI.dll (+2 others)
[ 701/1335  0s] Csc Library/Bee/artifacts/1900b0aE.dag/UnityEngine.TestRunner.dll (+2 others) [CacheHit 14c3d5f37a5aaf6031dcc7bf66a3adc000000000000000000000000000000005]
[ 703/1335 1772377378s] Csc Library/Bee/artifacts/1900b0aE.dag/UnityEngine.TestRunner.dll (+2 others)
[ 705/1335  0s] CopyFiles Library/ScriptAssemblies/UnityEngine.TestRunner.pdb
[ 706/1335  0s] CopyFiles Library/ScriptAssemblies/UnityEngine.TestRunner.dll
[ 707/1335  1s] MovedFromExtractor Library/Bee/artifacts/mvdfrm/Unity.Burst.Cecil.dll_E4367C3041C44627.mvfrm
[ 708/1335  0s] MovedFromExtractor Library/Bee/artifacts/mvdfrm/UnityEngine.UI.ref.dll_08FEAA520A2EFD60.mvfrm
[ 709/1335  0s] MovedFromExtractor Library/Bee/artifacts/mvdfrm/UnityEngine.TestRunner.ref.dll_E55D0F7C63F01D9E.mvfrm
[ 710/1335  0s] MovedFromExtractor-Combine Library/Bee/artifacts/1900b0aE.dag/UnityEditor.TestRunner.dll.mvfrm
[ 708/1335  0s] Csc Library/Bee/artifacts/1900b0aE.dag/UnityEditor.TestRunner.dll (+2 others) [CacheHit a3acb3a3668a8330b467cd5386b4ed1100000000000000000000000000000005]
[ 711/1335 1772377378s] Csc Library/Bee/artifacts/1900b0aE.dag/UnityEditor.TestRunner.dll (+2 others)
[ 713/1335  0s] CopyFiles Library/ScriptAssemblies/UnityEditor.TestRunner.pdb
[ 714/1335  0s] CopyFiles Library/ScriptAssemblies/UnityEditor.TestRunner.dll
[ 715/1335  0s] MovedFromExtractor Library/Bee/artifacts/mvdfrm/UnityEditor.TestRunner.ref.dll_193EC4CE382CBFB3.mvfrm
[ 716/1335  0s] MovedFromExtractor-Combine Library/Bee/artifacts/1900b0aE.dag/UnityEditor.UI.dll.mvfrm
[ 713/1335  0s] Csc Library/Bee/artifacts/1900b0aE.dag/UnityEditor.UI.dll (+2 others) [CacheHit 7f339d339fe5fc2df385a2b814fa7e8300000000000000000000000000000005]
[ 717/1335 1772377379s] Csc Library/Bee/artifacts/1900b0aE.dag/UnityEditor.UI.dll (+2 others)
[ 719/1335  0s] MovedFromExtractor Library/Bee/artifacts/mvdfrm/UnityEditor.UI.ref.dll_4C98D3F7040CD4F5.mvfrm
[ 720/1335  0s] MovedFromExtractor-Combine Library/Bee/artifacts/1900b0aE.dag/Unity.Burst.dll.mvfrm
[ 721/1335  0s] MovedFromExtractor-Combine Library/Bee/artifacts/1900b0aE.dag/Unity.AI.Generators.Contexts.dll.mvfrm
[ 722/1335  0s] MovedFromExtractor-Combine Library/Bee/artifacts/1900b0aE.dag/Unity.AI.Assistant.Bridge.Editor.dll.mvfrm
[ 723/1335  0s] MovedFromExtractor-Combine Library/Bee/artifacts/1900b0aE.dag/Unity.AI.Toolkit.Compliance.dll.mvfrm
[ 724/1335  0s] MovedFromExtractor-Combine Library/Bee/artifacts/1900b0aE.dag/Unity.AI.Toolkit.Async.dll.mvfrm
[ 725/1335  0s] MovedFromExtractor-Combine Library/Bee/artifacts/1900b0aE.dag/Unity.2D.Sprite.Editor.dll.mvfrm
[ 726/1335  0s] MovedFromExtractor-Combine Library/Bee/artifacts/1900b0aE.dag/Unity.AI.Toolkit.Utility.dll.mvfrm
[ 727/1335  0s] MovedFromExtractor-Combine Library/Bee/artifacts/1900b0aE.dag/Unity.Mathematics.dll.mvfrm
[ 723/1335  0s] Csc Library/Bee/artifacts/1900b0aE.dag/Unity.AI.Generators.Contexts.dll (+2 others) [CacheHit e1ff7bbeea909e41abd3b97433fbd3a700000000000000000000000000000005]
[ 728/1335 1772377379s] Csc Library/Bee/artifacts/1900b0aE.dag/Unity.AI.Generators.Contexts.dll (+2 others)
[ 724/1335  0s] Csc Library/Bee/artifacts/1900b0aE.dag/Unity.AI.Toolkit.Compliance.dll (+2 others) [CacheHit b4d8e845e6f6ed345dd0e018ed9c44b500000000000000000000000000000005]
[ 730/1335 1772377379s] Csc Library/Bee/artifacts/1900b0aE.dag/Unity.AI.Toolkit.Compliance.dll (+2 others)
[ 725/1335  0s] Csc Library/Bee/artifacts/1900b0aE.dag/Unity.AI.Toolkit.Async.dll (+2 others) [CacheHit ddafdf490274348b5e0c85c1dbf2350b00000000000000000000000000000005]
[ 732/1335 1772377379s] Csc Library/Bee/artifacts/1900b0aE.dag/Unity.AI.Toolkit.Async.dll (+2 others)
[ 726/1335  0s] Csc Library/Bee/artifacts/1900b0aE.dag/Unity.AI.Toolkit.Utility.dll (+2 others) [CacheHit 87c902e82bdd5a0fd024b25210d7ca0e00000000000000000000000000000005]
[ 734/1335 1772377379s] Csc Library/Bee/artifacts/1900b0aE.dag/Unity.AI.Toolkit.Utility.dll (+2 others)
[ 727/1335  0s] Csc Library/Bee/artifacts/1900b0aE.dag/Unity.AI.Assistant.Bridge.Editor.dll (+2 others) [CacheHit b71de991c31652863d2563cdeb2f59ad00000000000000000000000000000005]
[ 736/1335 1772377379s] Csc Library/Bee/artifacts/1900b0aE.dag/Unity.AI.Assistant.Bridge.Editor.dll (+2 others)
[ 728/1335  0s] Csc Library/Bee/artifacts/1900b0aE.dag/Unity.Burst.dll (+2 others) [CacheHit 69d24b86a94c54ff326a0c6118b1b49e00000000000000000000000000000005]
[ 738/1335 1772377379s] Csc Library/Bee/artifacts/1900b0aE.dag/Unity.Burst.dll (+2 others)
[ 729/1335  0s] Csc Library/Bee/artifacts/1900b0aE.dag/Unity.2D.Sprite.Editor.dll (+2 others) [CacheHit 751b887d927762b783a8b66e7d623f6e00000000000000000000000000000005]
[ 740/1335 1772377380s] Csc Library/Bee/artifacts/1900b0aE.dag/Unity.2D.Sprite.Editor.dll (+2 others)
[ 730/1335  0s] Csc Library/Bee/artifacts/1900b0aE.dag/Unity.Mathematics.dll (+2 others) [CacheHit 54c75673134b7a57a1fc779dddef3e9100000000000000000000000000000005]
[ 742/1335 1772377380s] Csc Library/Bee/artifacts/1900b0aE.dag/Unity.Mathematics.dll (+2 others)
[ 744/1335  0s] MovedFromExtractor-Combine Library/Bee/artifacts/1900b0aE.dag/Unity.AI.Assistant.Agent.Dynamic.Extension.Editor.dll.mvfrm
[ 745/1335  0s] MovedFromExtractor Library/Bee/artifacts/mvdfrm/Unity.AI.Generators.Contexts.ref.dll_990597388C5B802A.mvfrm
[ 746/1335  0s] MovedFromExtractor Library/Bee/artifacts/mvdfrm/Unity.AI.Toolkit.Utility.ref.dll_1D5114AF5559F464.mvfrm
[ 734/1335  0s] Csc Library/Bee/artifacts/1900b0aE.dag/Unity.AI.Assistant.Agent.Dynamic.Extension.Editor.dll (+2 others) [CacheHit 3644849dfeb86bf9f877d4ff2c929c2200000000000000000000000000000005]
[ 747/1335 1772377380s] Csc Library/Bee/artifacts/1900b0aE.dag/Unity.AI.Assistant.Agent.Dynamic.Extension.Editor.dll (+2 others)
[ 749/1335  0s] MovedFromExtractor Library/Bee/artifacts/mvdfrm/Unity.AI.Toolkit.Compliance.ref.dll_2D6FBD493D57C729.mvfrm
[ 750/1335  0s] MovedFromExtractor Library/Bee/artifacts/mvdfrm/Unity.AI.Toolkit.Async.ref.dll_2B5EAEECCB244BA4.mvfrm
[ 751/1335  0s] MovedFromExtractor-Combine Library/Bee/artifacts/1900b0aE.dag/Unity.InternalAPIEngineBridge.004.dll.mvfrm
[ 752/1335  0s] MovedFromExtractor Library/Bee/artifacts/mvdfrm/Unity.Burst.ref.dll_F30DFA20C0DD1968.mvfrm
[ 753/1335  0s] MovedFromExtractor Library/Bee/artifacts/mvdfrm/Unity.Mathematics.ref.dll_E8EFDB1B8D5C174E.mvfrm
[ 754/1335  0s] MovedFromExtractor Library/Bee/artifacts/mvdfrm/Unity.2D.Sprite.Editor.ref.dll_DDBAA27A82CE9E28.mvfrm
[ 755/1335  0s] MovedFromExtractor Library/Bee/artifacts/mvdfrm/Unity.AI.Assistant.Bridge.Editor.ref.dll_E9BBBC7FBC7087EA.mvfrm
[ 756/1335  0s] MovedFromExtractor-Combine Library/Bee/artifacts/1900b0aE.dag/Unity.AI.Toolkit.Asset.dll.mvfrm
[ 757/1335  0s] MovedFromExtractor-Combine Library/Bee/artifacts/1900b0aE.dag/Unity.AppUI.InternalAPIBridge.dll.mvfrm
[ 758/1335  0s] MovedFromExtractor Library/Bee/artifacts/mvdfrm/Unity.AI.Assistant.Agent.Dynamic.Extension.Editor.ref.dll_C8F7EF892ECD4D12.mvfrm
[ 759/1335  0s] MovedFromExtractor-Combine Library/Bee/artifacts/1900b0aE.dag/Unity.AI.Generators.Redux.dll.mvfrm
[ 746/1335  0s] Csc Library/Bee/artifacts/1900b0aE.dag/Unity.InternalAPIEngineBridge.004.dll (+2 others) [CacheHit 23fedf304889c9b0ec1000903d41284600000000000000000000000000000005]
[ 760/1335 1772377380s] Csc Library/Bee/artifacts/1900b0aE.dag/Unity.InternalAPIEngineBridge.004.dll (+2 others)
[ 747/1335  0s] Csc Library/Bee/artifacts/1900b0aE.dag/Unity.AI.Toolkit.Asset.dll (+2 others) [CacheHit cc06d82dc6025f96a12feed28b395af100000000000000000000000000000005]
[ 762/1335 1772377380s] Csc Library/Bee/artifacts/1900b0aE.dag/Unity.AI.Toolkit.Asset.dll (+2 others)
[ 748/1335  0s] Csc Library/Bee/artifacts/1900b0aE.dag/Unity.AppUI.InternalAPIBridge.dll (+2 others) [CacheHit 0fcc5490edeb84696aeabd3f128f3a0700000000000000000000000000000005]
[ 764/1335 1772377380s] Csc Library/Bee/artifacts/1900b0aE.dag/Unity.AppUI.InternalAPIBridge.dll (+2 others)
[ 749/1335  0s] Csc Library/Bee/artifacts/1900b0aE.dag/Unity.AI.Generators.Redux.dll (+2 others) [CacheHit b5b5c926aeef35fd0b158cb83731abb900000000000000000000000000000005]
[ 766/1335 1772377380s] Csc Library/Bee/artifacts/1900b0aE.dag/Unity.AI.Generators.Redux.dll (+2 others)
[ 768/1335  0s] MovedFromExtractor-Combine Library/Bee/artifacts/1900b0aE.dag/Unity.Burst.CodeGen.dll.mvfrm
[ 769/1335  0s] MovedFromExtractor-Combine Library/Bee/artifacts/1900b0aE.dag/Unity.Collections.dll.mvfrm
[ 770/1335  0s] MovedFromExtractor-Combine Library/Bee/artifacts/1900b0aE.dag/Unity.AI.Toolkit.Accounts.dll.mvfrm
[ 753/1335  0s] Csc Library/Bee/artifacts/1900b0aE.dag/Unity.Burst.CodeGen.dll (+2 others) [CacheHit 810721d47ae4aaa0af1afa7073b4271000000000000000000000000000000005]
[ 771/1335 1772377381s] Csc Library/Bee/artifacts/1900b0aE.dag/Unity.Burst.CodeGen.dll (+2 others)
[ 773/1335  0s] MovedFromExtractor-Combine Library/Bee/artifacts/1900b0aE.dag/HFDownloader.dll.mvfrm
[ 755/1335  0s] Csc Library/Bee/artifacts/1900b0aE.dag/Unity.Collections.dll (+2 others) [CacheHit 26335572d963fe2e2a22d188872a06a000000000000000000000000000000005]
[ 774/1335 1772377381s] Csc Library/Bee/artifacts/1900b0aE.dag/Unity.Collections.dll (+2 others)
[ 776/1335  0s] MovedFromExtractor Library/Bee/artifacts/mvdfrm/Unity.InternalAPIEngineBridge.004.ref.dll_9F91F1CFF2D20E26.mvfrm
[ 757/1335  0s] Csc Library/Bee/artifacts/1900b0aE.dag/Unity.AI.Toolkit.Accounts.dll (+2 others) [CacheHit 8c4da0434e3bde54e69a2ae66425701a00000000000000000000000000000005]
[ 777/1335 1772377381s] Csc Library/Bee/artifacts/1900b0aE.dag/Unity.AI.Toolkit.Accounts.dll (+2 others)
[ 779/1335  0s] MovedFromExtractor Library/Bee/artifacts/mvdfrm/Unity.AppUI.InternalAPIBridge.ref.dll_9D5090373B030875.mvfrm
[ 780/1335  0s] MovedFromExtractor Library/Bee/artifacts/mvdfrm/Unity.AI.Generators.Redux.ref.dll_EA53560A66A62394.mvfrm
[ 781/1335  0s] MovedFromExtractor Library/Bee/artifacts/mvdfrm/Unity.AI.Toolkit.Asset.ref.dll_8C42D053B15F0E88.mvfrm
[ 761/1335  0s] Csc Library/Bee/artifacts/1900b0aE.dag/HFDownloader.dll (+2 others) [CacheHit ce3f6d3bccebcb0eaef25a7076f4731900000000000000000000000000000005]
[ 782/1335 1772377381s] Csc Library/Bee/artifacts/1900b0aE.dag/HFDownloader.dll (+2 others)
[ 784/1335  0s] MovedFromExtractor-Combine Library/Bee/artifacts/1900b0aE.dag/Unity.Profiling.Core.dll.mvfrm
[ 785/1335  0s] MovedFromExtractor-Combine Library/Bee/artifacts/1900b0aE.dag/Unity.AppUI.dll.mvfrm
[ 786/1335  0s] MovedFromExtractor Library/Bee/artifacts/mvdfrm/Unity.Collections.ref.dll_656D7410E7809ECD.mvfrm
[ 787/1335  0s] MovedFromExtractor-Combine Library/Bee/artifacts/1900b0aE.dag/Unity.TextMeshPro.dll.mvfrm
[ 788/1335  0s] MovedFromExtractor Library/Bee/artifacts/mvdfrm/Unity.AI.Toolkit.Accounts.ref.dll_40E450BA441EA324.mvfrm
[ 789/1335  0s] MovedFromExtractor-Combine Library/Bee/artifacts/1900b0aE.dag/Unity.MemoryProfiler.dll.mvfrm
[ 790/1335  0s] MovedFromExtractor-Combine Library/Bee/artifacts/1900b0aE.dag/Unity.AI.Generators.Asset.dll.mvfrm
[ 769/1335  0s] Csc Library/Bee/artifacts/1900b0aE.dag/Unity.Profiling.Core.dll (+2 others) [CacheHit d18a4b3fde976c16a3ec65230057a07b00000000000000000000000000000005]
[ 791/1335 1772377381s] Csc Library/Bee/artifacts/1900b0aE.dag/Unity.Profiling.Core.dll (+2 others)
[ 770/1335  0s] Csc Library/Bee/artifacts/1900b0aE.dag/Unity.TextMeshPro.dll (+2 others) [CacheHit 79b386eed73375ed4fc4e65b94d8718300000000000000000000000000000005]
[ 793/1335 1772377381s] Csc Library/Bee/artifacts/1900b0aE.dag/Unity.TextMeshPro.dll (+2 others)
[ 771/1335  0s] Csc Library/Bee/artifacts/1900b0aE.dag/Unity.AI.Generators.Asset.dll (+2 others) [CacheHit 2e6c55decdd4c15c8e964600bcbe3d7f00000000000000000000000000000005]
[ 795/1335 1772377381s] Csc Library/Bee/artifacts/1900b0aE.dag/Unity.AI.Generators.Asset.dll (+2 others)
[ 797/1335  0s] MovedFromExtractor-Combine Library/Bee/artifacts/1900b0aE.dag/Unity.EditorCoroutines.Editor.dll.mvfrm
[ 773/1335  0s] Csc Library/Bee/artifacts/1900b0aE.dag/Unity.AppUI.dll (+2 others) [CacheHit e336bab9b206d3b97e356e6ca8fb8e0c00000000000000000000000000000005]
[ 798/1335 1772377381s] Csc Library/Bee/artifacts/1900b0aE.dag/Unity.AppUI.dll (+2 others)
[ 800/1335  0s] MovedFromExtractor-Combine Library/Bee/artifacts/1900b0aE.dag/Unity.Collections.CodeGen.dll.mvfrm
[ 801/1335  0s] MovedFromExtractor-Combine Library/Bee/artifacts/1900b0aE.dag/Unity.InferenceEngine.dll.mvfrm
[ 802/1335  0s] MovedFromExtractor-Combine Library/Bee/artifacts/1900b0aE.dag/Unity.Serialization.dll.mvfrm
[ 777/1335  0s] Csc Library/Bee/artifacts/1900b0aE.dag/Unity.Collections.CodeGen.dll (+2 others) [CacheHit edf9edfcf9351c42f5e7b96d04c6f76700000000000000000000000000000005]
[ 803/1335 1772377381s] Csc Library/Bee/artifacts/1900b0aE.dag/Unity.Collections.CodeGen.dll (+2 others)
[ 805/1335  0s] MovedFromExtractor-Combine Library/Bee/artifacts/1900b0aE.dag/Unity.AI.Toolkit.GenerationObjectPicker.dll.mvfrm
[ 806/1335  0s] MovedFromExtractor-Combine Library/Bee/artifacts/1900b0aE.dag/Unity.AI.Toolkit.GenerationContextMenu.dll.mvfrm
[ 780/1335  0s] Csc Library/Bee/artifacts/1900b0aE.dag/Unity.Serialization.dll (+2 others) [CacheHit 85b1bb34ddd949b74f5536ba9470466400000000000000000000000000000005]
[ 807/1335 1772377382s] Csc Library/Bee/artifacts/1900b0aE.dag/Unity.Serialization.dll (+2 others)
[ 809/1335  0s] MovedFromExtractor-Combine Library/Bee/artifacts/1900b0aE.dag/glTFast.dll.mvfrm
[ 782/1335  0s] Csc Library/Bee/artifacts/1900b0aE.dag/Unity.AI.Toolkit.GenerationObjectPicker.dll (+2 others) [CacheHit b4bfb1064a127e351f808ef6a6a7642f00000000000000000000000000000005]
[ 810/1335 1772377382s] Csc Library/Bee/artifacts/1900b0aE.dag/Unity.AI.Toolkit.GenerationObjectPicker.dll (+2 others)
[ 812/1335  0s] MovedFromExtractor Library/Bee/artifacts/mvdfrm/Unity.TextMeshPro.ref.dll_84A4293DBDD182DB.mvfrm
[ 784/1335  0s] Csc Library/Bee/artifacts/1900b0aE.dag/Unity.InferenceEngine.dll (+2 others) [CacheHit 1adbef82f2af1fb83648d126f44d87a800000000000000000000000000000005]
[ 813/1335 1772377382s] Csc Library/Bee/artifacts/1900b0aE.dag/Unity.InferenceEngine.dll (+2 others)
[ 785/1335  0s] Csc Library/Bee/artifacts/1900b0aE.dag/Unity.AI.Toolkit.GenerationContextMenu.dll (+2 others) [CacheHit 28053056fe8184a9060a31ba30dc444000000000000000000000000000000005]
[ 815/1335 1772377382s] Csc Library/Bee/artifacts/1900b0aE.dag/Unity.AI.Toolkit.GenerationContextMenu.dll (+2 others)
[ 817/1335  0s] MovedFromExtractor Library/Bee/artifacts/mvdfrm/Unity.AI.Generators.Asset.ref.dll_3AB3B8911A134410.mvfrm
[ 787/1335  0s] Csc Library/Bee/artifacts/1900b0aE.dag/glTFast.dll (+2 others) [CacheHit e9814605b22839702afce3f2a3abc07100000000000000000000000000000005]
[ 818/1335 1772377382s] Csc Library/Bee/artifacts/1900b0aE.dag/glTFast.dll (+2 others)
[ 820/1335  0s] MovedFromExtractor Library/Bee/artifacts/mvdfrm/Unity.Serialization.ref.dll_BF7AFD1F0F56FEE8.mvfrm
[ 821/1335  0s] MovedFromExtractor-Combine Library/Bee/artifacts/1900b0aE.dag/Demigiant.DOTween.dll.mvfrm
[ 822/1335  0s] MovedFromExtractor Library/Bee/artifacts/mvdfrm/Unity.AppUI.ref.dll_A533BF42C323A64D.mvfrm
[ 823/1335  0s] MovedFromExtractor-Combine Library/Bee/artifacts/1900b0aE.dag/YarnSpinner.Unity.dll.mvfrm
[ 824/1335  0s] MovedFromExtractor-Combine Library/Bee/artifacts/1900b0aE.dag/Unity.AI.Generators.IO.dll.mvfrm
[ 825/1335  0s] MovedFromExtractor Library/Bee/artifacts/mvdfrm/Unity.InferenceEngine.ref.dll_9EDECC8B8B16B6F3.mvfrm
[ 794/1335  0s] Csc Library/Bee/artifacts/1900b0aE.dag/YarnSpinner.Unity.dll (+2 others) [CacheHit e52a311b7bda94011504a5a86d42712900000000000000000000000000000005]
[ 826/1335 1772377382s] Csc Library/Bee/artifacts/1900b0aE.dag/YarnSpinner.Unity.dll (+2 others)
[ 795/1335  0s] Csc Library/Bee/artifacts/1900b0aE.dag/Unity.AI.Generators.IO.dll (+2 others) [CacheHit 272d6326667fef918a98491a216a0ab300000000000000000000000000000005]
[ 828/1335 1772377382s] Csc Library/Bee/artifacts/1900b0aE.dag/Unity.AI.Generators.IO.dll (+2 others)
[ 830/1335  0s] MovedFromExtractor-Combine Library/Bee/artifacts/1900b0aE.dag/Unity.AI.Assistant.Runtime.dll.mvfrm
[ 831/1335  0s] MovedFromExtractor-Combine Library/Bee/artifacts/1900b0aE.dag/Unity.AI.Generators.UI.AIDropdownIntegrations.dll.mvfrm
[ 832/1335  0s] MovedFromExtractor Library/Bee/artifacts/mvdfrm/Unity.AI.Toolkit.GenerationContextMenu.ref.dll_469FE0890EC1A50E.mvfrm
[ 799/1335  0s] Csc Library/Bee/artifacts/1900b0aE.dag/Unity.AI.Generators.UI.AIDropdownIntegrations.dll (+2 others) [CacheHit e3948590211b103ee8d7fa6496d1683e00000000000000000000000000000005]
[ 833/1335 1772377382s] Csc Library/Bee/artifacts/1900b0aE.dag/Unity.AI.Generators.UI.AIDropdownIntegrations.dll (+2 others)
[ 835/1335  0s] MovedFromExtractor Library/Bee/artifacts/mvdfrm/Unity.AI.Toolkit.GenerationObjectPicker.ref.dll_A1168B504F8ABFD3.mvfrm
[ 801/1335  0s] Csc Library/Bee/artifacts/1900b0aE.dag/Unity.MemoryProfiler.dll (+2 others) [CacheHit a9951cbe114395d10d9d562d92e5408400000000000000000000000000000005]
[ 836/1335 1772377382s] Csc Library/Bee/artifacts/1900b0aE.dag/Unity.MemoryProfiler.dll (+2 others)
[ 838/1335  0s] MovedFromExtractor-Combine Library/Bee/artifacts/1900b0aE.dag/Unity.AppUI.Redux.dll.mvfrm
[ 803/1335  0s] Csc Library/Bee/artifacts/1900b0aE.dag/Unity.AI.Assistant.Runtime.dll (+2 others) [CacheHit b79f342ddf2b6b9d68c7ab9606f6106700000000000000000000000000000005]
[ 839/1335 1772377382s] Csc Library/Bee/artifacts/1900b0aE.dag/Unity.AI.Assistant.Runtime.dll (+2 others)
[ 841/1335  0s] MovedFromExtractor Library/Bee/artifacts/mvdfrm/Unity.AI.Generators.IO.ref.dll_8B6A42C65767D13C.mvfrm
[ 805/1335  0s] Csc Library/Bee/artifacts/1900b0aE.dag/Unity.EditorCoroutines.Editor.dll (+2 others) [CacheHit 2a82b5c96ba7af1e6f3f55bad1a6ec7600000000000000000000000000000005]
[ 842/1335 1772377382s] Csc Library/Bee/artifacts/1900b0aE.dag/Unity.EditorCoroutines.Editor.dll (+2 others)
[ 806/1335  0s] Csc Library/Bee/artifacts/1900b0aE.dag/Unity.AppUI.Redux.dll (+2 others) [CacheHit 5b1b07370fab87999720e1fa662bd7f300000000000000000000000000000005]
[ 844/1335 1772377382s] Csc Library/Bee/artifacts/1900b0aE.dag/Unity.AppUI.Redux.dll (+2 others)
[ 846/1335  0s] MovedFromExtractor Library/Bee/artifacts/mvdfrm/Unity.AI.Generators.UI.AIDropdownIntegrations.ref.dll_7BFF57B2F07D5332.mvfrm
[ 847/1335  0s] MovedFromExtractor-Combine Library/Bee/artifacts/1900b0aE.dag/ProjectFoundPhone.dll.mvfrm
[ 848/1335  0s] MovedFromExtractor Library/Bee/artifacts/mvdfrm/Unity.AI.Assistant.Runtime.ref.dll_FB0B56B59432A7B0.mvfrm
[ 849/1335  0s] MovedFromExtractor-Combine Library/Bee/artifacts/1900b0aE.dag/Unity.AI.Generators.UI.dll.mvfrm
[ 850/1335  0s] MovedFromExtractor-Combine Library/Bee/artifacts/1900b0aE.dag/Unity.AI.Generators.Sdk.dll.mvfrm
[ 851/1335  0s] MovedFromExtractor-Combine Library/Bee/artifacts/1900b0aE.dag/ProjectFoundPhone.Utils.dll.mvfrm
[ 813/1335  0s] Csc Library/Bee/artifacts/1900b0aE.dag/Unity.AI.Generators.UI.dll (+2 others) [CacheHit c29aeb145ceaaec6df8a2f901d1bf3d200000000000000000000000000000005]
[ 852/1335 1772377383s] Csc Library/Bee/artifacts/1900b0aE.dag/Unity.AI.Generators.UI.dll (+2 others)
[ 854/1335  0s] MovedFromExtractor-Combine Library/Bee/artifacts/1900b0aE.dag/glTFast.Export.dll.mvfrm
[ 815/1335  0s] Csc Library/Bee/artifacts/1900b0aE.dag/Unity.AI.Generators.Sdk.dll (+2 others) [CacheHit 2a7efcbfa44d4b4ab14d944208e0367000000000000000000000000000000005]
[ 855/1335 1772377383s] Csc Library/Bee/artifacts/1900b0aE.dag/Unity.AI.Generators.Sdk.dll (+2 others)
[ 857/1335  0s] MovedFromExtractor-Combine Library/Bee/artifacts/1900b0aE.dag/Unity.InferenceEngine.Microsoft.Msagl.dll.mvfrm
[ 858/1335  0s] MovedFromExtractor-Combine Library/Bee/artifacts/1900b0aE.dag/Unity.AI.Assistant.Editor.dll.mvfrm
[ 818/1335  0s] Csc Library/Bee/artifacts/1900b0aE.dag/glTFast.Export.dll (+2 others) [CacheHit 685b5c0ce2b03ed428d8a3b5aeed2be300000000000000000000000000000005]
[ 859/1335 1772377383s] Csc Library/Bee/artifacts/1900b0aE.dag/glTFast.Export.dll (+2 others)
[ 861/1335  0s] MovedFromExtractor Library/Bee/artifacts/mvdfrm/Unity.AI.Generators.UI.ref.dll_278CE6C41F56632A.mvfrm
[ 820/1335  0s] Csc Library/Bee/artifacts/1900b0aE.dag/Unity.AI.Assistant.Editor.dll (+2 others) [CacheHit bf18ca21af66417d51b8a4c89b331fb100000000000000000000000000000005]
[ 862/1335 1772377383s] Csc Library/Bee/artifacts/1900b0aE.dag/Unity.AI.Assistant.Editor.dll (+2 others)
[ 821/1335  0s] Csc Library/Bee/artifacts/1900b0aE.dag/Unity.InferenceEngine.Microsoft.Msagl.dll (+2 others) [CacheHit f7f081d53ceb4345cf66680aa473a9d600000000000000000000000000000005]
[ 864/1335 1772377383s] Csc Library/Bee/artifacts/1900b0aE.dag/Unity.InferenceEngine.Microsoft.Msagl.dll (+2 others)
[ 866/1335  0s] MovedFromExtractor Library/Bee/artifacts/mvdfrm/Unity.AI.Generators.Sdk.ref.dll_2790737380D9B51A.mvfrm
[ 867/1335  0s] MovedFromExtractor Library/Bee/artifacts/mvdfrm/Unity.Profiling.Core.ref.dll_DDC12D7300735955.mvfrm
[ 868/1335  0s] MovedFromExtractor Library/Bee/artifacts/mvdfrm/Unity.AI.Assistant.Editor.ref.dll_53C08784E7CB2C4B.mvfrm
[ 869/1335  0s] MovedFromExtractor Library/Bee/artifacts/mvdfrm/Unity.EditorCoroutines.Editor.ref.dll_34ED10A34098B2DB.mvfrm
[ 870/1335  0s] MovedFromExtractor Library/Bee/artifacts/mvdfrm/Unity.MemoryProfiler.ref.dll_B196C2D9333A09D8.mvfrm
[ 871/1335  0s] MovedFromExtractor-Combine Library/Bee/artifacts/1900b0aE.dag/Unity.AI.ModelSelector.dll.mvfrm
[ 872/1335  0s] MovedFromExtractor-Combine Library/Bee/artifacts/1900b0aE.dag/Unity.AppUI.Editor.dll.mvfrm
[ 829/1335  0s] Csc Library/Bee/artifacts/1900b0aE.dag/Unity.AI.ModelSelector.dll (+2 others) [CacheHit 4350a5f494f048361f3a32cb6ae83b3200000000000000000000000000000005]
[ 873/1335 1772377384s] Csc Library/Bee/artifacts/1900b0aE.dag/Unity.AI.ModelSelector.dll (+2 others)
[ 875/1335  0s] MovedFromExtractor-Combine Library/Bee/artifacts/1900b0aE.dag/Unity.AI.Search.Editor.dll.mvfrm
[ 876/1335  0s] MovedFromExtractor-Combine Library/Bee/artifacts/1900b0aE.dag/Unity.2D.Common.Runtime.dll.mvfrm
[ 877/1335  0s] MovedFromExtractor Library/Bee/artifacts/mvdfrm/Unity.AppUI.Redux.ref.dll_DB614A214C776B53.mvfrm
[ 833/1335  0s] Csc Library/Bee/artifacts/1900b0aE.dag/Unity.AppUI.Editor.dll (+2 others) [CacheHit 8edee9c9b74a90020b516fe18b8ae98100000000000000000000000000000005]
[ 878/1335 1772377384s] Csc Library/Bee/artifacts/1900b0aE.dag/Unity.AppUI.Editor.dll (+2 others)
[ 834/1335  0s] Csc Library/Bee/artifacts/1900b0aE.dag/Unity.2D.Common.Runtime.dll (+2 others) [CacheHit 21bb55ca8d92cbe7d538b5170423a1cb00000000000000000000000000000005]
[ 880/1335 1772377384s] Csc Library/Bee/artifacts/1900b0aE.dag/Unity.2D.Common.Runtime.dll (+2 others)
[ 835/1335  0s] Csc Library/Bee/artifacts/1900b0aE.dag/Unity.AI.Search.Editor.dll (+2 others) [CacheHit 395118af64210ed207356683f9f1b2f700000000000000000000000000000005]
[ 882/1335 1772377384s] Csc Library/Bee/artifacts/1900b0aE.dag/Unity.AI.Search.Editor.dll (+2 others)
[ 884/1335  0s] MovedFromExtractor Library/Bee/artifacts/mvdfrm/Unity.AI.ModelSelector.ref.dll_BD42153C5C1AFE60.mvfrm
[ 885/1335  0s] MovedFromExtractor-Combine Library/Bee/artifacts/1900b0aE.dag/Unity.MemoryProfiler.Editor.dll.mvfrm
[ 886/1335  0s] MovedFromExtractor-Combine Library/Bee/artifacts/1900b0aE.dag/Unity.Multiplayer.Center.Common.dll.mvfrm
[ 887/1335  0s] MovedFromExtractor Library/Bee/artifacts/mvdfrm/Unity.AI.Search.Editor.ref.dll_01BA32162EC9FC3B.mvfrm
[ 888/1335  0s] MovedFromExtractor-Combine Library/Bee/artifacts/1900b0aE.dag/Unity.InternalAPIEditorBridge.001.dll.mvfrm
[ 889/1335  0s] MovedFromExtractor-Combine Library/Bee/artifacts/1900b0aE.dag/Unity.AI.Image.dll.mvfrm
[ 890/1335  0s] MovedFromExtractor-Combine Library/Bee/artifacts/1900b0aE.dag/Unity.InferenceEngine.ONNX.Editor.dll.mvfrm
[ 891/1335  0s] MovedFromExtractor-Combine Library/Bee/artifacts/1900b0aE.dag/Unity.AppUI.Navigation.dll.mvfrm
[ 844/1335  0s] Csc Library/Bee/artifacts/1900b0aE.dag/Unity.AI.Image.dll (+2 others) [CacheHit 879a24a9b2ca3b3e7e7c890df2c88f7700000000000000000000000000000005]
[ 892/1335 1772377385s] Csc Library/Bee/artifacts/1900b0aE.dag/Unity.AI.Image.dll (+2 others)
[ 894/1335  0s] MovedFromExtractor-Combine Library/Bee/artifacts/1900b0aE.dag/Unity.AI.Animate.Motion.Runtime.dll.mvfrm
[ 895/1335  0s] MovedFromExtractor-Combine Library/Bee/artifacts/1900b0aE.dag/Unity.AI.Assistant.Tools.Editor.dll.mvfrm
[ 896/1335  0s] MovedFromExtractor-Combine Library/Bee/artifacts/1900b0aE.dag/Unity.AI.Pbr.Srp.dll.mvfrm
[ 848/1335  0s] Csc Library/Bee/artifacts/1900b0aE.dag/Unity.AI.Animate.Motion.Runtime.dll (+2 others) [CacheHit 2e4e5cee86eac4f121584fbbb7cb415500000000000000000000000000000005]
[ 897/1335 1772377386s] Csc Library/Bee/artifacts/1900b0aE.dag/Unity.AI.Animate.Motion.Runtime.dll (+2 others)
[ 899/1335  0s] MovedFromExtractor Library/Bee/artifacts/mvdfrm/Unity.InferenceEngine.Microsoft.Msagl.ref.dll_2A0B58B0A1168A45.mvfrm
[ 850/1335  0s] Csc Library/Bee/artifacts/1900b0aE.dag/Unity.AI.Assistant.Tools.Editor.dll (+2 others) [CacheHit 37ce3e7f1e6ca67b24773e9f6b53a10500000000000000000000000000000005]
[ 900/1335 1772377386s] Csc Library/Bee/artifacts/1900b0aE.dag/Unity.AI.Assistant.Tools.Editor.dll (+2 others)
[ 851/1335  0s] Csc Library/Bee/artifacts/1900b0aE.dag/Unity.AI.Pbr.Srp.dll (+2 others) [CacheHit 75d06ab9fb4358c68c2180a50117b3ea00000000000000000000000000000005]
[ 902/1335 1772377386s] Csc Library/Bee/artifacts/1900b0aE.dag/Unity.AI.Pbr.Srp.dll (+2 others)
[ 904/1335  0s] MovedFromExtractor Library/Bee/artifacts/mvdfrm/Unity.AI.Image.ref.dll_942F1B2141B66863.mvfrm
[ 853/1335  0s] Csc Library/Bee/artifacts/1900b0aE.dag/Unity.MemoryProfiler.Editor.dll (+2 others) [CacheHit 4ebd3cd8463e8072960987b8170af83000000000000000000000000000000005]
[ 853/1335  0s] Csc Library/Bee/artifacts/1900b0aE.dag/Unity.AppUI.Navigation.dll (+2 others) [CacheHit 5ff9fe2dd1761ba9750f649aca0b1b0c00000000000000000000000000000005]
[ 905/1335 1772377386s] Csc Library/Bee/artifacts/1900b0aE.dag/Unity.MemoryProfiler.Editor.dll (+2 others)
[ 907/1335 1772377386s] Csc Library/Bee/artifacts/1900b0aE.dag/Unity.AppUI.Navigation.dll (+2 others)
[ 909/1335  0s] MovedFromExtractor-Combine Library/Bee/artifacts/1900b0aE.dag/glTFast.Editor.dll.mvfrm
[ 910/1335  3s] Csc Library/Bee/artifacts/1900b0aE.dag/ProjectFoundPhone.Utils.dll (+2 others)
[ 856/1335  0s] Csc Library/Bee/artifacts/1900b0aE.dag/Unity.InferenceEngine.ONNX.Editor.dll (+2 others) [CacheHit 08415a3a0a4de442e0478e9f05faec5000000000000000000000000000000005]
[ 911/1335 1772377386s] Csc Library/Bee/artifacts/1900b0aE.dag/Unity.InferenceEngine.ONNX.Editor.dll (+2 others)
[ 857/1335  0s] Csc Library/Bee/artifacts/1900b0aE.dag/Unity.InternalAPIEditorBridge.001.dll (+2 others) [CacheHit eb351611fd85b42309281060b70ba78200000000000000000000000000000005]
[ 913/1335 1772377386s] Csc Library/Bee/artifacts/1900b0aE.dag/Unity.InternalAPIEditorBridge.001.dll (+2 others)
[ 915/1335  0s] MovedFromExtractor Library/Bee/artifacts/mvdfrm/Unity.AI.Assistant.Tools.Editor.ref.dll_5723FEA044F1D63E.mvfrm
[ 916/1335  4s] Csc Library/Bee/artifacts/1900b0aE.dag/Demigiant.DOTween.dll (+2 others)
[ 861/1335  0s] Csc Library/Bee/artifacts/1900b0aE.dag/Unity.Multiplayer.Center.Common.dll (+2 others) [CacheHit 03fab091afe47c71a6cd14b5906063f800000000000000000000000000000005]
[ 917/1335 1772377386s] Csc Library/Bee/artifacts/1900b0aE.dag/Unity.Multiplayer.Center.Common.dll (+2 others)
[ 919/1335  0s] MovedFromExtractor-Combine Library/Bee/artifacts/1900b0aE.dag/Unity.2D.Enhancers.Editor.AIBridge.dll.mvfrm
[ 863/1335  0s] Csc Library/Bee/artifacts/1900b0aE.dag/glTFast.Editor.dll (+2 others) [CacheHit 6a731f92ff83dced567f79d1c686338d00000000000000000000000000000005]
[ 920/1335 1772377386s] Csc Library/Bee/artifacts/1900b0aE.dag/glTFast.Editor.dll (+2 others)
[ 864/1335  0s] Csc Library/Bee/artifacts/1900b0aE.dag/Unity.2D.Enhancers.Editor.AIBridge.dll (+2 others) [CacheHit 1853e2db59081e91ebe8f08c0f06678a00000000000000000000000000000005]
[ 922/1335 1772377387s] Csc Library/Bee/artifacts/1900b0aE.dag/Unity.2D.Enhancers.Editor.AIBridge.dll (+2 others)
[ 924/1335  0s] MovedFromExtractor-Combine Library/Bee/artifacts/1900b0aE.dag/Unity.InferenceEngine.Editor.Visualizer.dll.mvfrm
[ 925/1335  0s] MovedFromExtractor-Combine Library/Bee/artifacts/1900b0aE.dag/Unity.AI.Assistant.UI.Editor.dll.mvfrm
[ 926/1335  0s] MovedFromExtractor-Combine Library/Bee/artifacts/1900b0aE.dag/ProjectFoundPhone.Dev.dll.mvfrm
[ 927/1335  0s] MovedFromExtractor-Combine Library/Bee/artifacts/1900b0aE.dag/ProjectFoundPhone.Tests.dll.mvfrm
[ 928/1335  5s] ILPP-Configuration Library/ilpp-configuration.nevergeneratedoutput
[ 870/1335  0s] Csc Library/Bee/artifacts/1900b0aE.dag/Unity.InferenceEngine.Editor.Visualizer.dll (+2 others) [CacheHit d47bec797804a72a64ab0952a8df7e9400000000000000000000000000000005]
[ 929/1335 1772377387s] Csc Library/Bee/artifacts/1900b0aE.dag/Unity.InferenceEngine.Editor.Visualizer.dll (+2 others)
[ 931/1335  0s] MovedFromExtractor Library/Bee/artifacts/mvdfrm/Unity.AI.Animate.Motion.Runtime.ref.dll_FBCAABFB1EE2652B.mvfrm
[ 932/1335  0s] MovedFromExtractor Library/Bee/artifacts/mvdfrm/Unity.AI.Pbr.Srp.ref.dll_32991FC80F30FB4B.mvfrm
[ 873/1335  0s] Csc Library/Bee/artifacts/1900b0aE.dag/Unity.AI.Assistant.UI.Editor.dll (+2 others) [CacheHit 60e847cb4e520e620b1e9f54cf0d9ed500000000000000000000000000000005]
[ 933/1335 1772377387s] Csc Library/Bee/artifacts/1900b0aE.dag/Unity.AI.Assistant.UI.Editor.dll (+2 others)
[ 935/1335  0s] MovedFromExtractor Library/Bee/artifacts/mvdfrm/Unity.2D.Common.Runtime.ref.dll_77798F371487C3E9.mvfrm
[ 936/1335  0s] MovedFromExtractor Library/Bee/artifacts/mvdfrm/Unity.MemoryProfiler.Editor.ref.dll_CB0D5363E6A86359.mvfrm
[ 937/1335  0s] MovedFromExtractor Library/Bee/artifacts/mvdfrm/Unity.2D.Enhancers.Editor.AIBridge.ref.dll_3A3E20E3844BF2A5.mvfrm
[ 938/1335  0s] MovedFromExtractor Library/Bee/artifacts/mvdfrm/Unity.AppUI.Editor.ref.dll_4AB738DF8C95A534.mvfrm
[ 939/1335  0s] MovedFromExtractor Library/Bee/artifacts/mvdfrm/Unity.AppUI.Navigation.ref.dll_1ED6E38AD34C496B.mvfrm
[ 940/1335  0s] MovedFromExtractor Library/Bee/artifacts/mvdfrm/Unity.InternalAPIEditorBridge.001.ref.dll_C275F416F58A86FE.mvfrm
[ 941/1335  0s] MovedFromExtractor Library/Bee/artifacts/mvdfrm/Unity.AI.Assistant.UI.Editor.ref.dll_C3356BD0C7801DBF.mvfrm
[ 942/1335  0s] MovedFromExtractor Library/Bee/artifacts/mvdfrm/Unity.InferenceEngine.ONNX.Editor.ref.dll_C15286C7F5D85607.mvfrm
[ 943/1335  0s] MovedFromExtractor-Combine Library/Bee/artifacts/1900b0aE.dag/Unity.AI.Pbr.dll.mvfrm
[ 944/1335  0s] MovedFromExtractor Library/Bee/artifacts/mvdfrm/Unity.Multiplayer.Center.Common.ref.dll_EE36537354EA42C8.mvfrm
[ 945/1335  0s] MovedFromExtractor-Combine Library/Bee/artifacts/1900b0aE.dag/Unity.AI.Animate.dll.mvfrm
[ 946/1335  0s] MovedFromExtractor-Combine Library/Bee/artifacts/1900b0aE.dag/Unity.AI.Sound.dll.mvfrm
[ 947/1335  0s] MovedFromExtractor-Combine Library/Bee/artifacts/1900b0aE.dag/Unity.AI.Mesh.dll.mvfrm
[ 887/1335  0s] Csc Library/Bee/artifacts/1900b0aE.dag/Unity.AI.Pbr.dll (+2 others) [CacheHit 6f08df53035547bfc9e2cb91fabef1f700000000000000000000000000000005]
[ 948/1335 1772377388s] Csc Library/Bee/artifacts/1900b0aE.dag/Unity.AI.Pbr.dll (+2 others)
[ 950/1335  0s] MovedFromExtractor-Combine Library/Bee/artifacts/1900b0aE.dag/Unity.AI.Assistant.API.Editor.dll.mvfrm
[ 889/1335  0s] Csc Library/Bee/artifacts/1900b0aE.dag/Unity.AI.Animate.dll (+2 others) [CacheHit d434205f9a3210db10903ac3ce140bf900000000000000000000000000000005]
[ 951/1335 1772377388s] Csc Library/Bee/artifacts/1900b0aE.dag/Unity.AI.Animate.dll (+2 others)
[ 953/1335  0s] MovedFromExtractor Library/Bee/artifacts/mvdfrm/Unity.InferenceEngine.Editor.Visualizer.ref.dll_DF84C9EF207349E4.mvfrm
[ 891/1335  0s] Csc Library/Bee/artifacts/1900b0aE.dag/Unity.AI.Sound.dll (+2 others) [CacheHit 5e50e45743fc3765c2fb4c0acdfb7a6900000000000000000000000000000005]
[ 954/1335 1772377388s] Csc Library/Bee/artifacts/1900b0aE.dag/Unity.AI.Sound.dll (+2 others)
[ 892/1335  0s] Csc Library/Bee/artifacts/1900b0aE.dag/Unity.AI.Mesh.dll (+2 others) [CacheHit 878674d946ab0e571c4e46ff7ef0744c00000000000000000000000000000005]
[ 956/1335 1772377388s] Csc Library/Bee/artifacts/1900b0aE.dag/Unity.AI.Mesh.dll (+2 others)
[ 958/1335  0s] MovedFromExtractor-Combine Library/Bee/artifacts/1900b0aE.dag/MCPForUnity.Runtime.dll.mvfrm
[ 894/1335  0s] Csc Library/Bee/artifacts/1900b0aE.dag/Unity.AI.Assistant.API.Editor.dll (+2 others) [CacheHit b5a7de6774a8e0f97c8ee37004116f3f00000000000000000000000000000005]
[ 959/1335 1772377388s] Csc Library/Bee/artifacts/1900b0aE.dag/Unity.AI.Assistant.API.Editor.dll (+2 others)
[ 961/1335  0s] MovedFromExtractor-Combine Library/Bee/artifacts/1900b0aE.dag/ProjectFoundPhone.Editor.dll.mvfrm
[ 962/1335  0s] MovedFromExtractor-Combine Library/Bee/artifacts/1900b0aE.dag/Unity.InferenceEngine.Editor.dll.mvfrm
[ 963/1335  0s] MovedFromExtractor-Combine Library/Bee/artifacts/1900b0aE.dag/Unity.AppUI.Undo.dll.mvfrm
[ 964/1335  0s] MovedFromExtractor-Combine Library/Bee/artifacts/1900b0aE.dag/Unity.Collections.Editor.dll.mvfrm
[ 965/1335  0s] MovedFromExtractor-Combine Library/Bee/artifacts/1900b0aE.dag/Unity.2D.Common.Path.Editor.dll.mvfrm
[ 966/1335  0s] MovedFromExtractor-Combine Library/Bee/artifacts/1900b0aE.dag/Unity.InferenceEngine.iOSBLAS.dll.mvfrm
[ 967/1335  0s] MovedFromExtractor Library/Bee/artifacts/mvdfrm/Unity.AI.Assistant.API.Editor.ref.dll_33614DDC47D0B13F.mvfrm
[ 968/1335  0s] MovedFromExtractor-Combine Library/Bee/artifacts/1900b0aE.dag/Unity.2D.Common.Editor.dll.mvfrm
[ 969/1335  0s] MovedFromExtractor-Combine Library/Bee/artifacts/1900b0aE.dag/Unity.InferenceEngine.MacBLAS.dll.mvfrm
[ 970/1335  0s] MovedFromExtractor-Combine Library/Bee/artifacts/1900b0aE.dag/Unity.Settings.Editor.dll.mvfrm
[ 971/1335  0s] MovedFromExtractor-Combine Library/Bee/artifacts/1900b0aE.dag/Unity.Serialization.Editor.dll.mvfrm
[ 972/1335  0s] MovedFromExtractor-Combine Library/Bee/artifacts/1900b0aE.dag/Unity.Mathematics.Editor.dll.mvfrm
[ 973/1335  0s] MovedFromExtractor-Combine Library/Bee/artifacts/1900b0aE.dag/UnityEditor.UI.Analytics.dll.mvfrm
[ 974/1335  0s] MovedFromExtractor-Combine Library/Bee/artifacts/1900b0aE.dag/Unity.AI.Assistant.Integrations.Profiler.Editor.dll.mvfrm
[ 975/1335  0s] MovedFromExtractor-Combine Library/Bee/artifacts/1900b0aE.dag/Unity.Burst.Editor.dll.mvfrm
[ 976/1335  0s] MovedFromExtractor-Combine Library/Bee/artifacts/1900b0aE.dag/Unity.InternalAPIEngineBridge.001.dll.mvfrm
[ 977/1335  0s] MovedFromExtractor-Combine Library/Bee/artifacts/1900b0aE.dag/Unity.AppUI.MVVM.dll.mvfrm
[ 978/1335  0s] MovedFromExtractor-Combine Library/Bee/artifacts/1900b0aE.dag/Unity.InferenceEngine.Tokenization.dll.mvfrm
[ 979/1335  0s] MovedFromExtractor-Combine Library/Bee/artifacts/1900b0aE.dag/Unity.Multiplayer.Center.Editor.dll.mvfrm
[ 980/1335  0s] MovedFromExtractor-Combine Library/Bee/artifacts/1900b0aE.dag/Unity.TextMeshPro.Editor.dll.mvfrm
[ 981/1335  0s] MovedFromExtractor-Combine Library/Bee/artifacts/1900b0aE.dag/Unity.2D.Enhancers.Editor.dll.mvfrm
[ 916/1335  0s] Csc Library/Bee/artifacts/1900b0aE.dag/Unity.TextMeshPro.Editor.dll (+2 others) [CacheHit 3c0b6f2ed5122c5de313cbef7b13fd8e00000000000000000000000000000005]
[ 982/1335 1772377390s] Csc Library/Bee/artifacts/1900b0aE.dag/Unity.TextMeshPro.Editor.dll (+2 others)
[ 984/1335  0s] MovedFromExtractor-Combine Library/Bee/artifacts/1900b0aE.dag/Unity.AppUI.Redux.Editor.dll.mvfrm
[ 985/1335  0s] MovedFromExtractor-Combine Library/Bee/artifacts/1900b0aE.dag/Unity.2D.Sprite.AIIntegration.Editor.dll.mvfrm
[ 986/1335  0s] MovedFromExtractor-Combine Library/Bee/artifacts/1900b0aE.dag/Unity.AppUI.Navigation.Editor.dll.mvfrm
[ 987/1335  3s] Csc Library/Bee/artifacts/1900b0aE.dag/ProjectFoundPhone.dll (+2 others)
Assets\Scripts\UI\ChatDialogueView.cs(42,94): warning CS8600: Converting null literal or possible null value to non-nullable type.

Assets\Scripts\UI\ChatDialogueView.cs(70,49): warning CS8600: Converting null literal or possible null value to non-nullable type.

Assets\Scripts\MVP\MVPGameController.cs(389,13): warning CS0618: 'TMP_Text.enableWordWrapping' is obsolete: 'The enabledWordWrapping property is now obsolete. Please use the textWrappingMode property instead.'

Assets\Scripts\MVP\MVPGameController.cs(463,13): warning CS0618: 'TMP_Text.enableWordWrapping' is obsolete: 'The enabledWordWrapping property is now obsolete. Please use the textWrappingMode property instead.'
[ 988/1335  0s] MovedFromExtractor-Combine Library/Bee/artifacts/1900b0aE.dag/Unity.MemoryProfiler.Editor.MemoryProfilerModule.dll.mvfrm
[ 922/1335  0s] Csc Library/Bee/artifacts/1900b0aE.dag/Unity.2D.Enhancers.Editor.dll (+2 others) [CacheHit 626a307a2061c24f508066e0b138bc3c00000000000000000000000000000005]
[ 989/1335 1772377390s] Csc Library/Bee/artifacts/1900b0aE.dag/Unity.2D.Enhancers.Editor.dll (+2 others)
[ 923/1335  0s] Csc Library/Bee/artifacts/1900b0aE.dag/Unity.InferenceEngine.MacBLAS.dll (+2 others) [CacheHit c25b5833e365458f4ede797f4b3612b100000000000000000000000000000005]
[ 991/1335 1772377390s] Csc Library/Bee/artifacts/1900b0aE.dag/Unity.InferenceEngine.MacBLAS.dll (+2 others)
[ 924/1335  0s] Csc Library/Bee/artifacts/1900b0aE.dag/Unity.2D.Sprite.AIIntegration.Editor.dll (+2 others) [CacheHit 5ebb189c16e1ed82fb838421cde4ffb200000000000000000000000000000005]
[ 993/1335 1772377390s] Csc Library/Bee/artifacts/1900b0aE.dag/Unity.2D.Sprite.AIIntegration.Editor.dll (+2 others)
[ 925/1335  0s] Csc Library/Bee/artifacts/1900b0aE.dag/Unity.AppUI.Navigation.Editor.dll (+2 others) [CacheHit 86fa6e7827aea80ee7fd46d39df3211200000000000000000000000000000005]
[ 995/1335 1772377390s] Csc Library/Bee/artifacts/1900b0aE.dag/Unity.AppUI.Navigation.Editor.dll (+2 others)
[ 926/1335  0s] Csc Library/Bee/artifacts/1900b0aE.dag/Unity.AppUI.Redux.Editor.dll (+2 others) [CacheHit 4bb6fd329ca339b48ce2b9b74f9d7a6500000000000000000000000000000005]
[ 997/1335 1772377390s] Csc Library/Bee/artifacts/1900b0aE.dag/Unity.AppUI.Redux.Editor.dll (+2 others)
[ 927/1335  0s] Csc Library/Bee/artifacts/1900b0aE.dag/Unity.Mathematics.Editor.dll (+2 others) [CacheHit e47be599518f06a2d65f905c10e02afe00000000000000000000000000000005]
[ 999/1335 1772377390s] Csc Library/Bee/artifacts/1900b0aE.dag/Unity.Mathematics.Editor.dll (+2 others)
[ 928/1335  0s] Csc Library/Bee/artifacts/1900b0aE.dag/Unity.MemoryProfiler.Editor.MemoryProfilerModule.dll (+2 others) [CacheHit ef148ef18006525feee8c2347c9406b800000000000000000000000000000005]
[1001/1335 1772377390s] Csc Library/Bee/artifacts/1900b0aE.dag/Unity.MemoryProfiler.Editor.MemoryProfilerModule.dll (+2 others)
[ 929/1335  0s] Csc Library/Bee/artifacts/1900b0aE.dag/Unity.AI.Assistant.Integrations.Profiler.Editor.dll (+2 others) [CacheHit 59081579ab80954d9c11ce7a8e77ad1200000000000000000000000000000005]
[1003/1335 1772377390s] Csc Library/Bee/artifacts/1900b0aE.dag/Unity.AI.Assistant.Integrations.Profiler.Editor.dll (+2 others)
[ 930/1335  0s] Csc Library/Bee/artifacts/1900b0aE.dag/Unity.Multiplayer.Center.Editor.dll (+2 others) [CacheHit 63126b16eff20654fcb32230e4abfb8400000000000000000000000000000005]
[1005/1335 1772377391s] Csc Library/Bee/artifacts/1900b0aE.dag/Unity.Multiplayer.Center.Editor.dll (+2 others)
[ 931/1335  0s] Csc Library/Bee/artifacts/1900b0aE.dag/UnityEditor.UI.Analytics.dll (+2 others) [CacheHit 4f27f61f786298ec6deefcd7abb538ea00000000000000000000000000000005]
[1007/1335 1772377391s] Csc Library/Bee/artifacts/1900b0aE.dag/UnityEditor.UI.Analytics.dll (+2 others)
[ 932/1335  0s] Csc Library/Bee/artifacts/1900b0aE.dag/Unity.Burst.Editor.dll (+2 others) [CacheHit bf9a86ee8ad85f359020947e09d1715200000000000000000000000000000005]
[1009/1335 1772377391s] Csc Library/Bee/artifacts/1900b0aE.dag/Unity.Burst.Editor.dll (+2 others)
[ 933/1335  0s] Csc Library/Bee/artifacts/1900b0aE.dag/Unity.InternalAPIEngineBridge.001.dll (+2 others) [CacheHit a1248f228aba06e3c4afd3b9e8b6739500000000000000000000000000000005]
[1011/1335 1772377391s] Csc Library/Bee/artifacts/1900b0aE.dag/Unity.InternalAPIEngineBridge.001.dll (+2 others)
[ 934/1335  0s] Csc Library/Bee/artifacts/1900b0aE.dag/Unity.InferenceEngine.Tokenization.dll (+2 others) [CacheHit 1f2dacbe6f20d4e2f227a60e37202ec800000000000000000000000000000005]
[1013/1335 1772377391s] Csc Library/Bee/artifacts/1900b0aE.dag/Unity.InferenceEngine.Tokenization.dll (+2 others)
[ 935/1335  0s] Csc Library/Bee/artifacts/1900b0aE.dag/Unity.AppUI.MVVM.dll (+2 others) [CacheHit ce9b0d58f14057471609c59540c77c8a00000000000000000000000000000005]
[1015/1335 1772377391s] Csc Library/Bee/artifacts/1900b0aE.dag/Unity.AppUI.MVVM.dll (+2 others)
[ 936/1335  0s] Csc Library/Bee/artifacts/1900b0aE.dag/Unity.2D.Common.Editor.dll (+2 others) [CacheHit ef482fb8d51fd92f02dbd024956eaeb100000000000000000000000000000005]
[1017/1335 1772377391s] Csc Library/Bee/artifacts/1900b0aE.dag/Unity.2D.Common.Editor.dll (+2 others)
[ 937/1335  0s] Csc Library/Bee/artifacts/1900b0aE.dag/Unity.Settings.Editor.dll (+2 others) [CacheHit 8cd94e31bd8f7f35f0d2028566ac529800000000000000000000000000000005]
[1019/1335 1772377391s] Csc Library/Bee/artifacts/1900b0aE.dag/Unity.Settings.Editor.dll (+2 others)
[ 938/1335  0s] Csc Library/Bee/artifacts/1900b0aE.dag/Unity.2D.Common.Path.Editor.dll (+2 others) [CacheHit 9ff40d933d60a649b7ac1325e1ce607400000000000000000000000000000005]
[1021/1335 1772377391s] Csc Library/Bee/artifacts/1900b0aE.dag/Unity.2D.Common.Path.Editor.dll (+2 others)
[ 939/1335  0s] Csc Library/Bee/artifacts/1900b0aE.dag/Unity.Serialization.Editor.dll (+2 others) [CacheHit 9ba85170e8bbdc9d18ef4a0dd23375c400000000000000000000000000000005]
[1023/1335 1772377392s] Csc Library/Bee/artifacts/1900b0aE.dag/Unity.Serialization.Editor.dll (+2 others)
[ 940/1335  0s] Csc Library/Bee/artifacts/1900b0aE.dag/Unity.Collections.Editor.dll (+2 others) [CacheHit 2d0d4adabb7e3f8462d54f3b050166f600000000000000000000000000000005]
[1025/1335 1772377392s] Csc Library/Bee/artifacts/1900b0aE.dag/Unity.Collections.Editor.dll (+2 others)
[ 941/1335  0s] Csc Library/Bee/artifacts/1900b0aE.dag/Unity.InferenceEngine.iOSBLAS.dll (+2 others) [CacheHit 71ced92bdf5fde244ede797f24371fe200000000000000000000000000000005]
[1027/1335 1772377392s] Csc Library/Bee/artifacts/1900b0aE.dag/Unity.InferenceEngine.iOSBLAS.dll (+2 others)
[ 942/1335  0s] Csc Library/Bee/artifacts/1900b0aE.dag/Unity.AppUI.Undo.dll (+2 others) [CacheHit 414b72996bc4897371cbc9eb4ac5fdbb00000000000000000000000000000005]
[1029/1335 1772377392s] Csc Library/Bee/artifacts/1900b0aE.dag/Unity.AppUI.Undo.dll (+2 others)
[1031/1335  1s] Csc Library/Bee/artifacts/1900b0aE.dag/MCPForUnity.Runtime.dll (+2 others)
[1032/1335  1s] Csc Library/Bee/artifacts/1900b0aE.dag/ProjectFoundPhone.Dev.dll (+2 others)
[ 944/1335  0s] Csc Library/Bee/artifacts/1900b0aE.dag/Unity.InferenceEngine.Editor.dll (+2 others) [CacheHit b014eeb9659a87a71bb7fef90a945bae00000000000000000000000000000005]
[1033/1335 1772377392s] Csc Library/Bee/artifacts/1900b0aE.dag/Unity.InferenceEngine.Editor.dll (+2 others)
[1035/1335  0s] MovedFromExtractor Library/Bee/artifacts/mvdfrm/Unity.AI.Sound.ref.dll_B4EB8DC7AFE856A7.mvfrm
[1036/1335  0s] MovedFromExtractor Library/Bee/artifacts/mvdfrm/Unity.AI.Mesh.ref.dll_B3F3789906D1B0CB.mvfrm
[1037/1335  0s] MovedFromExtractor-Combine Library/Bee/artifacts/1900b0aE.dag/glTFast.dots.dll.mvfrm
[1038/1335  0s] MovedFromExtractor-Combine Library/Bee/artifacts/1900b0aE.dag/Unity.PerformanceTesting.dll.mvfrm
[1039/1335  0s] MovedFromExtractor Library/Bee/artifacts/mvdfrm/Unity.AI.Pbr.ref.dll_677F04C39FC1E368.mvfrm
[1040/1335  0s] MovedFromExtractor-Combine Library/Bee/artifacts/1900b0aE.dag/ProjectFoundPhone.MVP.Editor.dll.mvfrm
[1041/1335  0s] MovedFromExtractor Library/Bee/artifacts/mvdfrm/Unity.AI.Animate.ref.dll_1AB688C6750F0159.mvfrm
[ 953/1335  0s] Csc Library/Bee/artifacts/1900b0aE.dag/Unity.PerformanceTesting.dll (+2 others) [CacheHit 8ce04a1a53dcdc8df5586519f9e7d3cb00000000000000000000000000000005]
[1042/1335 1772377392s] Csc Library/Bee/artifacts/1900b0aE.dag/Unity.PerformanceTesting.dll (+2 others)
[1044/1335  0s] MovedFromExtractor-Combine Library/Bee/artifacts/1900b0aE.dag/MCPForUnity.Editor.dll.mvfrm
[1045/1335  0s] MovedFromExtractor-Combine Library/Bee/artifacts/1900b0aE.dag/ProjectFoundPhone.Debug.Editor.dll.mvfrm
[1046/1335  0s] MovedFromExtractor-Combine Library/Bee/artifacts/1900b0aE.dag/Demigiant.DOTweenPro.Editor.dll.mvfrm
[1047/1335  2s] Csc Library/Bee/artifacts/1900b0aE.dag/ProjectFoundPhone.Tests.dll (+2 others)
[1048/1335  0s] MovedFromExtractor-Combine Library/Bee/artifacts/1900b0aE.dag/YarnSpinner.Unity.Editor.dll.mvfrm
[1049/1335  0s] MovedFromExtractor-Combine Library/Bee/artifacts/1900b0aE.dag/Unity.AI.Generators.Tools.dll.mvfrm
[ 960/1335  0s] Csc Library/Bee/artifacts/1900b0aE.dag/glTFast.dots.dll (+2 others) [CacheHit ed34e19da3fa3532ba0fcddb4bc468bf00000000000000000000000000000005]
[1050/1335 1772377392s] Csc Library/Bee/artifacts/1900b0aE.dag/glTFast.dots.dll (+2 others)
[ 961/1335  0s] Csc Library/Bee/artifacts/1900b0aE.dag/YarnSpinner.Unity.Editor.dll (+2 others) [CacheHit 548492cdd89558b4f586d0d70106ed9800000000000000000000000000000005]
[1052/1335 1772377392s] Csc Library/Bee/artifacts/1900b0aE.dag/YarnSpinner.Unity.Editor.dll (+2 others)
[1054/1335  0s] MovedFromExtractor Library/Bee/artifacts/mvdfrm/Unity.Mathematics.Editor.ref.dll_9A20CFD48BC11F43.mvfrm
[ 963/1335  0s] Csc Library/Bee/artifacts/1900b0aE.dag/Unity.AI.Generators.Tools.dll (+2 others) [CacheHit f416b32ae34e489e790fd7fed6977aeb00000000000000000000000000000005]
[1055/1335 1772377392s] Csc Library/Bee/artifacts/1900b0aE.dag/Unity.AI.Generators.Tools.dll (+2 others)
[1057/1335  0s] Csc Library/Bee/artifacts/1900b0aE.dag/ProjectFoundPhone.MVP.Editor.dll (+2 others)
Assets\Scripts\MVP\Editor\MVPTestHelper.cs(56,25): warning CS0618: 'Object.FindObjectOfType<T>()' is obsolete: 'Object.FindObjectOfType has been deprecated. Use Object.FindFirstObjectByType instead or if finding any instance is acceptable the faster Object.FindAnyObjectByType'
[1058/1335  0s] MovedFromExtractor Library/Bee/artifacts/mvdfrm/Unity.2D.Common.Editor.ref.dll_BD59A5CBF9D52B22.mvfrm
[1059/1335  0s] MovedFromExtractor Library/Bee/artifacts/mvdfrm/Unity.2D.Sprite.AIIntegration.Editor.ref.dll_12F9F963B5BC111A.mvfrm
[1060/1335  0s] MovedFromExtractor Library/Bee/artifacts/mvdfrm/Unity.Multiplayer.Center.Editor.ref.dll_EB1F4B6E56116D4A.mvfrm
[1061/1335  0s] MovedFromExtractor Library/Bee/artifacts/mvdfrm/Unity.AppUI.MVVM.ref.dll_BC24948F7C353607.mvfrm
[1062/1335  0s] MovedFromExtractor Library/Bee/artifacts/mvdfrm/Unity.InternalAPIEngineBridge.001.ref.dll_B4F0ACC15A996E43.mvfrm
[1063/1335  0s] MovedFromExtractor Library/Bee/artifacts/mvdfrm/Unity.Settings.Editor.ref.dll_7F5B154C05A780B0.mvfrm
[1064/1335  0s] Csc Library/Bee/artifacts/1900b0aE.dag/Demigiant.DOTweenPro.Editor.dll (+2 others)
[1065/1335  0s] MovedFromExtractor Library/Bee/artifacts/mvdfrm/Unity.InferenceEngine.Editor.ref.dll_4D8CFC134AD7A0EE.mvfrm
[1066/1335  0s] MovedFromExtractor Library/Bee/artifacts/mvdfrm/Unity.Serialization.Editor.ref.dll_FD4438533A0F6F49.mvfrm
[1067/1335  0s] MovedFromExtractor Library/Bee/artifacts/mvdfrm/Unity.MemoryProfiler.Editor.MemoryProfilerModule.ref.dll_9E56BDBCBF68EBA1.mvfrm
[1068/1335  0s] MovedFromExtractor Library/Bee/artifacts/mvdfrm/Unity.AppUI.Undo.ref.dll_B26B726F785E464B.mvfrm
[1069/1335  0s] MovedFromExtractor Library/Bee/artifacts/mvdfrm/Unity.AppUI.Navigation.Editor.ref.dll_72B3D71B833FDDF6.mvfrm
[1070/1335  1s] Csc Library/Bee/artifacts/1900b0aE.dag/ProjectFoundPhone.Editor.dll (+2 others)
[1071/1335  1s] MovedFromExtractor Library/Bee/artifacts/mvdfrm/Unity.2D.Enhancers.Editor.ref.dll_67564D39940F3A90.mvfrm
[1072/1335  1s] MovedFromExtractor Library/Bee/artifacts/mvdfrm/Unity.InferenceEngine.iOSBLAS.ref.dll_74AE02281564048E.mvfrm
[1073/1335  1s] MovedFromExtractor Library/Bee/artifacts/mvdfrm/Unity.AI.Assistant.Integrations.Profiler.Editor.ref.dll_A363C1C0E0F6B4E1.mvfrm
[1074/1335  1s] MovedFromExtractor Library/Bee/artifacts/mvdfrm/Unity.2D.Common.Path.Editor.ref.dll_011CCB039EE5F887.mvfrm
[1075/1335  1s] MovedFromExtractor Library/Bee/artifacts/mvdfrm/Unity.Collections.Editor.ref.dll_E4491E98C71DB4B4.mvfrm
[1076/1335  0s] MovedFromExtractor Library/Bee/artifacts/mvdfrm/Unity.AppUI.Redux.Editor.ref.dll_F05833706030528E.mvfrm
[1077/1335  0s] MovedFromExtractor Library/Bee/artifacts/mvdfrm/Unity.TextMeshPro.Editor.ref.dll_159E061D77A10B86.mvfrm
[1078/1335  0s] MovedFromExtractor Library/Bee/artifacts/mvdfrm/Unity.InferenceEngine.Tokenization.ref.dll_BFF55A0AF17E8B9C.mvfrm
[1079/1335  3s] Csc Library/Bee/artifacts/1900b0aE.dag/MCPForUnity.Editor.dll (+2 others)
[1080/1335  0s] MovedFromExtractor Library/Bee/artifacts/mvdfrm/Unity.InferenceEngine.MacBLAS.ref.dll_2B21D447C3B68490.mvfrm
[1081/1335  0s] MovedFromExtractor Library/Bee/artifacts/mvdfrm/UnityEditor.UI.Analytics.ref.dll_3B64A5A3A726AD5D.mvfrm
[1082/1335  0s] MovedFromExtractor Library/Bee/artifacts/mvdfrm/Unity.Burst.Editor.ref.dll_E2F92DAB6C167CC9.mvfrm
[1083/1335  0s] MovedFromExtractor-Combine Library/Bee/artifacts/1900b0aE.dag/glTFast.Newtonsoft.dll.mvfrm
[1084/1335  1s] Csc Library/Bee/artifacts/1900b0aE.dag/ProjectFoundPhone.Debug.Editor.dll (+2 others)
[1085/1335  0s] MovedFromExtractor Library/Bee/artifacts/mvdfrm/Unity.PerformanceTesting.ref.dll_F99DC928B1D72E5E.mvfrm
[ 993/1335  0s] Csc Library/Bee/artifacts/1900b0aE.dag/glTFast.Newtonsoft.dll (+2 others) [CacheHit 62233624743843c70c4f8bcbe09e61d500000000000000000000000000000005]
[1086/1335 1772377396s] Csc Library/Bee/artifacts/1900b0aE.dag/glTFast.Newtonsoft.dll (+2 others)
[1088/1335  0s] MovedFromExtractor-Combine Library/Bee/artifacts/1900b0aE.dag/Assembly-CSharp.dll.mvfrm
[1089/1335  0s] MovedFromExtractor-Combine Library/Bee/artifacts/1900b0aE.dag/glTFast.Documentation.Examples.dll.mvfrm
[1090/1335  0s] MovedFromExtractor Library/Bee/artifacts/mvdfrm/Unity.AI.Generators.Tools.ref.dll_A0B134488CFDFA0B.mvfrm
[1091/1335  0s] MovedFromExtractor-Combine Library/Bee/artifacts/1900b0aE.dag/ScriptablePacker.dll.mvfrm
[1092/1335  0s] MovedFromExtractor-Combine Library/Bee/artifacts/1900b0aE.dag/ProjectFoundPhone.PlayModeTests.dll.mvfrm
[1093/1335  0s] MovedFromExtractor-Combine Library/Bee/artifacts/1900b0aE.dag/Assembly-CSharp-Editor.dll.mvfrm
[1000/1335  0s] Csc Library/Bee/artifacts/1900b0aE.dag/glTFast.Documentation.Examples.dll (+2 others) [CacheHit 306f94d804e668e86a1843f6da7d4ad400000000000000000000000000000005]
[1094/1335 1772377396s] Csc Library/Bee/artifacts/1900b0aE.dag/glTFast.Documentation.Examples.dll (+2 others)
[1001/1335  0s] Csc Library/Bee/artifacts/1900b0aE.dag/ScriptablePacker.dll (+2 others) [CacheHit 0ceb3264ff54b8bc408cf4af376fb58c00000000000000000000000000000005]
[1096/1335 1772377396s] Csc Library/Bee/artifacts/1900b0aE.dag/ScriptablePacker.dll (+2 others)
[1098/1335  0s] MovedFromExtractor-Combine Library/Bee/artifacts/1900b0aE.dag/Unity.PerformanceTesting.Editor.dll.mvfrm
[1099/1335  0s] MovedFromExtractor-Combine Library/Bee/artifacts/1900b0aE.dag/Unity.AI.Assistant.AssetGenerators.Editor.dll.mvfrm
[1004/1335  0s] Csc Library/Bee/artifacts/1900b0aE.dag/Unity.PerformanceTesting.Editor.dll (+2 others) [CacheHit 57cef9cb4e2890b7f2d43381708d515400000000000000000000000000000005]
[1100/1335 1772377396s] Csc Library/Bee/artifacts/1900b0aE.dag/Unity.PerformanceTesting.Editor.dll (+2 others)
[1005/1335  0s] Csc Library/Bee/artifacts/1900b0aE.dag/Unity.AI.Assistant.AssetGenerators.Editor.dll (+2 others) [CacheHit a850f35c5734ac0a2e87506d11739a1600000000000000000000000000000005]
[1102/1335 1772377396s] Csc Library/Bee/artifacts/1900b0aE.dag/Unity.AI.Assistant.AssetGenerators.Editor.dll (+2 others)
[1104/1335  0s] Csc Library/Bee/artifacts/1900b0aE.dag/ProjectFoundPhone.PlayModeTests.dll (+2 others)
[1105/1335  0s] ILPostProcess Library/Bee/artifacts/1900b0aE.dag/post-processed/Unity.TextMeshPro.dll (+pdb)
Processing assembly Library/Bee/artifacts/1900b0aE.dag/Unity.TextMeshPro.dll, with 140 defines and 279 references

processors: Unity.Jobs.CodeGen.JobsILPostProcessor, zzzUnity.Burst.CodeGen.BurstILPostProcessor

running Unity.Jobs.CodeGen.JobsILPostProcessor

running zzzUnity.Burst.CodeGen.BurstILPostProcessor
[1106/1335  0s] ILPostProcess Library/Bee/artifacts/1900b0aE.dag/post-processed/MCPForUnity.Runtime.dll (+pdb)
Processing assembly Library/Bee/artifacts/1900b0aE.dag/MCPForUnity.Runtime.dll, with 139 defines and 278 references

processors: Unity.Jobs.CodeGen.JobsILPostProcessor, zzzUnity.Burst.CodeGen.BurstILPostProcessor

running Unity.Jobs.CodeGen.JobsILPostProcessor

running zzzUnity.Burst.CodeGen.BurstILPostProcessor
[1107/1335  0s] ILPostProcess Library/Bee/artifacts/1900b0aE.dag/post-processed/glTFast.Documentation.Examples.dll (+pdb)
Processing assembly Library/Bee/artifacts/1900b0aE.dag/glTFast.Documentation.Examples.dll, with 140 defines and 282 references

processors: Unity.Jobs.CodeGen.JobsILPostProcessor, zzzUnity.Burst.CodeGen.BurstILPostProcessor

running Unity.Jobs.CodeGen.JobsILPostProcessor

running zzzUnity.Burst.CodeGen.BurstILPostProcessor
[1108/1335  0s] ILPostProcess Library/Bee/artifacts/1900b0aE.dag/post-processed/ProjectFoundPhone.PlayModeTests.dll (+pdb)
Processing assembly Library/Bee/artifacts/1900b0aE.dag/ProjectFoundPhone.PlayModeTests.dll, with 139 defines and 275 references

processors: Unity.Jobs.CodeGen.JobsILPostProcessor, zzzUnity.Burst.CodeGen.BurstILPostProcessor

running Unity.Jobs.CodeGen.JobsILPostProcessor

running zzzUnity.Burst.CodeGen.BurstILPostProcessor
[1109/1335  0s] ILPostProcess Library/Bee/artifacts/1900b0aE.dag/post-processed/glTFast.Newtonsoft.dll (+pdb)
Processing assembly Library/Bee/artifacts/1900b0aE.dag/glTFast.Newtonsoft.dll, with 141 defines and 279 references

processors: Unity.Jobs.CodeGen.JobsILPostProcessor, zzzUnity.Burst.CodeGen.BurstILPostProcessor

running Unity.Jobs.CodeGen.JobsILPostProcessor

running zzzUnity.Burst.CodeGen.BurstILPostProcessor
[1110/1335  0s] ILPostProcess Library/Bee/artifacts/1900b0aE.dag/post-processed/Unity.InferenceEngine.MacBLAS.dll (+pdb)
Processing assembly Library/Bee/artifacts/1900b0aE.dag/Unity.InferenceEngine.MacBLAS.dll, with 139 defines and 279 references

processors: Unity.Jobs.CodeGen.JobsILPostProcessor, zzzUnity.Burst.CodeGen.BurstILPostProcessor

running Unity.Jobs.CodeGen.JobsILPostProcessor

running zzzUnity.Burst.CodeGen.BurstILPostProcessor
[1111/1335  0s] ILPostProcess Library/Bee/artifacts/1900b0aE.dag/post-processed/ProjectFoundPhone.dll (+pdb)
Processing assembly Library/Bee/artifacts/1900b0aE.dag/ProjectFoundPhone.dll, with 140 defines and 281 references

processors: Unity.Jobs.CodeGen.JobsILPostProcessor, zzzUnity.Burst.CodeGen.BurstILPostProcessor

running Unity.Jobs.CodeGen.JobsILPostProcessor

running zzzUnity.Burst.CodeGen.BurstILPostProcessor
[1112/1335  0s] ILPostProcess Library/Bee/artifacts/1900b0aE.dag/post-processed/Demigiant.DOTween.dll (+pdb)
Processing assembly Library/Bee/artifacts/1900b0aE.dag/Demigiant.DOTween.dll, with 139 defines and 279 references

processors: Unity.Jobs.CodeGen.JobsILPostProcessor, zzzUnity.Burst.CodeGen.BurstILPostProcessor

running Unity.Jobs.CodeGen.JobsILPostProcessor

running zzzUnity.Burst.CodeGen.BurstILPostProcessor
[1113/1335  0s] ILPostProcess Library/Bee/artifacts/1900b0aE.dag/post-processed/Unity.PerformanceTesting.dll (+pdb)
Processing assembly Library/Bee/artifacts/1900b0aE.dag/Unity.PerformanceTesting.dll, with 140 defines and 258 references

processors: Unity.Jobs.CodeGen.JobsILPostProcessor, zzzUnity.Burst.CodeGen.BurstILPostProcessor

running Unity.Jobs.CodeGen.JobsILPostProcessor

running zzzUnity.Burst.CodeGen.BurstILPostProcessor
[1114/1335  0s] ILPostProcess Library/Bee/artifacts/1900b0aE.dag/post-processed/Unity.Profiling.Core.dll (+pdb)
Processing assembly Library/Bee/artifacts/1900b0aE.dag/Unity.Profiling.Core.dll, with 139 defines and 278 references

processors: Unity.Jobs.CodeGen.JobsILPostProcessor, zzzUnity.Burst.CodeGen.BurstILPostProcessor

running Unity.Jobs.CodeGen.JobsILPostProcessor

running zzzUnity.Burst.CodeGen.BurstILPostProcessor
[1115/1335  0s] ILPostProcess Library/Bee/artifacts/1900b0aE.dag/post-processed/Unity.AI.Animate.Motion.Runtime.dll (+pdb)
Processing assembly Library/Bee/artifacts/1900b0aE.dag/Unity.AI.Animate.Motion.Runtime.dll, with 139 defines and 271 references

processors: Unity.Jobs.CodeGen.JobsILPostProcessor, zzzUnity.Burst.CodeGen.BurstILPostProcessor

running Unity.Jobs.CodeGen.JobsILPostProcessor

running zzzUnity.Burst.CodeGen.BurstILPostProcessor
[1116/1335  0s] ILPostProcess Library/Bee/artifacts/1900b0aE.dag/post-processed/Unity.Multiplayer.Center.Common.dll (+pdb)
Processing assembly Library/Bee/artifacts/1900b0aE.dag/Unity.Multiplayer.Center.Common.dll, with 139 defines and 278 references

processors: Unity.Jobs.CodeGen.JobsILPostProcessor, zzzUnity.Burst.CodeGen.BurstILPostProcessor

running Unity.Jobs.CodeGen.JobsILPostProcessor

running zzzUnity.Burst.CodeGen.BurstILPostProcessor
[1117/1335  1s] Csc Library/Bee/artifacts/1900b0aE.dag/Assembly-CSharp.dll (+2 others)
[1118/1335  0s] ILPostProcess Library/Bee/artifacts/1900b0aE.dag/post-processed/Unity.AppUI.Navigation.dll (+pdb)
Processing assembly Library/Bee/artifacts/1900b0aE.dag/Unity.AppUI.Navigation.dll, with 141 defines and 273 references

processors: Unity.Jobs.CodeGen.JobsILPostProcessor, zzzUnity.Burst.CodeGen.BurstILPostProcessor

running Unity.Jobs.CodeGen.JobsILPostProcessor

running zzzUnity.Burst.CodeGen.BurstILPostProcessor
[1119/1335  0s] ILPostProcess Library/Bee/artifacts/1900b0aE.dag/post-processed/Unity.InferenceEngine.iOSBLAS.dll (+pdb)
Processing assembly Library/Bee/artifacts/1900b0aE.dag/Unity.InferenceEngine.iOSBLAS.dll, with 139 defines and 279 references

processors: Unity.Jobs.CodeGen.JobsILPostProcessor, zzzUnity.Burst.CodeGen.BurstILPostProcessor

running Unity.Jobs.CodeGen.JobsILPostProcessor

running zzzUnity.Burst.CodeGen.BurstILPostProcessor
[1120/1335  0s] ILPostProcess Library/Bee/artifacts/1900b0aE.dag/post-processed/Unity.MemoryProfiler.dll (+pdb)
Processing assembly Library/Bee/artifacts/1900b0aE.dag/Unity.MemoryProfiler.dll, with 140 defines and 278 references

processors: Unity.Jobs.CodeGen.JobsILPostProcessor, zzzUnity.Burst.CodeGen.BurstILPostProcessor

running Unity.Jobs.CodeGen.JobsILPostProcessor

running zzzUnity.Burst.CodeGen.BurstILPostProcessor
[1121/1335  0s] ILPostProcess Library/Bee/artifacts/1900b0aE.dag/post-processed/Unity.AppUI.Redux.dll (+pdb)
Processing assembly Library/Bee/artifacts/1900b0aE.dag/Unity.AppUI.Redux.dll, with 139 defines and 273 references

processors: Unity.Jobs.CodeGen.JobsILPostProcessor, zzzUnity.Burst.CodeGen.BurstILPostProcessor

running Unity.Jobs.CodeGen.JobsILPostProcessor

running zzzUnity.Burst.CodeGen.BurstILPostProcessor
[1122/1335  0s] Csc Library/Bee/artifacts/1900b0aE.dag/Assembly-CSharp-Editor.dll (+2 others)
[1123/1335  0s] ILPostProcess Library/Bee/artifacts/1900b0aE.dag/post-processed/Unity.AppUI.InternalAPIBridge.dll (+pdb)
Processing assembly Library/Bee/artifacts/1900b0aE.dag/Unity.AppUI.InternalAPIBridge.dll, with 139 defines and 271 references

processors: Unity.Jobs.CodeGen.JobsILPostProcessor, zzzUnity.Burst.CodeGen.BurstILPostProcessor

running Unity.Jobs.CodeGen.JobsILPostProcessor

running zzzUnity.Burst.CodeGen.BurstILPostProcessor
[1124/1335  0s] ILPostProcess Library/Bee/artifacts/1900b0aE.dag/post-processed/Unity.Mathematics.dll (+pdb)
Processing assembly Library/Bee/artifacts/1900b0aE.dag/Unity.Mathematics.dll, with 139 defines and 278 references

processors: Unity.Jobs.CodeGen.JobsILPostProcessor, zzzUnity.Burst.CodeGen.BurstILPostProcessor

running Unity.Jobs.CodeGen.JobsILPostProcessor

running zzzUnity.Burst.CodeGen.BurstILPostProcessor
[1125/1335  0s] ILPostProcess Library/Bee/artifacts/1900b0aE.dag/post-processed/Unity.InternalAPIEngineBridge.004.dll (+pdb)
Processing assembly Library/Bee/artifacts/1900b0aE.dag/Unity.InternalAPIEngineBridge.004.dll, with 139 defines and 278 references

processors: Unity.Jobs.CodeGen.JobsILPostProcessor, zzzUnity.Burst.CodeGen.BurstILPostProcessor

running Unity.Jobs.CodeGen.JobsILPostProcessor

running zzzUnity.Burst.CodeGen.BurstILPostProcessor
[1126/1335  0s] ILPostProcess Library/Bee/artifacts/1900b0aE.dag/post-processed/Unity.AI.Assistant.Runtime.dll (+pdb)
Processing assembly Library/Bee/artifacts/1900b0aE.dag/Unity.AI.Assistant.Runtime.dll, with 139 defines and 262 references

processors: Unity.Jobs.CodeGen.JobsILPostProcessor, zzzUnity.Burst.CodeGen.BurstILPostProcessor

running Unity.Jobs.CodeGen.JobsILPostProcessor

running zzzUnity.Burst.CodeGen.BurstILPostProcessor
[1127/1335  0s] ILPostProcess Library/Bee/artifacts/1900b0aE.dag/post-processed/ProjectFoundPhone.Utils.dll (+pdb)
Processing assembly Library/Bee/artifacts/1900b0aE.dag/ProjectFoundPhone.Utils.dll, with 139 defines and 278 references

processors: Unity.Jobs.CodeGen.JobsILPostProcessor, zzzUnity.Burst.CodeGen.BurstILPostProcessor

running Unity.Jobs.CodeGen.JobsILPostProcessor

running zzzUnity.Burst.CodeGen.BurstILPostProcessor
[1128/1335  0s] ILPostProcess Library/Bee/artifacts/1900b0aE.dag/post-processed/YarnSpinner.Unity.dll (+pdb)
Processing assembly Library/Bee/artifacts/1900b0aE.dag/YarnSpinner.Unity.dll, with 140 defines and 275 references

processors: Unity.Jobs.CodeGen.JobsILPostProcessor, zzzUnity.Burst.CodeGen.BurstILPostProcessor

running Unity.Jobs.CodeGen.JobsILPostProcessor

running zzzUnity.Burst.CodeGen.BurstILPostProcessor
[1129/1335  0s] ILPostProcess Library/Bee/artifacts/1900b0aE.dag/post-processed/Unity.AppUI.Undo.dll (+pdb)
Processing assembly Library/Bee/artifacts/1900b0aE.dag/Unity.AppUI.Undo.dll, with 139 defines and 271 references

processors: Unity.Jobs.CodeGen.JobsILPostProcessor, zzzUnity.Burst.CodeGen.BurstILPostProcessor

running Unity.Jobs.CodeGen.JobsILPostProcessor

running zzzUnity.Burst.CodeGen.BurstILPostProcessor
[1130/1335  1s] ILPostProcess Library/Bee/artifacts/1900b0aE.dag/post-processed/glTFast.Export.dll (+pdb)
Processing assembly Library/Bee/artifacts/1900b0aE.dag/glTFast.Export.dll, with 140 defines and 281 references

processors: Unity.Jobs.CodeGen.JobsILPostProcessor, zzzUnity.Burst.CodeGen.BurstILPostProcessor

running Unity.Jobs.CodeGen.JobsILPostProcessor

running zzzUnity.Burst.CodeGen.BurstILPostProcessor
[1131/1335  1s] ILPostProcess Library/Bee/artifacts/1900b0aE.dag/post-processed/Unity.AppUI.MVVM.dll (+pdb)
Processing assembly Library/Bee/artifacts/1900b0aE.dag/Unity.AppUI.MVVM.dll, with 140 defines and 273 references

processors: Unity.Jobs.CodeGen.JobsILPostProcessor, zzzUnity.Burst.CodeGen.BurstILPostProcessor

running Unity.Jobs.CodeGen.JobsILPostProcessor

running zzzUnity.Burst.CodeGen.BurstILPostProcessor
[1132/1335  1s] ILPostProcess Library/Bee/artifacts/1900b0aE.dag/post-processed/Unity.AppUI.dll (+pdb)
Processing assembly Library/Bee/artifacts/1900b0aE.dag/Unity.AppUI.dll, with 145 defines and 272 references

processors: Unity.Jobs.CodeGen.JobsILPostProcessor, zzzUnity.Burst.CodeGen.BurstILPostProcessor

running Unity.Jobs.CodeGen.JobsILPostProcessor

running zzzUnity.Burst.CodeGen.BurstILPostProcessor
[1133/1335  0s] ILPostProcess Library/Bee/artifacts/1900b0aE.dag/post-processed/Unity.InternalAPIEngineBridge.001.dll (+pdb)
Processing assembly Library/Bee/artifacts/1900b0aE.dag/Unity.InternalAPIEngineBridge.001.dll, with 139 defines and 278 references

processors: Unity.Jobs.CodeGen.JobsILPostProcessor, zzzUnity.Burst.CodeGen.BurstILPostProcessor

running Unity.Jobs.CodeGen.JobsILPostProcessor

running zzzUnity.Burst.CodeGen.BurstILPostProcessor
[1134/1335  0s] ILPostProcess Library/Bee/artifacts/1900b0aE.dag/post-processed/Unity.InferenceEngine.Tokenization.dll (+pdb)
Processing assembly Library/Bee/artifacts/1900b0aE.dag/Unity.InferenceEngine.Tokenization.dll, with 139 defines and 260 references

processors: Unity.Jobs.CodeGen.JobsILPostProcessor, zzzUnity.Burst.CodeGen.BurstILPostProcessor

running Unity.Jobs.CodeGen.JobsILPostProcessor

running zzzUnity.Burst.CodeGen.BurstILPostProcessor
[1135/1335  0s] ILPostProcess Library/Bee/artifacts/1900b0aE.dag/post-processed/UnityEngine.UI.dll (+pdb)
Processing assembly Library/Bee/artifacts/1900b0aE.dag/UnityEngine.UI.dll, with 144 defines and 276 references

processors: Unity.Jobs.CodeGen.JobsILPostProcessor, zzzUnity.Burst.CodeGen.BurstILPostProcessor

running Unity.Jobs.CodeGen.JobsILPostProcessor

running zzzUnity.Burst.CodeGen.BurstILPostProcessor
[1136/1335  0s] ILPostProcess Library/Bee/artifacts/1900b0aE.dag/post-processed/Unity.Burst.dll (+pdb)
Processing assembly Library/Bee/artifacts/1900b0aE.dag/Unity.Burst.dll, with 139 defines and 260 references

processors: Unity.Jobs.CodeGen.JobsILPostProcessor, zzzUnity.Burst.CodeGen.BurstILPostProcessor

running Unity.Jobs.CodeGen.JobsILPostProcessor

running zzzUnity.Burst.CodeGen.BurstILPostProcessor
[1137/1335  0s] ILPostProcess Library/Bee/artifacts/1900b0aE.dag/post-processed/Unity.AI.Sound.dll (+pdb)
Processing assembly Library/Bee/artifacts/1900b0aE.dag/Unity.AI.Sound.dll, with 137 defines and 304 references

processors: Unity.Jobs.CodeGen.JobsILPostProcessor, zzzUnity.Burst.CodeGen.BurstILPostProcessor

running Unity.Jobs.CodeGen.JobsILPostProcessor

running zzzUnity.Burst.CodeGen.BurstILPostProcessor
[1138/1335  0s] ILPostProcess Library/Bee/artifacts/1900b0aE.dag/post-processed/Unity.Mathematics.Editor.dll (+pdb)
Processing assembly Library/Bee/artifacts/1900b0aE.dag/Unity.Mathematics.Editor.dll, with 137 defines and 290 references

processors: Unity.Jobs.CodeGen.JobsILPostProcessor, zzzUnity.Burst.CodeGen.BurstILPostProcessor

running Unity.Jobs.CodeGen.JobsILPostProcessor

running zzzUnity.Burst.CodeGen.BurstILPostProcessor
[1139/1335  0s] ILPostProcess Library/Bee/artifacts/1900b0aE.dag/post-processed/HFDownloader.dll (+pdb)
Processing assembly Library/Bee/artifacts/1900b0aE.dag/HFDownloader.dll, with 137 defines and 271 references

processors: Unity.Jobs.CodeGen.JobsILPostProcessor, zzzUnity.Burst.CodeGen.BurstILPostProcessor

running Unity.Jobs.CodeGen.JobsILPostProcessor

running zzzUnity.Burst.CodeGen.BurstILPostProcessor
[1140/1335  2s] ILPostProcess Library/Bee/artifacts/1900b0aE.dag/post-processed/Unity.2D.Common.Runtime.dll (+pdb)
Processing assembly Library/Bee/artifacts/1900b0aE.dag/Unity.2D.Common.Runtime.dll, with 139 defines and 280 references

processors: Unity.Jobs.CodeGen.JobsILPostProcessor, zzzUnity.Burst.CodeGen.BurstILPostProcessor

running Unity.Jobs.CodeGen.JobsILPostProcessor

running zzzUnity.Burst.CodeGen.BurstILPostProcessor
[1141/1335  5s] ILPostProcess Library/Bee/artifacts/1900b0aE.dag/post-processed/glTFast.dots.dll (+pdb)
Processing assembly Library/Bee/artifacts/1900b0aE.dag/glTFast.dots.dll, with 140 defines and 282 references

processors: Unity.Jobs.CodeGen.JobsILPostProcessor, zzzUnity.Burst.CodeGen.BurstILPostProcessor

running Unity.Jobs.CodeGen.JobsILPostProcessor

running zzzUnity.Burst.CodeGen.BurstILPostProcessor
[1142/1335  4s] ILPostProcess Library/Bee/artifacts/1900b0aE.dag/post-processed/Assembly-CSharp.dll (+pdb)
Processing assembly Library/Bee/artifacts/1900b0aE.dag/Assembly-CSharp.dll, with 139 defines and 336 references

processors: Unity.Jobs.CodeGen.JobsILPostProcessor, zzzUnity.Burst.CodeGen.BurstILPostProcessor

running Unity.Jobs.CodeGen.JobsILPostProcessor

running zzzUnity.Burst.CodeGen.BurstILPostProcessor
[1143/1335  0s] ILPostProcess Library/Bee/artifacts/1900b0aE.dag/post-processed/Assembly-CSharp-Editor.dll (+pdb)
Processing assembly Library/Bee/artifacts/1900b0aE.dag/Assembly-CSharp-Editor.dll, with 137 defines and 355 references

processors: Unity.Jobs.CodeGen.JobsILPostProcessor, zzzUnity.Burst.CodeGen.BurstILPostProcessor

running Unity.Jobs.CodeGen.JobsILPostProcessor

running zzzUnity.Burst.CodeGen.BurstILPostProcessor
[1144/1335  0s] ILPostProcess Library/Bee/artifacts/1900b0aE.dag/post-processed/Unity.AI.Assistant.Integrations.Profiler.Editor.dll (+pdb)
Processing assembly Library/Bee/artifacts/1900b0aE.dag/Unity.AI.Assistant.Integrations.Profiler.Editor.dll, with 137 defines and 294 references

processors: Unity.Jobs.CodeGen.JobsILPostProcessor, zzzUnity.Burst.CodeGen.BurstILPostProcessor

running Unity.Jobs.CodeGen.JobsILPostProcessor

running zzzUnity.Burst.CodeGen.BurstILPostProcessor
[1145/1335  0s] ILPostProcess Library/Bee/artifacts/1900b0aE.dag/post-processed/Unity.AI.Generators.Contexts.dll (+pdb)
Processing assembly Library/Bee/artifacts/1900b0aE.dag/Unity.AI.Generators.Contexts.dll, with 137 defines and 289 references

processors: Unity.Jobs.CodeGen.JobsILPostProcessor, zzzUnity.Burst.CodeGen.BurstILPostProcessor

running Unity.Jobs.CodeGen.JobsILPostProcessor

running zzzUnity.Burst.CodeGen.BurstILPostProcessor
[1146/1335  0s] ILPostProcess Library/Bee/artifacts/1900b0aE.dag/post-processed/UnityEditor.UI.Analytics.dll (+pdb)
Processing assembly Library/Bee/artifacts/1900b0aE.dag/UnityEditor.UI.Analytics.dll, with 137 defines and 290 references

processors: Unity.Jobs.CodeGen.JobsILPostProcessor, zzzUnity.Burst.CodeGen.BurstILPostProcessor

running Unity.Jobs.CodeGen.JobsILPostProcessor

running zzzUnity.Burst.CodeGen.BurstILPostProcessor
[1147/1335  0s] ILPostProcess Library/Bee/artifacts/1900b0aE.dag/post-processed/Unity.AI.Assistant.API.Editor.dll (+pdb)
Processing assembly Library/Bee/artifacts/1900b0aE.dag/Unity.AI.Assistant.API.Editor.dll, with 137 defines and 293 references

processors: Unity.Jobs.CodeGen.JobsILPostProcessor, zzzUnity.Burst.CodeGen.BurstILPostProcessor

running Unity.Jobs.CodeGen.JobsILPostProcessor

running zzzUnity.Burst.CodeGen.BurstILPostProcessor
[1148/1335  0s] ILPostProcess Library/Bee/artifacts/1900b0aE.dag/post-processed/Unity.AI.Pbr.dll (+pdb)
Processing assembly Library/Bee/artifacts/1900b0aE.dag/Unity.AI.Pbr.dll, with 137 defines and 304 references

processors: Unity.Jobs.CodeGen.JobsILPostProcessor, zzzUnity.Burst.CodeGen.BurstILPostProcessor

running Unity.Jobs.CodeGen.JobsILPostProcessor

running zzzUnity.Burst.CodeGen.BurstILPostProcessor
[1149/1335  0s] ILPostProcess Library/Bee/artifacts/1900b0aE.dag/post-processed/Unity.2D.Enhancers.Editor.AIBridge.dll (+pdb)
Processing assembly Library/Bee/artifacts/1900b0aE.dag/Unity.2D.Enhancers.Editor.AIBridge.dll, with 137 defines and 290 references

processors: Unity.Jobs.CodeGen.JobsILPostProcessor, zzzUnity.Burst.CodeGen.BurstILPostProcessor

running Unity.Jobs.CodeGen.JobsILPostProcessor

running zzzUnity.Burst.CodeGen.BurstILPostProcessor
[1150/1335  0s] ILPostProcess Library/Bee/artifacts/1900b0aE.dag/post-processed/Unity.2D.Common.Path.Editor.dll (+pdb)
Processing assembly Library/Bee/artifacts/1900b0aE.dag/Unity.2D.Common.Path.Editor.dll, with 137 defines and 289 references

processors: Unity.Jobs.CodeGen.JobsILPostProcessor, zzzUnity.Burst.CodeGen.BurstILPostProcessor

running Unity.Jobs.CodeGen.JobsILPostProcessor

running zzzUnity.Burst.CodeGen.BurstILPostProcessor
[1151/1335  0s] ILPostProcess Library/Bee/artifacts/1900b0aE.dag/post-processed/Unity.2D.Common.Editor.dll (+pdb)
Processing assembly Library/Bee/artifacts/1900b0aE.dag/Unity.2D.Common.Editor.dll, with 137 defines and 293 references

processors: Unity.Jobs.CodeGen.JobsILPostProcessor, zzzUnity.Burst.CodeGen.BurstILPostProcessor

running Unity.Jobs.CodeGen.JobsILPostProcessor

running zzzUnity.Burst.CodeGen.BurstILPostProcessor
[1152/1335  0s] ILPostProcess Library/Bee/artifacts/1900b0aE.dag/post-processed/Unity.Collections.Editor.dll (+pdb)
Processing assembly Library/Bee/artifacts/1900b0aE.dag/Unity.Collections.Editor.dll, with 138 defines and 290 references

processors: Unity.Jobs.CodeGen.JobsILPostProcessor, zzzUnity.Burst.CodeGen.BurstILPostProcessor

running Unity.Jobs.CodeGen.JobsILPostProcessor

running zzzUnity.Burst.CodeGen.BurstILPostProcessor
[1153/1335  0s] ILPostProcess Library/Bee/artifacts/1900b0aE.dag/post-processed/Unity.2D.Enhancers.Editor.dll (+pdb)
Processing assembly Library/Bee/artifacts/1900b0aE.dag/Unity.2D.Enhancers.Editor.dll, with 137 defines and 294 references

processors: Unity.Jobs.CodeGen.JobsILPostProcessor, zzzUnity.Burst.CodeGen.BurstILPostProcessor

running Unity.Jobs.CodeGen.JobsILPostProcessor

running zzzUnity.Burst.CodeGen.BurstILPostProcessor
[1154/1335  0s] ILPostProcess Library/Bee/artifacts/1900b0aE.dag/post-processed/ProjectFoundPhone.Dev.dll (+pdb)
Processing assembly Library/Bee/artifacts/1900b0aE.dag/ProjectFoundPhone.Dev.dll, with 137 defines and 291 references

processors: Unity.Jobs.CodeGen.JobsILPostProcessor, zzzUnity.Burst.CodeGen.BurstILPostProcessor

running Unity.Jobs.CodeGen.JobsILPostProcessor

running zzzUnity.Burst.CodeGen.BurstILPostProcessor
[1155/1335  0s] ILPostProcess Library/Bee/artifacts/1900b0aE.dag/post-processed/YarnSpinner.Unity.Editor.dll (+pdb)
Processing assembly Library/Bee/artifacts/1900b0aE.dag/YarnSpinner.Unity.Editor.dll, with 139 defines and 288 references

processors: Unity.Jobs.CodeGen.JobsILPostProcessor, zzzUnity.Burst.CodeGen.BurstILPostProcessor

running Unity.Jobs.CodeGen.JobsILPostProcessor

running zzzUnity.Burst.CodeGen.BurstILPostProcessor
[1156/1335  1s] ILPostProcess Library/Bee/artifacts/1900b0aE.dag/post-processed/Unity.AppUI.Navigation.Editor.dll (+pdb)
Processing assembly Library/Bee/artifacts/1900b0aE.dag/Unity.AppUI.Navigation.Editor.dll, with 137 defines and 293 references

processors: Unity.Jobs.CodeGen.JobsILPostProcessor, zzzUnity.Burst.CodeGen.BurstILPostProcessor

running Unity.Jobs.CodeGen.JobsILPostProcessor

running zzzUnity.Burst.CodeGen.BurstILPostProcessor
[1157/1335  0s] ILPostProcess Library/Bee/artifacts/1900b0aE.dag/post-processed/Unity.AI.Search.Editor.dll (+pdb)
Processing assembly Library/Bee/artifacts/1900b0aE.dag/Unity.AI.Search.Editor.dll, with 138 defines and 279 references

processors: Unity.Jobs.CodeGen.JobsILPostProcessor, zzzUnity.Burst.CodeGen.BurstILPostProcessor

running Unity.Jobs.CodeGen.JobsILPostProcessor

running zzzUnity.Burst.CodeGen.BurstILPostProcessor
[1158/1335  0s] ILPostProcess Library/Bee/artifacts/1900b0aE.dag/post-processed/ProjectFoundPhone.MVP.Editor.dll (+pdb)
Processing assembly Library/Bee/artifacts/1900b0aE.dag/ProjectFoundPhone.MVP.Editor.dll, with 137 defines and 290 references

processors: Unity.Jobs.CodeGen.JobsILPostProcessor, zzzUnity.Burst.CodeGen.BurstILPostProcessor

running Unity.Jobs.CodeGen.JobsILPostProcessor

running zzzUnity.Burst.CodeGen.BurstILPostProcessor
[1159/1335  1s] ILPostProcess Library/Bee/artifacts/1900b0aE.dag/post-processed/Unity.InferenceEngine.Editor.Visualizer.dll (+pdb)
Processing assembly Library/Bee/artifacts/1900b0aE.dag/Unity.InferenceEngine.Editor.Visualizer.dll, with 137 defines and 296 references

processors: Unity.Jobs.CodeGen.JobsILPostProcessor, zzzUnity.Burst.CodeGen.BurstILPostProcessor

running Unity.Jobs.CodeGen.JobsILPostProcessor

running zzzUnity.Burst.CodeGen.BurstILPostProcessor
[1160/1335  0s] ILPostProcess Library/Bee/artifacts/1900b0aE.dag/post-processed/ProjectFoundPhone.Editor.dll (+pdb)
Processing assembly Library/Bee/artifacts/1900b0aE.dag/ProjectFoundPhone.Editor.dll, with 138 defines and 295 references

processors: Unity.Jobs.CodeGen.JobsILPostProcessor, zzzUnity.Burst.CodeGen.BurstILPostProcessor

running Unity.Jobs.CodeGen.JobsILPostProcessor

running zzzUnity.Burst.CodeGen.BurstILPostProcessor
[1161/1335  0s] ILPostProcess Library/Bee/artifacts/1900b0aE.dag/post-processed/Unity.AI.Toolkit.Accounts.dll (+pdb)
Processing assembly Library/Bee/artifacts/1900b0aE.dag/Unity.AI.Toolkit.Accounts.dll, with 137 defines and 290 references

processors: Unity.Jobs.CodeGen.JobsILPostProcessor, zzzUnity.Burst.CodeGen.BurstILPostProcessor

running Unity.Jobs.CodeGen.JobsILPostProcessor

running zzzUnity.Burst.CodeGen.BurstILPostProcessor
[1162/1335  0s] ILPostProcess Library/Bee/artifacts/1900b0aE.dag/post-processed/ProjectFoundPhone.Debug.Editor.dll (+pdb)
Processing assembly Library/Bee/artifacts/1900b0aE.dag/ProjectFoundPhone.Debug.Editor.dll, with 137 defines and 292 references

processors: Unity.Jobs.CodeGen.JobsILPostProcessor, zzzUnity.Burst.CodeGen.BurstILPostProcessor

running Unity.Jobs.CodeGen.JobsILPostProcessor

running zzzUnity.Burst.CodeGen.BurstILPostProcessor
[1163/1335  0s] ILPostProcess Library/Bee/artifacts/1900b0aE.dag/post-processed/Unity.PerformanceTesting.Editor.dll (+pdb)
Processing assembly Library/Bee/artifacts/1900b0aE.dag/Unity.PerformanceTesting.Editor.dll, with 138 defines and 271 references

processors: Unity.Jobs.CodeGen.JobsILPostProcessor, zzzUnity.Burst.CodeGen.BurstILPostProcessor

running Unity.Jobs.CodeGen.JobsILPostProcessor

running zzzUnity.Burst.CodeGen.BurstILPostProcessor
[1164/1335  0s] ILPostProcess Library/Bee/artifacts/1900b0aE.dag/post-processed/Unity.AI.Assistant.Bridge.Editor.dll (+pdb)
Processing assembly Library/Bee/artifacts/1900b0aE.dag/Unity.AI.Assistant.Bridge.Editor.dll, with 137 defines and 289 references

processors: Unity.Jobs.CodeGen.JobsILPostProcessor, zzzUnity.Burst.CodeGen.BurstILPostProcessor

running Unity.Jobs.CodeGen.JobsILPostProcessor

running zzzUnity.Burst.CodeGen.BurstILPostProcessor
[1165/1335  0s] ILPostProcess Library/Bee/artifacts/1900b0aE.dag/post-processed/Unity.AI.Generators.IO.dll (+pdb)
Processing assembly Library/Bee/artifacts/1900b0aE.dag/Unity.AI.Generators.IO.dll, with 137 defines and 297 references

processors: Unity.Jobs.CodeGen.JobsILPostProcessor, zzzUnity.Burst.CodeGen.BurstILPostProcessor

running Unity.Jobs.CodeGen.JobsILPostProcessor

running zzzUnity.Burst.CodeGen.BurstILPostProcessor
[1166/1335  0s] ILPostProcess Library/Bee/artifacts/1900b0aE.dag/post-processed/Unity.AI.Generators.Redux.dll (+pdb)
Processing assembly Library/Bee/artifacts/1900b0aE.dag/Unity.AI.Generators.Redux.dll, with 137 defines and 292 references

processors: Unity.Jobs.CodeGen.JobsILPostProcessor, zzzUnity.Burst.CodeGen.BurstILPostProcessor

running Unity.Jobs.CodeGen.JobsILPostProcessor

running zzzUnity.Burst.CodeGen.BurstILPostProcessor
[1167/1335  0s] ILPostProcess Library/Bee/artifacts/1900b0aE.dag/post-processed/Unity.AI.Pbr.Srp.dll (+pdb)
Processing assembly Library/Bee/artifacts/1900b0aE.dag/Unity.AI.Pbr.Srp.dll, with 137 defines and 289 references

processors: Unity.Jobs.CodeGen.JobsILPostProcessor, zzzUnity.Burst.CodeGen.BurstILPostProcessor

running Unity.Jobs.CodeGen.JobsILPostProcessor

running zzzUnity.Burst.CodeGen.BurstILPostProcessor
[1168/1335  9s] ILPostProcess Library/Bee/artifacts/1900b0aE.dag/post-processed/Unity.Serialization.dll (+pdb)
Processing assembly Library/Bee/artifacts/1900b0aE.dag/Unity.Serialization.dll, with 139 defines and 281 references

processors: Unity.Jobs.CodeGen.JobsILPostProcessor, zzzUnity.Burst.CodeGen.BurstILPostProcessor

running Unity.Jobs.CodeGen.JobsILPostProcessor

running zzzUnity.Burst.CodeGen.BurstILPostProcessor
[1169/1335  0s] ILPostProcess Library/Bee/artifacts/1900b0aE.dag/post-processed/Unity.AI.Toolkit.Utility.dll (+pdb)
Processing assembly Library/Bee/artifacts/1900b0aE.dag/Unity.AI.Toolkit.Utility.dll, with 137 defines and 289 references

processors: Unity.Jobs.CodeGen.JobsILPostProcessor, zzzUnity.Burst.CodeGen.BurstILPostProcessor

running Unity.Jobs.CodeGen.JobsILPostProcessor

running zzzUnity.Burst.CodeGen.BurstILPostProcessor
[1170/1335  0s] ILPostProcess Library/Bee/artifacts/1900b0aE.dag/post-processed/Unity.EditorCoroutines.Editor.dll (+pdb)
Processing assembly Library/Bee/artifacts/1900b0aE.dag/Unity.EditorCoroutines.Editor.dll, with 137 defines and 289 references

processors: Unity.Jobs.CodeGen.JobsILPostProcessor, zzzUnity.Burst.CodeGen.BurstILPostProcessor

running Unity.Jobs.CodeGen.JobsILPostProcessor

running zzzUnity.Burst.CodeGen.BurstILPostProcessor
[1171/1335  0s] ILPostProcess Library/Bee/artifacts/1900b0aE.dag/post-processed/Unity.AI.ModelSelector.dll (+pdb)
Processing assembly Library/Bee/artifacts/1900b0aE.dag/Unity.AI.ModelSelector.dll, with 137 defines and 299 references

processors: Unity.Jobs.CodeGen.JobsILPostProcessor, zzzUnity.Burst.CodeGen.BurstILPostProcessor

running Unity.Jobs.CodeGen.JobsILPostProcessor

running zzzUnity.Burst.CodeGen.BurstILPostProcessor
[1172/1335  0s] ILPostProcess Library/Bee/artifacts/1900b0aE.dag/post-processed/Unity.AI.Assistant.UI.Editor.dll (+pdb)
Processing assembly Library/Bee/artifacts/1900b0aE.dag/Unity.AI.Assistant.UI.Editor.dll, with 138 defines and 283 references

processors: Unity.Jobs.CodeGen.JobsILPostProcessor, zzzUnity.Burst.CodeGen.BurstILPostProcessor

running Unity.Jobs.CodeGen.JobsILPostProcessor

running zzzUnity.Burst.CodeGen.BurstILPostProcessor
[1173/1335  0s] ILPostProcess Library/Bee/artifacts/1900b0aE.dag/post-processed/Unity.AI.Generators.Asset.dll (+pdb)
Processing assembly Library/Bee/artifacts/1900b0aE.dag/Unity.AI.Generators.Asset.dll, with 137 defines and 294 references

processors: Unity.Jobs.CodeGen.JobsILPostProcessor, zzzUnity.Burst.CodeGen.BurstILPostProcessor

running Unity.Jobs.CodeGen.JobsILPostProcessor

running zzzUnity.Burst.CodeGen.BurstILPostProcessor
[1174/1335  0s] ILPostProcess Library/Bee/artifacts/1900b0aE.dag/post-processed/glTFast.Editor.dll (+pdb)
Processing assembly Library/Bee/artifacts/1900b0aE.dag/glTFast.Editor.dll, with 138 defines and 292 references

processors: Unity.Jobs.CodeGen.JobsILPostProcessor, zzzUnity.Burst.CodeGen.BurstILPostProcessor

running Unity.Jobs.CodeGen.JobsILPostProcessor

running zzzUnity.Burst.CodeGen.BurstILPostProcessor
[1175/1335  9s] ILPostProcess Library/Bee/artifacts/1900b0aE.dag/post-processed/glTFast.dll (+pdb)
Processing assembly Library/Bee/artifacts/1900b0aE.dag/glTFast.dll, with 146 defines and 281 references

processors: Unity.Jobs.CodeGen.JobsILPostProcessor, zzzUnity.Burst.CodeGen.BurstILPostProcessor

running Unity.Jobs.CodeGen.JobsILPostProcessor

running zzzUnity.Burst.CodeGen.BurstILPostProcessor
[1176/1335  1s] ILPostProcess Library/Bee/artifacts/1900b0aE.dag/post-processed/UnityEditor.UI.dll (+pdb)
Processing assembly Library/Bee/artifacts/1900b0aE.dag/UnityEditor.UI.dll, with 140 defines and 288 references

processors: Unity.Jobs.CodeGen.JobsILPostProcessor, zzzUnity.Burst.CodeGen.BurstILPostProcessor

running Unity.Jobs.CodeGen.JobsILPostProcessor

running zzzUnity.Burst.CodeGen.BurstILPostProcessor
[1177/1335  0s] ILPostProcess Library/Bee/artifacts/1900b0aE.dag/post-processed/Demigiant.DOTweenPro.Editor.dll (+pdb)
Processing assembly Library/Bee/artifacts/1900b0aE.dag/Demigiant.DOTweenPro.Editor.dll, with 137 defines and 290 references

processors: Unity.Jobs.CodeGen.JobsILPostProcessor, zzzUnity.Burst.CodeGen.BurstILPostProcessor

running Unity.Jobs.CodeGen.JobsILPostProcessor

running zzzUnity.Burst.CodeGen.BurstILPostProcessor
[1178/1335  0s] ILPostProcess Library/Bee/artifacts/1900b0aE.dag/post-processed/Unity.AI.Mesh.dll (+pdb)
Processing assembly Library/Bee/artifacts/1900b0aE.dag/Unity.AI.Mesh.dll, with 137 defines and 306 references

processors: Unity.Jobs.CodeGen.JobsILPostProcessor, zzzUnity.Burst.CodeGen.BurstILPostProcessor

running Unity.Jobs.CodeGen.JobsILPostProcessor

running zzzUnity.Burst.CodeGen.BurstILPostProcessor
[1179/1335  0s] ILPostProcess Library/Bee/artifacts/1900b0aE.dag/post-processed/Unity.Serialization.Editor.dll (+pdb)
Processing assembly Library/Bee/artifacts/1900b0aE.dag/Unity.Serialization.Editor.dll, with 137 defines and 290 references

processors: Unity.Jobs.CodeGen.JobsILPostProcessor, zzzUnity.Burst.CodeGen.BurstILPostProcessor

running Unity.Jobs.CodeGen.JobsILPostProcessor

running zzzUnity.Burst.CodeGen.BurstILPostProcessor
[1180/1335  0s] ILPostProcess Library/Bee/artifacts/1900b0aE.dag/post-processed/Unity.MemoryProfiler.Editor.MemoryProfilerModule.dll (+pdb)
Processing assembly Library/Bee/artifacts/1900b0aE.dag/Unity.MemoryProfiler.Editor.MemoryProfilerModule.dll, with 139 defines and 290 references

processors: Unity.Jobs.CodeGen.JobsILPostProcessor, zzzUnity.Burst.CodeGen.BurstILPostProcessor

running Unity.Jobs.CodeGen.JobsILPostProcessor

running zzzUnity.Burst.CodeGen.BurstILPostProcessor
[1181/1335  0s] ILPostProcess Library/Bee/artifacts/1900b0aE.dag/post-processed/Unity.AI.Toolkit.Asset.dll (+pdb)
Processing assembly Library/Bee/artifacts/1900b0aE.dag/Unity.AI.Toolkit.Asset.dll, with 137 defines and 290 references

processors: Unity.Jobs.CodeGen.JobsILPostProcessor, zzzUnity.Burst.CodeGen.BurstILPostProcessor

running Unity.Jobs.CodeGen.JobsILPostProcessor

running zzzUnity.Burst.CodeGen.BurstILPostProcessor
[1182/1335  0s] ILPostProcess Library/Bee/artifacts/1900b0aE.dag/post-processed/Unity.Burst.Editor.dll (+pdb)
Processing assembly Library/Bee/artifacts/1900b0aE.dag/Unity.Burst.Editor.dll, with 137 defines and 290 references

processors: Unity.Jobs.CodeGen.JobsILPostProcessor, zzzUnity.Burst.CodeGen.BurstILPostProcessor

running Unity.Jobs.CodeGen.JobsILPostProcessor

running zzzUnity.Burst.CodeGen.BurstILPostProcessor
[1183/1335  0s] ILPostProcess Library/Bee/artifacts/1900b0aE.dag/post-processed/Unity.InferenceEngine.ONNX.Editor.dll (+pdb)
Processing assembly Library/Bee/artifacts/1900b0aE.dag/Unity.InferenceEngine.ONNX.Editor.dll, with 137 defines and 271 references

processors: Unity.Jobs.CodeGen.JobsILPostProcessor, zzzUnity.Burst.CodeGen.BurstILPostProcessor

running Unity.Jobs.CodeGen.JobsILPostProcessor

running zzzUnity.Burst.CodeGen.BurstILPostProcessor
[1184/1335  0s] ILPostProcess Library/Bee/artifacts/1900b0aE.dag/post-processed/Unity.AI.Toolkit.Compliance.dll (+pdb)
Processing assembly Library/Bee/artifacts/1900b0aE.dag/Unity.AI.Toolkit.Compliance.dll, with 137 defines and 289 references

processors: Unity.Jobs.CodeGen.JobsILPostProcessor, zzzUnity.Burst.CodeGen.BurstILPostProcessor

running Unity.Jobs.CodeGen.JobsILPostProcessor

running zzzUnity.Burst.CodeGen.BurstILPostProcessor
[1185/1335  0s] ILPostProcess Library/Bee/artifacts/1900b0aE.dag/post-processed/Unity.Settings.Editor.dll (+pdb)
Processing assembly Library/Bee/artifacts/1900b0aE.dag/Unity.Settings.Editor.dll, with 137 defines and 289 references

processors: Unity.Jobs.CodeGen.JobsILPostProcessor, zzzUnity.Burst.CodeGen.BurstILPostProcessor

running Unity.Jobs.CodeGen.JobsILPostProcessor

running zzzUnity.Burst.CodeGen.BurstILPostProcessor
[1186/1335  0s] ILPostProcess Library/Bee/artifacts/1900b0aE.dag/post-processed/Unity.InferenceEngine.Editor.dll (+pdb)
Processing assembly Library/Bee/artifacts/1900b0aE.dag/Unity.InferenceEngine.Editor.dll, with 137 defines and 276 references

processors: Unity.Jobs.CodeGen.JobsILPostProcessor, zzzUnity.Burst.CodeGen.BurstILPostProcessor

running Unity.Jobs.CodeGen.JobsILPostProcessor

running zzzUnity.Burst.CodeGen.BurstILPostProcessor
[1187/1335  0s] ILPostProcess Library/Bee/artifacts/1900b0aE.dag/post-processed/Unity.AI.Toolkit.Async.dll (+pdb)
Processing assembly Library/Bee/artifacts/1900b0aE.dag/Unity.AI.Toolkit.Async.dll, with 137 defines and 289 references

processors: Unity.Jobs.CodeGen.JobsILPostProcessor, zzzUnity.Burst.CodeGen.BurstILPostProcessor

running Unity.Jobs.CodeGen.JobsILPostProcessor

running zzzUnity.Burst.CodeGen.BurstILPostProcessor
[1188/1335  0s] ILPostProcess Library/Bee/artifacts/1900b0aE.dag/post-processed/MCPForUnity.Editor.dll (+pdb)
Processing assembly Library/Bee/artifacts/1900b0aE.dag/MCPForUnity.Editor.dll, with 137 defines and 290 references

processors: Unity.Jobs.CodeGen.JobsILPostProcessor, zzzUnity.Burst.CodeGen.BurstILPostProcessor

running Unity.Jobs.CodeGen.JobsILPostProcessor

running zzzUnity.Burst.CodeGen.BurstILPostProcessor
[1189/1335  1s] ILPostProcess Library/Bee/artifacts/1900b0aE.dag/post-processed/ScriptablePacker.dll (+pdb)
Processing assembly Library/Bee/artifacts/1900b0aE.dag/ScriptablePacker.dll, with 137 defines and 274 references

processors: Unity.Jobs.CodeGen.JobsILPostProcessor, zzzUnity.Burst.CodeGen.BurstILPostProcessor

running Unity.Jobs.CodeGen.JobsILPostProcessor

running zzzUnity.Burst.CodeGen.BurstILPostProcessor
[1190/1335  0s] ILPostProcess Library/Bee/artifacts/1900b0aE.dag/post-processed/Unity.AI.Assistant.AssetGenerators.Editor.dll (+pdb)
Processing assembly Library/Bee/artifacts/1900b0aE.dag/Unity.AI.Assistant.AssetGenerators.Editor.dll, with 138 defines and 280 references

processors: Unity.Jobs.CodeGen.JobsILPostProcessor, zzzUnity.Burst.CodeGen.BurstILPostProcessor

running Unity.Jobs.CodeGen.JobsILPostProcessor

running zzzUnity.Burst.CodeGen.BurstILPostProcessor
[1191/1335  0s] ILPostProcess Library/Bee/artifacts/1900b0aE.dag/post-processed/Unity.AI.Assistant.Editor.dll (+pdb)
Processing assembly Library/Bee/artifacts/1900b0aE.dag/Unity.AI.Assistant.Editor.dll, with 138 defines and 282 references

processors: Unity.Jobs.CodeGen.JobsILPostProcessor, zzzUnity.Burst.CodeGen.BurstILPostProcessor

running Unity.Jobs.CodeGen.JobsILPostProcessor

running zzzUnity.Burst.CodeGen.BurstILPostProcessor
[1192/1335 12s] ILPostProcess Library/Bee/artifacts/1900b0aE.dag/post-processed/Unity.Collections.dll (+pdb)
Processing assembly Library/Bee/artifacts/1900b0aE.dag/Unity.Collections.dll, with 141 defines and 280 references

processors: Unity.Jobs.CodeGen.JobsILPostProcessor, zzzUnity.Burst.CodeGen.BurstILPostProcessor

running Unity.Jobs.CodeGen.JobsILPostProcessor

running zzzUnity.Burst.CodeGen.BurstILPostProcessor
[1193/1335  0s] ILPostProcess Library/Bee/artifacts/1900b0aE.dag/post-processed/Unity.AI.Generators.UI.dll (+pdb)
Processing assembly Library/Bee/artifacts/1900b0aE.dag/Unity.AI.Generators.UI.dll, with 137 defines and 300 references

processors: Unity.Jobs.CodeGen.JobsILPostProcessor, zzzUnity.Burst.CodeGen.BurstILPostProcessor

running Unity.Jobs.CodeGen.JobsILPostProcessor

running zzzUnity.Burst.CodeGen.BurstILPostProcessor
[1194/1335  0s] ILPostProcess Library/Bee/artifacts/1900b0aE.dag/post-processed/Unity.AI.Generators.Tools.dll (+pdb)
Processing assembly Library/Bee/artifacts/1900b0aE.dag/Unity.AI.Generators.Tools.dll, with 137 defines and 303 references

processors: Unity.Jobs.CodeGen.JobsILPostProcessor, zzzUnity.Burst.CodeGen.BurstILPostProcessor

running Unity.Jobs.CodeGen.JobsILPostProcessor

running zzzUnity.Burst.CodeGen.BurstILPostProcessor
[1195/1335  0s] ILPostProcess Library/Bee/artifacts/1900b0aE.dag/post-processed/Unity.AI.Assistant.Agent.Dynamic.Extension.Editor.dll (+pdb)
Processing assembly Library/Bee/artifacts/1900b0aE.dag/Unity.AI.Assistant.Agent.Dynamic.Extension.Editor.dll, with 137 defines and 289 references

processors: Unity.Jobs.CodeGen.JobsILPostProcessor, zzzUnity.Burst.CodeGen.BurstILPostProcessor

running Unity.Jobs.CodeGen.JobsILPostProcessor

running zzzUnity.Burst.CodeGen.BurstILPostProcessor
[1196/1335  1s] ILPostProcess Library/Bee/artifacts/1900b0aE.dag/post-processed/Unity.AppUI.Redux.Editor.dll (+pdb)
Processing assembly Library/Bee/artifacts/1900b0aE.dag/Unity.AppUI.Redux.Editor.dll, with 140 defines and 274 references

processors: Unity.Jobs.CodeGen.JobsILPostProcessor, zzzUnity.Burst.CodeGen.BurstILPostProcessor

running Unity.Jobs.CodeGen.JobsILPostProcessor

running zzzUnity.Burst.CodeGen.BurstILPostProcessor
[1197/1335  0s] ILPostProcess Library/Bee/artifacts/1900b0aE.dag/post-processed/Unity.InferenceEngine.Microsoft.Msagl.dll (+pdb)
Processing assembly Library/Bee/artifacts/1900b0aE.dag/Unity.InferenceEngine.Microsoft.Msagl.dll, with 137 defines and 289 references

processors: Unity.Jobs.CodeGen.JobsILPostProcessor, zzzUnity.Burst.CodeGen.BurstILPostProcessor

running Unity.Jobs.CodeGen.JobsILPostProcessor

running zzzUnity.Burst.CodeGen.BurstILPostProcessor
[1198/1335  0s] ILPostProcess Library/Bee/artifacts/1900b0aE.dag/post-processed/Unity.2D.Sprite.AIIntegration.Editor.dll (+pdb)
Processing assembly Library/Bee/artifacts/1900b0aE.dag/Unity.2D.Sprite.AIIntegration.Editor.dll, with 138 defines and 289 references

processors: Unity.Jobs.CodeGen.JobsILPostProcessor, zzzUnity.Burst.CodeGen.BurstILPostProcessor

running Unity.Jobs.CodeGen.JobsILPostProcessor

running zzzUnity.Burst.CodeGen.BurstILPostProcessor
[1199/1335  0s] ILPostProcess Library/Bee/artifacts/1900b0aE.dag/post-processed/Unity.Multiplayer.Center.Editor.dll (+pdb)
Processing assembly Library/Bee/artifacts/1900b0aE.dag/Unity.Multiplayer.Center.Editor.dll, with 137 defines and 290 references

processors: Unity.Jobs.CodeGen.JobsILPostProcessor, zzzUnity.Burst.CodeGen.BurstILPostProcessor

running Unity.Jobs.CodeGen.JobsILPostProcessor

running zzzUnity.Burst.CodeGen.BurstILPostProcessor
[1200/1335  0s] ILPostProcess Library/Bee/artifacts/1900b0aE.dag/post-processed/ProjectFoundPhone.Tests.dll (+pdb)
Processing assembly Library/Bee/artifacts/1900b0aE.dag/ProjectFoundPhone.Tests.dll, with 137 defines and 274 references

processors: Unity.Jobs.CodeGen.JobsILPostProcessor, zzzUnity.Burst.CodeGen.BurstILPostProcessor

running Unity.Jobs.CodeGen.JobsILPostProcessor

running zzzUnity.Burst.CodeGen.BurstILPostProcessor
[1201/1335  0s] ILPostProcess Library/Bee/artifacts/1900b0aE.dag/post-processed/Unity.AppUI.Editor.dll (+pdb)
Processing assembly Library/Bee/artifacts/1900b0aE.dag/Unity.AppUI.Editor.dll, with 139 defines and 291 references

processors: Unity.Jobs.CodeGen.JobsILPostProcessor, zzzUnity.Burst.CodeGen.BurstILPostProcessor

running Unity.Jobs.CodeGen.JobsILPostProcessor

running zzzUnity.Burst.CodeGen.BurstILPostProcessor
[1202/1335  0s] ILPostProcess Library/Bee/artifacts/1900b0aE.dag/post-processed/Unity.2D.Sprite.Editor.dll (+pdb)
Processing assembly Library/Bee/artifacts/1900b0aE.dag/Unity.2D.Sprite.Editor.dll, with 137 defines and 289 references

processors: Unity.Jobs.CodeGen.JobsILPostProcessor, zzzUnity.Burst.CodeGen.BurstILPostProcessor

running Unity.Jobs.CodeGen.JobsILPostProcessor

running zzzUnity.Burst.CodeGen.BurstILPostProcessor
[1203/1335  0s] ILPostProcess Library/Bee/artifacts/1900b0aE.dag/post-processed/Unity.AI.Image.dll (+pdb)
Processing assembly Library/Bee/artifacts/1900b0aE.dag/Unity.AI.Image.dll, with 138 defines and 305 references

processors: Unity.Jobs.CodeGen.JobsILPostProcessor, zzzUnity.Burst.CodeGen.BurstILPostProcessor

running Unity.Jobs.CodeGen.JobsILPostProcessor

running zzzUnity.Burst.CodeGen.BurstILPostProcessor
[1204/1335  0s] ILPostProcess Library/Bee/artifacts/1900b0aE.dag/post-processed/Unity.AI.Generators.Sdk.dll (+pdb)
Processing assembly Library/Bee/artifacts/1900b0aE.dag/Unity.AI.Generators.Sdk.dll, with 137 defines and 294 references

processors: Unity.Jobs.CodeGen.JobsILPostProcessor, zzzUnity.Burst.CodeGen.BurstILPostProcessor

running Unity.Jobs.CodeGen.JobsILPostProcessor

running zzzUnity.Burst.CodeGen.BurstILPostProcessor
[1205/1335  0s] ILPostProcess Library/Bee/artifacts/1900b0aE.dag/post-processed/Unity.TextMeshPro.Editor.dll (+pdb)
Processing assembly Library/Bee/artifacts/1900b0aE.dag/Unity.TextMeshPro.Editor.dll, with 137 defines and 290 references

processors: Unity.Jobs.CodeGen.JobsILPostProcessor, zzzUnity.Burst.CodeGen.BurstILPostProcessor

running Unity.Jobs.CodeGen.JobsILPostProcessor

running zzzUnity.Burst.CodeGen.BurstILPostProcessor
[1206/1335  0s] ILPostProcess Library/Bee/artifacts/1900b0aE.dag/post-processed/Unity.AI.Toolkit.GenerationContextMenu.dll (+pdb)
Processing assembly Library/Bee/artifacts/1900b0aE.dag/Unity.AI.Toolkit.GenerationContextMenu.dll, with 137 defines and 290 references

processors: Unity.Jobs.CodeGen.JobsILPostProcessor, zzzUnity.Burst.CodeGen.BurstILPostProcessor

running Unity.Jobs.CodeGen.JobsILPostProcessor

running zzzUnity.Burst.CodeGen.BurstILPostProcessor
[1207/1335  0s] ILPostProcess Library/Bee/artifacts/1900b0aE.dag/post-processed/Unity.AI.Toolkit.GenerationObjectPicker.dll (+pdb)
Processing assembly Library/Bee/artifacts/1900b0aE.dag/Unity.AI.Toolkit.GenerationObjectPicker.dll, with 138 defines and 292 references

processors: Unity.Jobs.CodeGen.JobsILPostProcessor, zzzUnity.Burst.CodeGen.BurstILPostProcessor

running Unity.Jobs.CodeGen.JobsILPostProcessor

running zzzUnity.Burst.CodeGen.BurstILPostProcessor
[1208/1335  0s] ILPostProcess Library/Bee/artifacts/1900b0aE.dag/post-processed/Unity.AI.Generators.UI.AIDropdownIntegrations.dll (+pdb)
Processing assembly Library/Bee/artifacts/1900b0aE.dag/Unity.AI.Generators.UI.AIDropdownIntegrations.dll, with 137 defines and 292 references

processors: Unity.Jobs.CodeGen.JobsILPostProcessor, zzzUnity.Burst.CodeGen.BurstILPostProcessor

running Unity.Jobs.CodeGen.JobsILPostProcessor

running zzzUnity.Burst.CodeGen.BurstILPostProcessor
[1209/1335  0s] CopyFiles Library/ScriptAssemblies/Unity.MemoryProfiler.dll
[1210/1335  0s] CopyFiles Library/ScriptAssemblies/Unity.InferenceEngine.iOSBLAS.dll
[1211/1335  0s] CopyFiles Library/ScriptAssemblies/ProjectFoundPhone.PlayModeTests.dll
[1212/1335  0s] CopyFiles Library/ScriptAssemblies/Demigiant.DOTween.dll
[1213/1335  0s] CopyFiles Library/ScriptAssemblies/Unity.Collections.dll
[1214/1335  0s] CopyFiles Library/ScriptAssemblies/glTFast.dll
[1215/1335  0s] CopyFiles Library/ScriptAssemblies/Unity.AppUI.Redux.dll
[1216/1335  0s] CopyFiles Library/ScriptAssemblies/Unity.Profiling.Core.dll
[1217/1335  0s] CopyFiles Library/ScriptAssemblies/Assembly-CSharp.dll
[1218/1335  0s] CopyFiles Library/ScriptAssemblies/Unity.AppUI.dll
[1219/1335  0s] CopyFiles Library/ScriptAssemblies/glTFast.Newtonsoft.dll
[1220/1335  0s] CopyFiles Library/ScriptAssemblies/Unity.InferenceEngine.Tokenization.dll
[1221/1335  0s] CopyFiles Library/ScriptAssemblies/Unity.InternalAPIEngineBridge.001.dll
[1222/1335  0s] CopyFiles Library/ScriptAssemblies/Unity.Burst.dll
[1223/1335  0s] CopyFiles Library/ScriptAssemblies/Unity.Multiplayer.Center.Common.dll
[1224/1335  0s] CopyFiles Library/ScriptAssemblies/Unity.TextMeshPro.dll
[1225/1335  0s] CopyFiles Library/ScriptAssemblies/Unity.Mathematics.dll
[1226/1335  0s] CopyFiles Library/ScriptAssemblies/MCPForUnity.Runtime.dll
[1227/1335  0s] CopyFiles Library/ScriptAssemblies/Unity.InternalAPIEngineBridge.004.dll
[1228/1335  0s] CopyFiles Library/ScriptAssemblies/Unity.PerformanceTesting.dll
[1229/1335  0s] CopyFiles Library/ScriptAssemblies/glTFast.Export.dll
[1230/1335  0s] CopyFiles Library/ScriptAssemblies/ProjectFoundPhone.Utils.dll
[1231/1335  0s] CopyFiles Library/ScriptAssemblies/YarnSpinner.Unity.dll
[1232/1335  0s] CopyFiles Library/ScriptAssemblies/glTFast.Documentation.Examples.dll
[1233/1335  0s] CopyFiles Library/ScriptAssemblies/Unity.AI.Assistant.Runtime.dll
[1234/1335  0s] CopyFiles Library/ScriptAssemblies/Unity.AI.Animate.Motion.Runtime.dll
[1235/1335  0s] CopyFiles Library/ScriptAssemblies/UnityEngine.UI.dll
[1236/1335  0s] CopyFiles Library/ScriptAssemblies/Unity.InferenceEngine.MacBLAS.dll
[1237/1335  0s] CopyFiles Library/ScriptAssemblies/Unity.2D.Common.Runtime.dll
[1238/1335  0s] CopyFiles Library/ScriptAssemblies/ProjectFoundPhone.dll
[1239/1335  0s] CopyFiles Library/ScriptAssemblies/glTFast.dots.dll
[1240/1335  0s] CopyFiles Library/ScriptAssemblies/Unity.AppUI.Undo.dll
[1241/1335  0s] CopyFiles Library/ScriptAssemblies/Unity.AppUI.MVVM.dll
[1242/1335  0s] CopyFiles Library/ScriptAssemblies/Unity.AppUI.InternalAPIBridge.dll
[1243/1335  0s] CopyFiles Library/ScriptAssemblies/Unity.Serialization.dll
[1244/1335  0s] CopyFiles Library/ScriptAssemblies/Unity.AppUI.Navigation.dll
[1245/1335  0s] CopyFiles Library/ScriptAssemblies/Unity.AI.Toolkit.GenerationObjectPicker.pdb
[1246/1335  0s] CopyFiles Library/ScriptAssemblies/Unity.AI.Toolkit.GenerationObjectPicker.dll
[1247/1335  0s] CopyFiles Library/ScriptAssemblies/Unity.AI.Toolkit.GenerationContextMenu.pdb
[1248/1335  0s] CopyFiles Library/ScriptAssemblies/Unity.AI.Generators.Sdk.dll
[1249/1335  0s] CopyFiles Library/ScriptAssemblies/Unity.AI.Generators.Sdk.pdb
[1250/1335  0s] CopyFiles Library/ScriptAssemblies/Unity.TextMeshPro.Editor.pdb
[1251/1335  0s] CopyFiles Library/ScriptAssemblies/Unity.TextMeshPro.Editor.dll
[1252/1335  0s] CopyFiles Library/ScriptAssemblies/Unity.AI.Image.pdb
[1253/1335  0s] CopyFiles Library/ScriptAssemblies/Unity.AI.Image.dll
[1254/1335  0s] CopyFiles Library/ScriptAssemblies/Unity.AppUI.Editor.pdb
[1255/1335  0s] CopyFiles Library/ScriptAssemblies/Unity.AppUI.Editor.dll
[1256/1335  0s] CopyFiles Library/ScriptAssemblies/Unity.2D.Sprite.Editor.dll
[1257/1335  0s] CopyFiles Library/ScriptAssemblies/Unity.2D.Sprite.Editor.pdb
[1258/1335  0s] CopyFiles Library/ScriptAssemblies/ProjectFoundPhone.Tests.dll
[1259/1335  0s] CopyFiles Library/ScriptAssemblies/ProjectFoundPhone.Tests.pdb
[1260/1335  0s] CopyFiles Library/ScriptAssemblies/Unity.Multiplayer.Center.Editor.pdb
[1261/1335  0s] CopyFiles Library/ScriptAssemblies/Unity.Multiplayer.Center.Editor.dll
[1262/1335  0s] CopyFiles Library/ScriptAssemblies/Unity.2D.Sprite.AIIntegration.Editor.dll
[1263/1335  0s] CopyFiles Library/ScriptAssemblies/Unity.2D.Sprite.AIIntegration.Editor.pdb
[1264/1335  0s] CopyFiles Library/ScriptAssemblies/Unity.InferenceEngine.Microsoft.Msagl.pdb
[1265/1335  0s] CopyFiles Library/ScriptAssemblies/Unity.InferenceEngine.Microsoft.Msagl.dll
[1266/1335  0s] CopyFiles Library/ScriptAssemblies/Unity.AppUI.Redux.Editor.pdb
[1267/1335  0s] CopyFiles Library/ScriptAssemblies/Unity.AppUI.Redux.Editor.dll
[1268/1335  0s] CopyFiles Library/ScriptAssemblies/Unity.AI.Assistant.Agent.Dynamic.Extension.Editor.dll
[1269/1335  0s] CopyFiles Library/ScriptAssemblies/Unity.AI.Assistant.Agent.Dynamic.Extension.Editor.pdb
[1270/1335  0s] CopyFiles Library/ScriptAssemblies/Unity.AI.Generators.Tools.dll
[1271/1335  0s] CopyFiles Library/ScriptAssemblies/Unity.AI.Generators.Tools.pdb
[1272/1335  0s] CopyFiles Library/ScriptAssemblies/Unity.Collections.pdb
[1273/1335  0s] CopyFiles Library/ScriptAssemblies/Unity.AI.Assistant.Editor.dll
[1274/1335  0s] CopyFiles Library/ScriptAssemblies/Unity.AI.Assistant.Editor.pdb
[1275/1335  0s] CopyFiles Library/ScriptAssemblies/Unity.AI.Generators.UI.dll
[1276/1335  0s] CopyFiles Library/ScriptAssemblies/Unity.AI.Generators.UI.pdb
[1277/1335  0s] CopyFiles Library/ScriptAssemblies/Unity.AI.Assistant.AssetGenerators.Editor.pdb
[1278/1335  0s] CopyFiles Library/ScriptAssemblies/Unity.AI.Assistant.AssetGenerators.Editor.dll
[1279/1335  0s] CopyFiles Library/ScriptAssemblies/ScriptablePacker.pdb
[1280/1335  0s] CopyFiles Library/ScriptAssemblies/ScriptablePacker.dll
[1281/1335  0s] CopyFiles Library/ScriptAssemblies/Unity.AI.Toolkit.GenerationContextMenu.dll
[1282/1335  0s] CopyFiles Library/ScriptAssemblies/MCPForUnity.Editor.pdb
[1283/1335  0s] CopyFiles Library/ScriptAssemblies/Unity.AI.Toolkit.Async.dll
[1284/1335  0s] CopyFiles Library/ScriptAssemblies/MCPForUnity.Editor.dll
[1285/1335  0s] CopyFiles Library/ScriptAssemblies/Unity.AI.Toolkit.Async.pdb
[1286/1335  0s] CopyFiles Library/ScriptAssemblies/Unity.InferenceEngine.Editor.dll
[1287/1335  0s] CopyFiles Library/ScriptAssemblies/Unity.InferenceEngine.Editor.pdb
[1288/1335  0s] CopyFiles Library/ScriptAssemblies/Unity.Settings.Editor.dll
[1289/1335  0s] CopyFiles Library/ScriptAssemblies/Unity.Settings.Editor.pdb
[1290/1335  0s] CopyFiles Library/ScriptAssemblies/Unity.AI.Toolkit.Compliance.pdb
[1291/1335  0s] CopyFiles Library/ScriptAssemblies/Unity.InferenceEngine.ONNX.Editor.pdb
[1292/1335  0s] CopyFiles Library/ScriptAssemblies/Unity.InferenceEngine.ONNX.Editor.dll
[1293/1335  0s] CopyFiles Library/ScriptAssemblies/Unity.AI.Toolkit.Compliance.dll
[1294/1335  0s] CopyFiles Library/ScriptAssemblies/Unity.Burst.Editor.pdb
[1295/1335  0s] CopyFiles Library/ScriptAssemblies/Unity.Burst.Editor.dll
[1296/1335  0s] CopyFiles Library/ScriptAssemblies/Unity.AI.Toolkit.Asset.dll
[1297/1335  0s] CopyFiles Library/ScriptAssemblies/Unity.AI.Generators.UI.AIDropdownIntegrations.pdb
[1298/1335  0s] CopyFiles Library/ScriptAssemblies/Unity.AI.Generators.UI.AIDropdownIntegrations.dll
[1299/1335  0s] CopyFiles Library/ScriptAssemblies/Unity.AI.Toolkit.Asset.pdb
[1300/1335  0s] CopyFiles Library/ScriptAssemblies/Unity.MemoryProfiler.Editor.MemoryProfilerModule.pdb
[1301/1335  0s] CopyFiles Library/ScriptAssemblies/Unity.MemoryProfiler.Editor.MemoryProfilerModule.dll
[1302/1335  0s] CopyFiles Library/ScriptAssemblies/Unity.AI.Mesh.pdb
[1303/1335  0s] CopyFiles Library/ScriptAssemblies/Unity.Serialization.Editor.dll
[1304/1335  0s] CopyFiles Library/ScriptAssemblies/Demigiant.DOTweenPro.Editor.dll
[1305/1335  0s] CopyFiles Library/ScriptAssemblies/Unity.AI.Mesh.dll
[1306/1335  0s] CopyFiles Library/ScriptAssemblies/Demigiant.DOTweenPro.Editor.pdb
[1307/1335  0s] CopyFiles Library/ScriptAssemblies/UnityEditor.UI.dll
[1308/1335  0s] CopyFiles Library/ScriptAssemblies/glTFast.pdb
[1309/1335  0s] CopyFiles Library/ScriptAssemblies/Unity.AI.Generators.Asset.pdb
[1310/1335  0s] CopyFiles Library/ScriptAssemblies/Unity.AI.Generators.Asset.dll
[1311/1335  0s] CopyFiles Library/ScriptAssemblies/glTFast.Editor.pdb
[1312/1335  0s] CopyFiles Library/ScriptAssemblies/UnityEditor.UI.pdb
[1313/1335  0s] CopyFiles Library/ScriptAssemblies/glTFast.Editor.dll
[1314/1335  0s] CopyFiles Library/ScriptAssemblies/Unity.AI.Assistant.UI.Editor.pdb
[1315/1335  0s] CopyFiles Library/ScriptAssemblies/Unity.AI.ModelSelector.dll
[1316/1335  0s] CopyFiles Library/ScriptAssemblies/Unity.AI.Assistant.UI.Editor.dll
[1317/1335  0s] CopyFiles Library/ScriptAssemblies/Unity.AI.ModelSelector.pdb
[1318/1335  0s] CopyFiles Library/ScriptAssemblies/Unity.EditorCoroutines.Editor.pdb
[1319/1335  0s] CopyFiles Library/ScriptAssemblies/Unity.EditorCoroutines.Editor.dll
[1320/1335  0s] CopyFiles Library/ScriptAssemblies/Unity.AI.Toolkit.Utility.pdb
[1321/1335  0s] CopyFiles Library/ScriptAssemblies/Unity.AI.Toolkit.Utility.dll
[1322/1335  0s] CopyFiles Library/ScriptAssemblies/Unity.AI.Pbr.Srp.dll
[1323/1335  0s] CopyFiles Library/ScriptAssemblies/Unity.Serialization.pdb
[1324/1335  0s] CopyFiles Library/ScriptAssemblies/Unity.AI.Pbr.Srp.pdb
[1325/1335  0s] CopyFiles Library/ScriptAssemblies/Unity.AI.Generators.IO.pdb
[1326/1335  0s] CopyFiles Library/ScriptAssemblies/Unity.AI.Generators.IO.dll
[1327/1335  0s] CopyFiles Library/ScriptAssemblies/Unity.AI.Generators.Redux.pdb
[1328/1335  0s] CopyFiles Library/ScriptAssemblies/Unity.PerformanceTesting.Editor.pdb
[1329/1335  0s] CopyFiles Library/ScriptAssemblies/Unity.AI.Generators.Redux.dll
[1330/1335  0s] CopyFiles Library/ScriptAssemblies/Unity.PerformanceTesting.Editor.dll
[1331/1335  0s] CopyFiles Library/ScriptAssemblies/Unity.AI.Assistant.Bridge.Editor.pdb
[1332/1335  0s] CopyFiles Library/ScriptAssemblies/Unity.AI.Assistant.Bridge.Editor.dll
[1333/1335  0s] CopyFiles Library/ScriptAssemblies/Unity.AI.Toolkit.Accounts.dll
[1334/1335  0s] CopyFiles Library/ScriptAssemblies/Unity.AI.Toolkit.Accounts.pdb
[1335/1335  0s] CopyFiles Library/ScriptAssemblies/ProjectFoundPhone.Debug.Editor.pdb
[1336/1335  0s] CopyFiles Library/ScriptAssemblies/ProjectFoundPhone.Debug.Editor.dll
[1337/1335  0s] CopyFiles Library/ScriptAssemblies/ProjectFoundPhone.Editor.dll
[1338/1335  0s] CopyFiles Library/ScriptAssemblies/ProjectFoundPhone.MVP.Editor.dll
[1339/1335  0s] CopyFiles Library/ScriptAssemblies/Unity.Serialization.Editor.pdb
[1340/1335  0s] CopyFiles Library/ScriptAssemblies/ProjectFoundPhone.MVP.Editor.pdb
[1341/1335  0s] CopyFiles Library/ScriptAssemblies/Unity.AI.Search.Editor.dll
[1342/1335  0s] CopyFiles Library/ScriptAssemblies/Unity.AI.Search.Editor.pdb
[1343/1335  0s] CopyFiles Library/ScriptAssemblies/Unity.InferenceEngine.Editor.Visualizer.pdb
[1344/1335  0s] CopyFiles Library/ScriptAssemblies/Unity.InferenceEngine.Editor.Visualizer.dll
[1345/1335  0s] CopyFiles Library/ScriptAssemblies/Unity.AppUI.Navigation.Editor.dll
[1346/1335  0s] CopyFiles Library/ScriptAssemblies/Unity.AppUI.Navigation.Editor.pdb
[1347/1335  0s] CopyFiles Library/ScriptAssemblies/YarnSpinner.Unity.Editor.pdb
[1348/1335  0s] CopyFiles Library/ScriptAssemblies/ProjectFoundPhone.Dev.pdb
[1349/1335  0s] CopyFiles Library/ScriptAssemblies/YarnSpinner.Unity.Editor.dll
[1350/1335  0s] CopyFiles Library/ScriptAssemblies/ProjectFoundPhone.Dev.dll
[1351/1335  0s] CopyFiles Library/ScriptAssemblies/Unity.2D.Enhancers.Editor.dll
[1352/1335  0s] CopyFiles Library/ScriptAssemblies/Unity.2D.Enhancers.Editor.pdb
[1353/1335  0s] CopyFiles Library/ScriptAssemblies/Unity.Collections.Editor.dll
[1354/1335  0s] CopyFiles Library/ScriptAssemblies/Unity.Collections.Editor.pdb
[1355/1335  0s] CopyFiles Library/ScriptAssemblies/Unity.2D.Common.Editor.dll
[1356/1335  0s] CopyFiles Library/ScriptAssemblies/Unity.2D.Common.Path.Editor.dll
[1357/1335  0s] CopyFiles Library/ScriptAssemblies/Unity.2D.Common.Path.Editor.pdb
[1358/1335  0s] CopyFiles Library/ScriptAssemblies/ProjectFoundPhone.Editor.pdb
[1359/1335  0s] CopyFiles Library/ScriptAssemblies/Unity.2D.Enhancers.Editor.AIBridge.dll
[1360/1335  0s] CopyFiles Library/ScriptAssemblies/Unity.2D.Enhancers.Editor.AIBridge.pdb
[1361/1335  0s] CopyFiles Library/ScriptAssemblies/Unity.AI.Pbr.pdb
[1362/1335  0s] CopyFiles Library/ScriptAssemblies/Unity.2D.Common.Editor.pdb
[1363/1335  0s] CopyFiles Library/ScriptAssemblies/Unity.AI.Pbr.dll
[1364/1335  0s] CopyFiles Library/ScriptAssemblies/Unity.AI.Assistant.API.Editor.pdb
[1365/1335  0s] CopyFiles Library/ScriptAssemblies/Unity.AI.Assistant.API.Editor.dll
[1366/1335  0s] CopyFiles Library/ScriptAssemblies/UnityEditor.UI.Analytics.dll
[1367/1335  0s] CopyFiles Library/ScriptAssemblies/UnityEditor.UI.Analytics.pdb
[1368/1335  0s] CopyFiles Library/ScriptAssemblies/Unity.AI.Generators.Contexts.pdb
[1369/1335  0s] CopyFiles Library/ScriptAssemblies/Unity.AI.Generators.Contexts.dll
[1370/1335  0s] CopyFiles Library/ScriptAssemblies/Unity.AI.Assistant.Integrations.Profiler.Editor.dll
[1371/1335  0s] CopyFiles Library/ScriptAssemblies/Unity.AI.Assistant.Integrations.Profiler.Editor.pdb
[1372/1335  0s] CopyFiles Library/ScriptAssemblies/Assembly-CSharp-Editor.dll
[1373/1335  0s] CopyFiles Library/ScriptAssemblies/Assembly-CSharp.pdb
[1374/1335  0s] CopyFiles Library/ScriptAssemblies/Assembly-CSharp-Editor.pdb
[1375/1335  0s] CopyFiles Library/ScriptAssemblies/Unity.2D.Common.Runtime.pdb
[1376/1335  0s] CopyFiles Library/ScriptAssemblies/glTFast.dots.pdb
[1377/1335  0s] CopyFiles Library/ScriptAssemblies/HFDownloader.dll
[1378/1335  0s] CopyFiles Library/ScriptAssemblies/Unity.Mathematics.Editor.dll
[1379/1335  0s] CopyFiles Library/ScriptAssemblies/HFDownloader.pdb
[1380/1335  0s] CopyFiles Library/ScriptAssemblies/Unity.Mathematics.Editor.pdb
[1381/1335  0s] CopyFiles Library/ScriptAssemblies/Unity.AI.Sound.pdb
[1382/1335  0s] CopyFiles Library/ScriptAssemblies/Unity.AI.Sound.dll
[1383/1335  0s] CopyFiles Library/ScriptAssemblies/UnityEngine.UI.pdb
[1384/1335  0s] CopyFiles Library/ScriptAssemblies/Unity.InferenceEngine.Tokenization.pdb
[1385/1335  0s] CopyFiles Library/ScriptAssemblies/Unity.InternalAPIEngineBridge.001.pdb
[1386/1335  0s] CopyFiles Library/ScriptAssemblies/Unity.Burst.pdb
[1387/1335  0s] CopyFiles Library/ScriptAssemblies/Unity.AppUI.pdb
[1388/1335  0s] CopyFiles Library/ScriptAssemblies/Unity.AppUI.MVVM.pdb
[1389/1335  0s] CopyFiles Library/ScriptAssemblies/Unity.AppUI.Undo.pdb
[1390/1335  0s] CopyFiles Library/ScriptAssemblies/YarnSpinner.Unity.pdb
[1391/1335  0s] CopyFiles Library/ScriptAssemblies/glTFast.Export.pdb
[1392/1335  0s] CopyFiles Library/ScriptAssemblies/ProjectFoundPhone.Utils.pdb
[1393/1335  0s] CopyFiles Library/ScriptAssemblies/Unity.Mathematics.pdb
[1394/1335  0s] CopyFiles Library/ScriptAssemblies/Unity.InternalAPIEngineBridge.004.pdb
[1395/1335  0s] CopyFiles Library/ScriptAssemblies/Unity.AppUI.InternalAPIBridge.pdb
[1396/1335  0s] CopyFiles Library/ScriptAssemblies/Unity.AI.Assistant.Runtime.pdb
[1397/1335  0s] CopyFiles Library/ScriptAssemblies/Unity.AppUI.Redux.pdb
[1398/1335  0s] CopyFiles Library/ScriptAssemblies/Unity.AppUI.Navigation.pdb
[1399/1335  0s] CopyFiles Library/ScriptAssemblies/Unity.InferenceEngine.iOSBLAS.pdb
[1400/1335  0s] CopyFiles Library/ScriptAssemblies/Unity.MemoryProfiler.pdb
[1401/1335  0s] CopyFiles Library/ScriptAssemblies/Unity.AI.Animate.Motion.Runtime.pdb
[1402/1335  0s] CopyFiles Library/ScriptAssemblies/Unity.Multiplayer.Center.Common.pdb
[1403/1335  0s] CopyFiles Library/ScriptAssemblies/Unity.Profiling.Core.pdb
[1404/1335  0s] CopyFiles Library/ScriptAssemblies/Unity.PerformanceTesting.pdb
[1405/1335  0s] CopyFiles Library/ScriptAssemblies/Demigiant.DOTween.pdb
[1406/1335  0s] CopyFiles Library/ScriptAssemblies/ProjectFoundPhone.pdb
[1407/1335  0s] CopyFiles Library/ScriptAssemblies/Unity.InferenceEngine.MacBLAS.pdb
[1408/1335  0s] CopyFiles Library/ScriptAssemblies/glTFast.Newtonsoft.pdb
[1409/1335  0s] CopyFiles Library/ScriptAssemblies/ProjectFoundPhone.PlayModeTests.pdb
[1410/1335  0s] CopyFiles Library/ScriptAssemblies/glTFast.Documentation.Examples.pdb
[1411/1335  0s] CopyFiles Library/ScriptAssemblies/MCPForUnity.Runtime.pdb
[1412/1335  0s] CopyFiles Library/ScriptAssemblies/Unity.Collections.CodeGen.dll
[1413/1335  0s] CopyFiles Library/ScriptAssemblies/Unity.Collections.CodeGen.pdb
[1414/1335  0s] CopyFiles Library/ScriptAssemblies/Unity.Burst.CodeGen.dll
[1415/1335  0s] CopyFiles Library/ScriptAssemblies/Unity.TextMeshPro.pdb
[1416/1335  0s] CopyFiles Library/ScriptAssemblies/Unity.Burst.CodeGen.pdb
[1417/1335  1s] ILPostProcess Library/Bee/artifacts/1900b0aE.dag/post-processed/Unity.InternalAPIEditorBridge.001.dll (+pdb)
Processing assembly Library/Bee/artifacts/1900b0aE.dag/Unity.InternalAPIEditorBridge.001.dll, with 138 defines and 290 references

processors: Unity.Jobs.CodeGen.JobsILPostProcessor, zzzUnity.Burst.CodeGen.BurstILPostProcessor

running Unity.Jobs.CodeGen.JobsILPostProcessor

running zzzUnity.Burst.CodeGen.BurstILPostProcessor
[1418/1335  0s] ILPostProcess Library/Bee/artifacts/1900b0aE.dag/post-processed/Unity.AI.Assistant.Tools.Editor.dll (+pdb)
Processing assembly Library/Bee/artifacts/1900b0aE.dag/Unity.AI.Assistant.Tools.Editor.dll, with 137 defines and 294 references

processors: Unity.Jobs.CodeGen.JobsILPostProcessor, zzzUnity.Burst.CodeGen.BurstILPostProcessor

running Unity.Jobs.CodeGen.JobsILPostProcessor

running zzzUnity.Burst.CodeGen.BurstILPostProcessor
[1419/1335  0s] ILPostProcess Library/Bee/artifacts/1900b0aE.dag/post-processed/Unity.AI.Animate.dll (+pdb)
Processing assembly Library/Bee/artifacts/1900b0aE.dag/Unity.AI.Animate.dll, with 137 defines and 305 references

processors: Unity.Jobs.CodeGen.JobsILPostProcessor, zzzUnity.Burst.CodeGen.BurstILPostProcessor

running Unity.Jobs.CodeGen.JobsILPostProcessor

running zzzUnity.Burst.CodeGen.BurstILPostProcessor
[1420/1335  0s] CopyFiles Library/ScriptAssemblies/Unity.InternalAPIEditorBridge.001.dll
[1421/1335  0s] CopyFiles Library/ScriptAssemblies/Unity.InternalAPIEditorBridge.001.pdb
[1422/1335  0s] CopyFiles Library/ScriptAssemblies/Unity.AI.Assistant.Tools.Editor.pdb
[1423/1335  0s] CopyFiles Library/ScriptAssemblies/Unity.AI.Assistant.Tools.Editor.dll
[1424/1335  0s] CopyFiles Library/ScriptAssemblies/Unity.AI.Animate.pdb
[1425/1335  0s] CopyFiles Library/ScriptAssemblies/Unity.AI.Animate.dll
[1426/1335 15s] ILPostProcess Library/Bee/artifacts/1900b0aE.dag/post-processed/Unity.InferenceEngine.dll (+pdb)
Processing assembly Library/Bee/artifacts/1900b0aE.dag/Unity.InferenceEngine.dll, with 139 defines and 281 references

processors: Unity.Jobs.CodeGen.JobsILPostProcessor, zzzUnity.Burst.CodeGen.BurstILPostProcessor

running Unity.Jobs.CodeGen.JobsILPostProcessor

running zzzUnity.Burst.CodeGen.BurstILPostProcessor
[1427/1335  0s] CopyFiles Library/ScriptAssemblies/Unity.InferenceEngine.pdb
[1428/1335  0s] CopyFiles Library/ScriptAssemblies/Unity.InferenceEngine.dll
[1429/1335  4s] ILPostProcess Library/Bee/artifacts/1900b0aE.dag/post-processed/Unity.MemoryProfiler.Editor.dll (+pdb)
Processing assembly Library/Bee/artifacts/1900b0aE.dag/Unity.MemoryProfiler.Editor.dll, with 143 defines and 295 references

processors: Unity.Jobs.CodeGen.JobsILPostProcessor, zzzUnity.Burst.CodeGen.BurstILPostProcessor

running Unity.Jobs.CodeGen.JobsILPostProcessor

running zzzUnity.Burst.CodeGen.BurstILPostProcessor
[1430/1335  0s] CopyFiles Library/ScriptAssemblies/Unity.MemoryProfiler.Editor.pdb
[1431/1335  0s] CopyFiles Library/ScriptAssemblies/Unity.MemoryProfiler.Editor.dll
*** Tundra build success (47.19 seconds), 1237 items updated, 1335 evaluated
Assets\Scripts\UI\ChatDialogueView.cs(42,94): warning CS8600: Converting null literal or possible null value to non-nullable type.
Assets\Scripts\UI\ChatDialogueView.cs(70,49): warning CS8600: Converting null literal or possible null value to non-nullable type.
Assets\Scripts\MVP\MVPGameController.cs(389,13): warning CS0618: 'TMP_Text.enableWordWrapping' is obsolete: 'The enabledWordWrapping property is now obsolete. Please use the textWrappingMode property instead.'
Assets\Scripts\MVP\MVPGameController.cs(463,13): warning CS0618: 'TMP_Text.enableWordWrapping' is obsolete: 'The enabledWordWrapping property is now obsolete. Please use the textWrappingMode property instead.'
Assets\Scripts\MVP\Editor\MVPTestHelper.cs(56,25): warning CS0618: 'Object.FindObjectOfType<T>()' is obsolete: 'Object.FindObjectOfType has been deprecated. Use Object.FindFirstObjectByType instead or if finding any instance is acceptable the faster Object.FindAnyObjectByType'
AssetDatabase: script compilation time: 58.375098s
Begin MonoManager ReloadAssembly
[Licensing::Client] Successfully resolved entitlement details
Duplicate assembly 'Microsoft.CodeAnalysis.dll' with different versions detected, using 'Packages/com.unity.ai.assistant/Plugins/CodeAnalysis/Microsoft.CodeAnalysis.dll, AssemblyName=Microsoft.CodeAnalysis, Version=3.11.0.0, Culture=neutral, PublicKeyToken=31bf3856ad364e35' and ignoring 'Packages/dev.yarnspinner.unity/Editor/Analysis/DLLs/Microsoft.CodeAnalysis.dll, AssemblyName=Microsoft.CodeAnalysis, Version=3.8.0.0, Culture=neutral, PublicKeyToken=31bf3856ad364e35'.Duplicate assembly 'System.Reflection.Metadata.dll' with different versions detected, using 'Packages/com.unity.ai.assistant/Plugins/Shared/System.Reflection.Metadata.dll, AssemblyName=System.Reflection.Metadata, Version=10.0.0.1, Culture=neutral, PublicKeyToken=b03f5f7f11d50a3a' and ignoring 'Packages/dev.yarnspinner.unity/Editor/Analysis/DLLs/System.Reflection.Metadata.dll, AssemblyName=System.Reflection.Metadata, Version=5.0.0.0, Culture=neutral, PublicKeyToken=b03f5f7f11d50a3a'.Duplicate assembly 'System.Collections.Immutable.dll' with different versions detected, using 'Packages/com.unity.ai.assistant/Plugins/Shared/System.Collections.Immutable.dll, AssemblyName=System.Collections.Immutable, Version=10.0.0.1, Culture=neutral, PublicKeyToken=b03f5f7f11d50a3a' and ignoring 'Packages/dev.yarnspinner.unity/Editor/Analysis/DLLs/System.Collections.Immutable.dll, AssemblyName=System.Collections.Immutable, Version=5.0.0.0, Culture=neutral, PublicKeyToken=b03f5f7f11d50a3a'.Duplicate assembly 'System.Runtime.CompilerServices.Unsafe.dll' with different versions detected, using 'Packages/com.unity.ai.assistant/Plugins/Shared/System.Runtime.CompilerServices.Unsafe.dll, AssemblyName=System.Runtime.CompilerServices.Unsafe, Version=6.0.3.0, Culture=neutral, PublicKeyToken=b03f5f7f11d50a3a' and ignoring 'Packages/dev.yarnspinner.unity/Editor/Analysis/DLLs/System.Runtime.CompilerServices.Unsafe.dll, AssemblyName=System.Runtime.CompilerServices.Unsafe, Version=4.0.6.0, Culture=neutral, PublicKeyToken=b03f5f7f11d50a3a'.Duplicate assembly 'System.Runtime.CompilerServices.Unsafe.dll' with different versions detected, using 'Packages/com.unity.ai.assistant/Plugins/Shared/System.Runtime.CompilerServices.Unsafe.dll, AssemblyName=System.Runtime.CompilerServices.Unsafe, Version=6.0.3.0, Culture=neutral, PublicKeyToken=b03f5f7f11d50a3a' and ignoring 'Packages/com.unity.collections/Unity.Collections.Tests/System.Runtime.CompilerServices.Unsafe/System.Runtime.CompilerServices.Unsafe.dll, AssemblyName=System.Runtime.CompilerServices.Unsafe, Version=6.0.0.0, Culture=neutral, PublicKeyToken=b03f5f7f11d50a3a'.Duplicate assembly 'Microsoft.CodeAnalysis.CSharp.dll' with different versions detected, using 'Packages/com.unity.ai.assistant/Plugins/CodeAnalysis/Microsoft.CodeAnalysis.CSharp.dll, AssemblyName=Microsoft.CodeAnalysis.CSharp, Version=3.11.0.0, Culture=neutral, PublicKeyToken=31bf3856ad364e35' and ignoring 'Packages/dev.yarnspinner.unity/Editor/Analysis/DLLs/Microsoft.CodeAnalysis.CSharp.dll, AssemblyName=Microsoft.CodeAnalysis.CSharp, Version=3.8.0.0, Culture=neutral, PublicKeyToken=31bf3856ad364e35'.- Loaded All Assemblies, in  3.484 seconds
Start importing Packages/com.unity.ugui using Guid(0c8de0cebee6ca3f05fbf69fdea5604e) (DefaultImporter) -> (artifact id: '78c2df4ed078e668b814b26c753b9b14') in 0.0820383 seconds
Start importing Packages/com.unity.ugui/Editor/Analytics using Guid(c52726d811a9f66459355df6b0c3977b) (DefaultImporter) -> (artifact id: '4154f772d9b7cf6fccdb594f4e326893') in 0.0046964 seconds
Start importing Packages/com.unity.ugui/Editor/Analytics/IAnalytic using Guid(77417b0f4cf6d334f916c64448d24133) (DefaultImporter) -> (artifact id: 'a22d0db8c8eb6d464d1b5bd50a6655ab') in 0.0011682 seconds
Start importing Packages/com.unity.ugui/Editor/Analytics/UnityEditor.UI.Analytics.asmdef using Guid(8394c018a82352f41ae354f7bdad54e3) (AssemblyDefinitionImporter) -> (artifact id: '51a42a6dc598d685998182f7c5c967c4') in 0.0053992 seconds
Refreshing native plugins compatible for Editor in 3.97 ms, found 1 plugins.
Native extension for WindowsStandalone target not found
Native extension for WebGL target not found
Duplicate assembly 'Microsoft.CodeAnalysis.dll' with different versions detected, using 'Packages/com.unity.ai.assistant/Plugins/CodeAnalysis/Microsoft.CodeAnalysis.dll, AssemblyName=Microsoft.CodeAnalysis, Version=3.11.0.0, Culture=neutral, PublicKeyToken=31bf3856ad364e35' and ignoring 'Packages/dev.yarnspinner.unity/Editor/Analysis/DLLs/Microsoft.CodeAnalysis.dll, AssemblyName=Microsoft.CodeAnalysis, Version=3.8.0.0, Culture=neutral, PublicKeyToken=31bf3856ad364e35'.Duplicate assembly 'System.Reflection.Metadata.dll' with different versions detected, using 'Packages/com.unity.ai.assistant/Plugins/Shared/System.Reflection.Metadata.dll, AssemblyName=System.Reflection.Metadata, Version=10.0.0.1, Culture=neutral, PublicKeyToken=b03f5f7f11d50a3a' and ignoring 'Packages/dev.yarnspinner.unity/Editor/Analysis/DLLs/System.Reflection.Metadata.dll, AssemblyName=System.Reflection.Metadata, Version=5.0.0.0, Culture=neutral, PublicKeyToken=b03f5f7f11d50a3a'.Duplicate assembly 'System.Collections.Immutable.dll' with different versions detected, using 'Packages/com.unity.ai.assistant/Plugins/Shared/System.Collections.Immutable.dll, AssemblyName=System.Collections.Immutable, Version=10.0.0.1, Culture=neutral, PublicKeyToken=b03f5f7f11d50a3a' and ignoring 'Packages/dev.yarnspinner.unity/Editor/Analysis/DLLs/System.Collections.Immutable.dll, AssemblyName=System.Collections.Immutable, Version=5.0.0.0, Culture=neutral, PublicKeyToken=b03f5f7f11d50a3a'.Duplicate assembly 'System.Runtime.CompilerServices.Unsafe.dll' with different versions detected, using 'Packages/com.unity.ai.assistant/Plugins/Shared/System.Runtime.CompilerServices.Unsafe.dll, AssemblyName=System.Runtime.CompilerServices.Unsafe, Version=6.0.3.0, Culture=neutral, PublicKeyToken=b03f5f7f11d50a3a' and ignoring 'Packages/dev.yarnspinner.unity/Editor/Analysis/DLLs/System.Runtime.CompilerServices.Unsafe.dll, AssemblyName=System.Runtime.CompilerServices.Unsafe, Version=4.0.6.0, Culture=neutral, PublicKeyToken=b03f5f7f11d50a3a'.Duplicate assembly 'System.Runtime.CompilerServices.Unsafe.dll' with different versions detected, using 'Packages/com.unity.ai.assistant/Plugins/Shared/System.Runtime.CompilerServices.Unsafe.dll, AssemblyName=System.Runtime.CompilerServices.Unsafe, Version=6.0.3.0, Culture=neutral, PublicKeyToken=b03f5f7f11d50a3a' and ignoring 'Packages/com.unity.collections/Unity.Collections.Tests/System.Runtime.CompilerServices.Unsafe/System.Runtime.CompilerServices.Unsafe.dll, AssemblyName=System.Runtime.CompilerServices.Unsafe, Version=6.0.0.0, Culture=neutral, PublicKeyToken=b03f5f7f11d50a3a'.Duplicate assembly 'Microsoft.CodeAnalysis.CSharp.dll' with different versions detected, using 'Packages/com.unity.ai.assistant/Plugins/CodeAnalysis/Microsoft.CodeAnalysis.CSharp.dll, AssemblyName=Microsoft.CodeAnalysis.CSharp, Version=3.11.0.0, Culture=neutral, PublicKeyToken=31bf3856ad364e35' and ignoring 'Packages/dev.yarnspinner.unity/Editor/Analysis/DLLs/Microsoft.CodeAnalysis.CSharp.dll, AssemblyName=Microsoft.CodeAnalysis.CSharp, Version=3.8.0.0, Culture=neutral, PublicKeyToken=31bf3856ad364e35'.<b><color=#2EA3FF>MCP-FOR-UNITY</color></b>: Auto-discovered 18 tools and 14 resources (32 total handlers)
UnityEngine.Debug:ExtractStackTraceNoAlloc (byte*,int,string)
UnityEngine.StackTraceUtility:ExtractStackTrace ()
UnityEngine.DebugLogHandler:Internal_Log (UnityEngine.LogType,UnityEngine.LogOption,string,UnityEngine.Object)
UnityEngine.DebugLogHandler:LogFormat (UnityEngine.LogType,UnityEngine.Object,string,object[])
UnityEngine.Logger:Log (UnityEngine.LogType,object)
UnityEngine.Debug:Log (object)
MCPForUnity.Editor.Helpers.McpLog:Info (string,bool) (at Assets/MCPForUnity/Editor/Helpers/McpLog.cs:40)
MCPForUnity.Editor.Tools.CommandRegistry:AutoDiscoverCommands () (at Assets/MCPForUnity/Editor/Tools/CommandRegistry.cs:101)
MCPForUnity.Editor.Tools.CommandRegistry:Initialize () (at Assets/MCPForUnity/Editor/Tools/CommandRegistry.cs:50)
MCPForUnity.Editor.Services.Transport.TransportCommandDispatcher:EnsureInitialised () (at Assets/MCPForUnity/Editor/Services/Transport/TransportCommandDispatcher.cs:200)
MCPForUnity.Editor.Services.Transport.TransportCommandDispatcher:.cctor () (at Assets/MCPForUnity/Editor/Services/Transport/TransportCommandDispatcher.cs:73)
System.Runtime.CompilerServices.RuntimeHelpers:RunClassConstructor (System.RuntimeTypeHandle)
UnityEditor.EditorAssemblies:ProcessInitializeOnLoadAttributes (System.Type[])

(Filename: Assets/MCPForUnity/Editor/Helpers/McpLog.cs Line: 40)

[Licensing::Client] Successfully resolved entitlement details
Refreshing native plugins compatible for Editor in 3.35 ms, found 1 plugins.
ScheduleIndexationOnStartup MainProcess:True IndexOnStartup:True
Mono: successfully reloaded assembly
- Finished resetting the current domain, in 12.433 seconds
Domain Reload Profiling: 15910ms
	BeginReloadAssembly (695ms)
		ExecutionOrderSort (0ms)
		DisableScriptedObjects (12ms)
		BackupInstance (0ms)
		ReleaseScriptingObjects (1ms)
		CreateAndSetChildDomain (225ms)
	RebuildCommonClasses (74ms)
	RebuildNativeTypeToScriptingClass (26ms)
	initialDomainReloadingComplete (159ms)
	LoadAllAssembliesAndSetupDomain (2520ms)
		LoadAssemblies (1749ms)
		RebuildTransferFunctionScriptingTraits (0ms)
		AnalyzeDomain (1104ms)
			TypeCache.Refresh (948ms)
				TypeCache.ScanAssembly (890ms)
			BuildScriptInfoCaches (134ms)
			ResolveRequiredComponents (8ms)
	FinalizeReload (12436ms)
		ReleaseScriptCaches (0ms)
		RebuildScriptCaches (0ms)
		SetupLoadedEditorAssemblies (12193ms)
			LogAssemblyErrors (0ms)
			InitializePlatformSupportModulesInManaged (65ms)
			SetLoadedEditorAssemblies (7ms)
			BeforeProcessingInitializeOnLoad (510ms)
			ProcessInitializeOnLoadAttributes (10977ms)
			ProcessInitializeOnLoadMethodAttributes (614ms)
			AfterProcessingInitializeOnLoad (18ms)
			EditorAssembliesLoaded (1ms)
		ExecutionOrderSort2 (0ms)
		AwakeInstancesAfterBackupRestoration (19ms)
Start importing Assets/Scenes/ContentAuthoring.unity using Guid(91faa0a6e44b80f4cb147595c1a0e460) (DefaultImporter) -> (artifact id: 'defffe751f27ea458e6d5fa820e0b76d') in 0.0014822 seconds
Start importing Assets/Resources/Yarn/FirstSlice.yarn using Guid(3215eab34fd47a940968e4be6f7e0596) (ScriptedImporter)Calls to "AssetDatabase.ImportAsset" are restricted during asset importing. Please make sure this function is not called from ScriptedImporters or PostProcessors, as it is a source of non-determinism. This warning will eventually become an exception.
UnityEngine.Debug:ExtractStackTraceNoAlloc (byte*,int,string)
UnityEngine.StackTraceUtility:ExtractStackTrace ()
UnityEditor.AssetDatabase:ImportAsset (string,UnityEditor.ImportAssetOptions)
UnityEditor.AssetDatabase:ImportAsset (string)
UnityEditor.AssetImporter:SaveAndReimport ()
Yarn.Unity.Editor.YarnImporter:OnImportAsset (UnityEditor.AssetImporters.AssetImportContext) (at ./Library/PackageCache/dev.yarnspinner.unity@a248c726b002/Editor/Importers/YarnImporter.cs:128)
UnityEditor.AssetImporters.ScriptedImporter:GenerateAssetData (UnityEditor.AssetImporters.AssetImportContext)

[./Library/PackageCache/dev.yarnspinner.unity@a248c726b002/Editor/Importers/YarnImporter.cs line 128]

 -> (artifact id: '220afa368d94300f540dac557380ac10') in 0.8128691 seconds
Start importing Packages/com.unity.ugui/README.md using Guid(e0ae6629cc70b514889df37fccb76832) (TextScriptImporter) -> (artifact id: '44afeb028f510a9f4544ce88fd1cf112') in 0.004001 seconds
Start importing Packages/com.unity.ugui/package.json using Guid(319b8889f363f5947acf209c17a94149) (PackageManifestImporter) -> (artifact id: 'ec85d04a316556c4d321f58505f1d57e') in 0.0033629 seconds
Start importing Packages/com.unity.ugui/LICENSE.md using Guid(4d3d51749e989f747b2674e0b4d9b3d7) (TextScriptImporter) -> (artifact id: 'ae566241d6b201e35280c27d51ece7ee') in 0.0037932 seconds
Start importing Assets/Resources/Yarn/Project.yarnproject using Guid(a47e6935cb6cadf4d9247e39c563dd95) (ScriptedImporter)Error compiling <a href="Assets\Resources\Yarn\VerticalSlice.yarn">Assets\Resources\Yarn\VerticalSlice.yarn</a> line 3: Redeclaration of existing variable $speaker
 -> (artifact id: '597b98acf20bd056922192e04b2dc27c') in 0.3867296 seconds
Start importing Packages/com.unity.ai.assistant/Editor/UI/Styles/AssistantSharedLight.uss using Guid(308ca064473542b797bd15d2b483848a) (ScriptedImporter) -> (artifact id: '814ca4df2c87e6543660d074cc569ac0') in 0.2118831 seconds
Start importing Packages/com.unity.dt.app-ui/PackageResources/Styles/Components/Chip.uss using Guid(304df1901c73471fa56441007247266e) (ScriptedImporter) -> (artifact id: 'a8e36d873daf8002236c42090616d466') in 0.0319599 seconds
Start importing Packages/com.unity.2d.enhancers/Editor/Overlays/AIPanel/EditToggle/dark.uss using Guid(5099ee3e2149494abd6d48e4644bd56f) (ScriptedImporter) -> (artifact id: '2c973ae7ac57174577369261e0334a31') in 0.0081352 seconds
Start importing Packages/com.unity.memoryprofiler/Editor/UI/Analysis/Breakdowns/UnityObjects/Comparison/Cells/CountDeltaCell.uss using Guid(60f387c70174b6e4ea7d4b911555551f) (ScriptedImporter) -> (artifact id: '31ada768e2cbbc4f59016f8f853618b8') in 0.0096754 seconds
Start importing Packages/com.unity.dt.app-ui/PackageResources/Styles/Components/Cursors.uss using Guid(608dbd19bcf7496881b84d95b73ee6c9) (ScriptedImporter) -> (artifact id: 'aa91e0e243c9c188d50b06d9d4fbf64c') in 0.0096597 seconds
Start importing Packages/com.unity.ai.generators/Modules/Unity.AI.Image/Components/ImageReference/BaseImageReference.uss using Guid(7010a2932a8b40eca97ca2e7183bb335) (ScriptedImporter) -> (artifact id: '6c04d3b00523e62c5ebaa4b9ccac5897') in 0.0066475 seconds
Start importing Packages/com.unity.ai.generators/Modules/Unity.AI.Sound/Components/SoundGenerator/SoundGenerator.uss using Guid(802adebb85edf4627a44a7bd388e38be) (ScriptedImporter) -> (artifact id: 'cbaec04e331d49d8304a6c642625ea0f') in 0.0067554 seconds
Start importing Packages/com.unity.dt.app-ui/PackageResources/Styles/Components/UITK.uss using Guid(b0103ad1161e46a8af01ca34a472fa3b) (ScriptedImporter) -> (artifact id: '851539cf99bb6f3ce97a8379face7825') in 0.0102977 seconds
Start importing Packages/com.unity.ai.generators/Modules/Unity.AI.Generators.UI/StyleSheets/GenerationMetadataWindow.uss using Guid(b00199fadef229940a9eecc11b050c44) (ScriptedImporter) -> (artifact id: '82178f6cb870bf044f47dc34b2c97ebb') in 0.0111022 seconds
Start importing Packages/com.unity.ai.generators/Modules/Unity.AI.Generators.UI/Components/MultiSlider/MultiSlider.uss using Guid(c0f055586dfbcda4da037e00a21c0998) (ScriptedImporter) -> (artifact id: 'd8e06b6178222f23362c10793a8cb367') in 0.0090556 seconds
Start importing Packages/com.unity.dt.app-ui/PackageResources/Styles/Components/Avatar.uss using Guid(c0e918b6fb464ce5aeee3ab1f7892d3d) (ScriptedImporter) -> (artifact id: '495b6d8e1e0457053b01f6afab91a40b') in 0.0098678 seconds
Start importing Packages/com.unity.dt.app-ui/PackageResources/Styles/Components/DayPicker.uss using Guid(c0f9229293864955adaed868a68fdde3) (ScriptedImporter) -> (artifact id: '99fb6efb952f422a16191e90daa22448') in 0.0154821 seconds
Start importing Packages/com.unity.dt.app-ui/PackageResources/Styles/Components/HelpText.uss using Guid(d0a59df88b10439bb902af4705e36cc8) (ScriptedImporter) -> (artifact id: '2bdee799cb0dbb3a324a1c27e327cf46') in 0.007308 seconds
Start importing Packages/com.unity.dt.app-ui/PackageResources/Styles/Components/Drawer.uss using Guid(d03b1be8e9da4cd6b85605c948025cfa) (ScriptedImporter) -> (artifact id: 'bada839c42f3ac8399322849da7213f7') in 0.0136234 seconds
Start importing Packages/com.unity.ai.generators/Modules/Unity.AI.Animate/Components/ModelTitleCard/ModelTitleCard.uss using Guid(f06a2ab474cd2754dae2dd4dc95c47e5) (ScriptedImporter) -> (artifact id: '7a96d3d915df738613b5e5c7b6b99a44') in 0.0088363 seconds
Start importing Packages/com.unity.cloud.gltfast/Editor/UI/ReportItem-style.uss using Guid(f09b0781de4034af894fbb72266cf498) (ScriptedImporter) -> (artifact id: '40fa106e3ae0c7def5c32a89e9d0f09f') in 0.0120672 seconds
Start importing Packages/com.unity.dt.app-ui/PackageResources/Styles/Components/ColorField.uss using Guid(0107dc5b5ad4462a84f8f54a9a982b0e) (ScriptedImporter) -> (artifact id: 'bdf9d9f0f20457668e461ad6e4a93df2') in 0.0217192 seconds
Start importing Packages/com.unity.memoryprofiler/Editor/UI/Workbench/SnapshotFilesList/SnapshotFilesListView.uss using Guid(11aed2a664acaf5478c81543ba399322) (ScriptedImporter) -> (artifact id: 'c3b5ec2301a31590c3888c3bbca4dd17') in 0.0227089 seconds
Start importing Packages/com.unity.memoryprofiler/Editor/UI/Analysis/Breakdowns/UnityObjects/Comparison/UnityObjectsComparisonView.uss using Guid(216b4d43eb11db349acd2278793a256a) (ScriptedImporter) -> (artifact id: 'dd75c0a9d8679c072a16175c1de7358a') in 0.1020723 seconds
Start importing Packages/com.unity.memoryprofiler/Editor/UI/Analysis/Breakdowns/AllTrackedMemory/Table/Cells/AllTrackedMemoryDescriptionCell.uss using Guid(216ce069919d52d48bb353bf896272ea) (ScriptedImporter) -> (artifact id: '1c0ca34e335ac1ee1a35f339c865eec1') in 0.0063787 seconds
Start importing Packages/com.unity.dt.app-ui/PackageResources/Styles/Components/Radio.uss using Guid(514a03c8249d4bc3b4fe492f0f8a463d) (ScriptedImporter) -> (artifact id: 'bd800eefef23b180897e2e25a435fa27') in 0.0123126 seconds
Start importing Packages/com.unity.dt.app-ui/PackageResources/Styles/Components/DatePicker.uss using Guid(511ed6ae159748d49ec4d6276bcfc8f2) (ScriptedImporter) -> (artifact id: '70694cf87e39943368c3a015fb7257a8') in 0.0079088 seconds
Start importing Packages/com.unity.ai.assistant/Editor/UI/Styles/ContextDropdown.uss using Guid(511f5dab730740f6adc38179f370771f) (ScriptedImporter) -> (artifact id: '7c77da168d29e911988eb415622c4ff4') in 0.0065747 seconds
Start importing Packages/com.unity.dt.app-ui/PackageResources/Styles/Components/Menu.uss using Guid(61d9df1cacd14e7383e4b56ce9f57fcf) (ScriptedImporter) -> (artifact id: '8355ca5ebfe6effb838e024996351e3b') in 0.0136436 seconds
Start importing Packages/com.unity.dt.app-ui/PackageResources/Styles/Components/ColorSlider.uss using Guid(61de65b5f6f04a47a9920acaf3f6cf82) (ScriptedImporter) -> (artifact id: 'a760698a921f2040e5e83a0257696473') in 0.0058181 seconds
Start importing Packages/com.unity.dt.app-ui/PackageResources/Styles/Components/ColorPicker.uss using Guid(81678f97edd941fabf530cc91b047f7c) (ScriptedImporter) -> (artifact id: '75f6733f320232a7191978e1ab207157') in 0.0115376 seconds
Start importing Packages/com.unity.dt.app-ui/PackageResources/Styles/Components/GridView.uss using Guid(a11245db9155448d8d3af24e2d5e30c7) (ScriptedImporter) -> (artifact id: '3ea1d690fecdf95428e7474b1cb0a52e') in 0.0076855 seconds
Start importing Packages/com.unity.dt.app-ui/PackageResources/Styles/Components/ActionButton.uss using Guid(a1a5448f78f74b2a9122088afff4d5b5) (ScriptedImporter) -> (artifact id: '0c281e0ea90ac6b31efee6053d396a6a') in 0.0104367 seconds
Start importing Packages/com.unity.dt.app-ui/PackageResources/Styles/Components/Toolbar.uss using Guid(c1d0897d2a0c43ecbfcc5a02f2b44cae) (ScriptedImporter) -> (artifact id: '993e07ec4d19b8e2069e282583ad0887') in 0.0091273 seconds
Start importing Packages/com.unity.dt.app-ui/PackageResources/Styles/Components/NavigationRail.uss using Guid(c191f2196afd49f28967c13b87fe1c8d) (ScriptedImporter) -> (artifact id: 'dad083d73736ceb52724c8627f8607e0') in 0.0124001 seconds
Start importing Packages/com.unity.ai.assistant/Editor/UI/Styles/SelectionPopup.uss using Guid(c15209dd9d004d97a204330001240023) (ScriptedImporter) -> (artifact id: 'a7af5ec18ba46b0ac83f744927535dfc') in 0.0168986 seconds
Start importing Packages/com.unity.ai.generators/Modules/Unity.AI.Generators.UI/Components/AIDropdownIntegrations/AIDropdownIntegration.uss using Guid(e19151cb31a04830b07d35ab0c53e1fd) (ScriptedImporter) -> (artifact id: '6e2c0e707ebf073d5d530554ef16f0ea') in 0.0050336 seconds
Start importing Packages/com.unity.ai.generators/Modules/Unity.AI.Mesh/Components/MeshGenerator/MeshGenerator.uss using Guid(e124ded471cbc42e8843d5ae66a8ebd3) (ScriptedImporter) -> (artifact id: '4abc10a86cd403d5b4bb43f06d73dbe4') in 0.0052935 seconds
Start importing Packages/com.unity.2d.enhancers/Editor/Overlays/AIPanel/EditToggle/EditToggle.uss using Guid(e1e4a1871d874d4db5e65414b1f402b9) (ScriptedImporter) -> (artifact id: 'ea3f858e43848c1b464cd8752ffaf716') in 0.0058662 seconds
Start importing Packages/com.unity.ai.toolkit/Modules/Accounts/Components/AIToolbarButton/AIToolbarButton.uss using Guid(f16bfecac51e449f969c56206a3ed6a2) (ScriptedImporter) -> (artifact id: 'cb6ade16ef1cbeb169ec2eee7ab81c85') in 0.0063411 seconds
Start importing Packages/com.unity.multiplayer.center/Editor/MultiplayerCenterWindow/UI/light.uss using Guid(f1ac2efb1bcd4dfd95dc196ed3c11367) (ScriptedImporter) -> (artifact id: '458bf44e1ac492fdc83fab3f0ce4a01f') in 0.0221707 seconds
Start importing Packages/com.unity.dt.app-ui/PackageResources/Icons/Icons.uss using Guid(02b09cbf732840f78e5a863c8890cfb3) (ScriptedImporter) -> (artifact id: 'bd9ec368734282257e8e6fdf233c7b1e') in 4.2345154 seconds
Start importing Packages/com.unity.2d.enhancers/Editor/Overlays/GenerationResultOverlay/GenerationResultOverlay.uss using Guid(127bc280300f44b284309ed1b940c7f5) (ScriptedImporter) -> (artifact id: 'f10ab8aee7320d2ca83cf4f58234817f') in 0.0186054 seconds
Start importing Packages/com.unity.dt.app-ui/PackageResources/Styles/Themes/App UI - Large.class.uss using Guid(22a0dfd2b6bb4191901908af8db047ec) (ScriptedImporter) -> (artifact id: '4dff501adbcbb529249edeb825a143fd') in 0.0124557 seconds
Start importing Packages/com.unity.dt.app-ui/PackageResources/Styles/Components/Row.uss using Guid(22ba597d8cc44711ac6196ceb8b1c828) (ScriptedImporter) -> (artifact id: 'ec9a4f5554e44bc61aba0e50feaa0ce6') in 0.0095102 seconds
Start importing Packages/com.unity.ai.assistant/Editor/UI/Styles/ChatElementSystem.uss using Guid(42cb551758cee4e3c8cccc77d67d5380) (ScriptedImporter) -> (artifact id: 'ec285809e8912594e6feee33cb01ecbb') in 0.0073953 seconds
Start importing Packages/com.unity.ai.generators/Modules/Unity.AI.Image/Components/RefinementModeTabView/RefinementModeTabView.uss using Guid(72d0338ee6c17de4c8aed1ecb16de710) (ScriptedImporter) -> (artifact id: '5c835b5903357e98460f34da7f46b628') in 0.0112493 seconds
Start importing Packages/com.unity.dt.app-ui/PackageResources/Styles/Components/ColorSwatch.uss using Guid(72ad2d4a13a74713942c3690228f57e9) (ScriptedImporter) -> (artifact id: 'a226afde0d70363cf0b6fb0b795df16a') in 0.011971 seconds
Start importing Packages/com.unity.memoryprofiler/Editor/UI/Analysis/Breakdowns/Summary/Controls/TopIssues/SnapshotIssuesView.uss using Guid(72ae68da4ca842c4eba9489c27482820) (ScriptedImporter) -> (artifact id: '7d24e4df747607a10d909cdf9c4fc1ef') in 0.0089656 seconds
Start importing Packages/com.unity.dt.app-ui/PackageResources/Styles/Themes/App UI - Palette.uss using Guid(82b916b7628947269bbafddd2a8ee43d) (ScriptedImporter) -> (artifact id: 'e51ef3636647596016f16b50464d8ea9') in 0.0216563 seconds
Start importing Packages/com.unity.ai.generators/Modules/Unity.AI.ModelSelector/Components/ModelSelector/ModelView.uss using Guid(825f2320efe3d2240ba129fe2ef54784) (ScriptedImporter) -> (artifact id: '0a98c1c799385c2193cdc6002abe7d38') in 0.0135235 seconds
Start importing Packages/com.unity.ai.generators/Modules/Unity.AI.Pbr/Components/ImageReference/ImageReference.uss using Guid(82efe45c529045f99746951f3a1054ea) (ScriptedImporter) -> (artifact id: '61cefb35b30762b2edc891fef2c1c341') in 0.0071094 seconds
Start importing Packages/com.unity.ai.assistant/Editor/Assistant/Integrations/Profiler/UI/Interactions/PickSessionInteraction.uss using Guid(9281f631abac0774b9a0c2572bd7382f) (ScriptedImporter) -> (artifact id: 'c3b90e2742be50a85be43a51640ae31c') in 0.0119178 seconds
Start importing Packages/com.unity.ai.generators/Modules/Unity.AI.Pbr/Components/ImageReference/BaseImageReference.uss using Guid(9229bee8ea72400ba866f574003e6dee) (ScriptedImporter) -> (artifact id: '6359408f3502c3ffb36aa7b7cdcc8566') in 0.0067977 seconds
Start importing Packages/com.unity.2d.enhancers/Editor/Overlays/AIPanel/AIPanel.uss using Guid(a2ae95a9d48a4bbd95fe2850c47c162c) (ScriptedImporter) -> (artifact id: '0a475be2a335595f87946d7ac6bcd964') in 0.0110932 seconds
Start importing Packages/com.unity.memoryprofiler/Editor/UI/Analysis/Breakdowns/UnityObjects/Table/UnityObjectsTableView.uss using Guid(b25591afdf4fd654a8d8fb5d1d0214f0) (ScriptedImporter) -> (artifact id: '18294c1e8b4ff36750b133ff443ff721') in 0.0166095 seconds
Start importing Packages/com.unity.dt.app-ui/PackageResources/Styles/Components/StackView.uss using Guid(d2e17cbb74bb40e79682ba1b9ea906c6) (ScriptedImporter) -> (artifact id: '05b8df3c67d00d1ae36adf4821531dde') in 0.0084873 seconds
Start importing Packages/com.unity.ai.generators/Modules/Unity.AI.ModelSelector/Components/ModelTitleCard/ModelTitleCard.uss using Guid(d2a7a0c283fa1474ca35afa88cba8176) (ScriptedImporter) -> (artifact id: '3a452f7936f592b7bec5fec4801cc986') in 0.0076793 seconds
Start importing Packages/com.unity.dt.app-ui/PackageResources/Styles/Components/Spacer.uss using Guid(f299295ba1374b11a20dda41fde4e29b) (ScriptedImporter) -> (artifact id: '121f8cf00492b7a33f685b884c145b01') in 0.009064 seconds
Start importing Packages/com.unity.memoryprofiler/Editor/UI/Analysis/Breakdowns/UnityObjects/Comparison/Cells/DeltaBarCell.uss using Guid(f22b1231dcd3bb443944510c8440d43c) (ScriptedImporter) -> (artifact id: 'ec394b65f0ec35a99193bcfca820bcf7') in 0.0076725 seconds
Start importing Packages/com.unity.dt.app-ui/PackageResources/Styles/Components/SwipeView.uss using Guid(0340c0e1aa6b4fc1a5b75439918b0f6d) (ScriptedImporter) -> (artifact id: 'ee0b6b1ef7d491d401da8181f239cc10') in 0.0101332 seconds
Start importing Packages/com.unity.dt.app-ui/PackageResources/Styles/Components/TextArea.uss using Guid(13ef4d3efa5d4d44a1a23fa248cba70e) (ScriptedImporter) -> (artifact id: 'c46d2e922d9a659daa02c1715ef83320') in 0.0202599 seconds
Start importing Packages/com.unity.dt.app-ui/PackageResources/Styles/Components/Breadcrumbs.uss using Guid(2350e8c55dcc41eab4d680b92e9a5638) (ScriptedImporter) -> (artifact id: 'a8a4a222a7f71c9a3191a1b1a054ac53') in 0.0143518 seconds
Start importing Packages/com.unity.ai.inference/Editor/Visualizer/Styles/GraphInspector.uss using Guid(2312d4859bb14d538ec94f4928203c11) (ScriptedImporter) -> (artifact id: 'a7ff0e8740d38b8a5baa55e340170c2b') in 0.0156206 seconds
Start importing Packages/com.unity.dt.app-ui/PackageResources/Styles/Components/MonthPicker.uss using Guid(23e55574d9b643e09b86ef1e1d1ac996) (ScriptedImporter) -> (artifact id: 'fb21bb34b88d336a5cc2fc746beefde7') in 0.0090871 seconds
Start importing Packages/com.unity.dt.app-ui/PackageResources/Styles/Components/Progress.uss using Guid(43e6c3f0c04f4ee890b4e958b6c95572) (ScriptedImporter) -> (artifact id: '4016a483b2475273e9553521de02fe2c') in 0.011782 seconds
Start importing Packages/com.unity.dt.app-ui/PackageResources/Styles/Themes/App UI - Medium.uss using Guid(533024dbbf87a5f4bbcd6f46ed511a98) (ScriptedImporter) -> (artifact id: 'ca751406a0c22889e1dfba418f35d6c6') in 0.016879 seconds
Start importing Packages/com.unity.memoryprofiler/Editor/UI/Analysis/NoData/NoDataView.uss using Guid(63a8fbb17d6f28a4697cc7f5f600edc2) (ScriptedImporter) -> (artifact id: '5fcf548ce276e4bd0c980e493403e388') in 0.0104553 seconds
Start importing Packages/com.unity.memoryprofiler/Editor/UI/Workbench/DetailView/ObjectDetailsView.uss using Guid(7317f36c421036744b11687dc0da79fc) (ScriptedImporter) -> (artifact id: 'f7fe758df09dadda4e8aba005c63a3ac') in 0.0199916 seconds
Start importing Packages/com.unity.ai.assistant/Editor/UI/Styles/HistoryPanelHeaderEntry.uss using Guid(8344a6a4f856c2244903095cfd704914) (ScriptedImporter) -> (artifact id: '67e2fe3b99a9c6ca3371b56a6461bd0a') in 0.0090854 seconds
Start importing Packages/com.unity.ai.generators/Modules/Unity.AI.Image/Panels/GeneratePanel/GeneratePanel.uss using Guid(a380de1fb4b24be49cb0dde46b4f2a2f) (ScriptedImporter) -> (artifact id: 'd737303fb078e8005ce46336028eb1eb') in 0.0077082 seconds
Start importing Packages/com.unity.dt.app-ui/PackageResources/Styles/Components/InputLabel.uss using Guid(a34a2d1a28334608b3b0a806f193b926) (ScriptedImporter) -> (artifact id: '8203c5bc8cbae0443b446bf5b89ad4b0') in 0.0179851 seconds
Start importing Packages/com.unity.memoryprofiler/Editor/UI/Workbench/SharedWithModuleView.uss using Guid(c32a2d34aca26bd42886308e97a92693) (ScriptedImporter) -> (artifact id: '12542038eefcaea4cdbc32c7b005d33b') in 0.0103217 seconds
Start importing Packages/com.unity.dt.app-ui/PackageResources/Styles/Components/PageView.uss using Guid(d3f8fa38a4a94618b2a1d3c92e7c7d87) (ScriptedImporter) -> (artifact id: '0edc60fee23efb152a28de498f133e86') in 0.006594 seconds
Start importing Packages/com.unity.ai.assistant/Editor/UI/Styles/PromptPopupView.uss using Guid(e3d14a844e9944d18416645a84abb891) (ScriptedImporter) -> (artifact id: 'fc014fab9662eb9cc8a4b87aaa48395c') in 0.0107294 seconds
Start importing Packages/com.unity.ai.generators/Modules/Unity.AI.Animate/Components/Prompt/Prompt.uss using Guid(e3e2aa1af8f0d584b958961bfef55ba6) (ScriptedImporter) -> (artifact id: '157065c8f0c100fdd247c328ab38d6c6') in 0.006987 seconds
Start importing Packages/com.unity.ai.generators/Modules/Unity.AI.Mesh/Components/ImageReference/BaseImageReference.uss using Guid(f385edab1db475e418c4e97e329af32a) (ScriptedImporter) -> (artifact id: '4b03215e7c1c53e1ef78e414adeccbc3') in 0.018226 seconds
Start importing Packages/com.unity.ai.generators/Modules/Unity.AI.Animate/Components/RefinementModeTabView/RefinementModeTabView.uss using Guid(0400450b81c7d274e8d39b4231d3721e) (ScriptedImporter) -> (artifact id: '55eaf6d3eba8f63750813e40f203ee6e') in 0.0279651 seconds
Start importing Packages/com.unity.memoryprofiler/Editor/UI/Workbench/LoadedSnapshots/LoadedSnapshotsView.uss using Guid(04e217c64cd3d3e4290ef3e49d76dfba) (ScriptedImporter) -> (artifact id: 'aeb4457744df5315b771f73b043a8773') in 0.0258051 seconds
Start importing Packages/com.unity.dt.app-ui/PackageResources/Styles/Components/Preloader.uss using Guid(04a3bc3a1254403ebe8be7ad4ab49017) (ScriptedImporter) -> (artifact id: '21c87b4b0f8fe132091441d1f0256c2a') in 0.0303585 seconds
Start importing Packages/com.unity.ai.generators/Modules/Unity.AI.Pbr/Components/TexturePropertyField/TexturePropertyField.uss using Guid(34ac0dd12de747908edcacd968c46e54) (ScriptedImporter) -> (artifact id: '0611f4aecad536f0d65459ed8c81c28f') in 0.0202828 seconds
Start importing Packages/com.unity.ai.toolkit/Modules/Accounts/Components/RichLabel/RichLabel.uss using Guid(44c25c7f8c704f71abcf2763e8a3fef5) (ScriptedImporter) -> (artifact id: 'a2664ad808e132d6c9754eebf472977b') in 0.0114081 seconds
Start importing Packages/com.unity.memoryprofiler/Editor/UI/Workbench/DetailView/SimpleDetailsView.uss using Guid(44f2c67e537e9b14f9587ac81dd4d689) (ScriptedImporter) -> (artifact id: '706282111ebaa3039c4cc162a45a9020') in 0.0297788 seconds
Start importing Packages/com.unity.memoryprofiler/Editor/UI/Workbench/SnapshotFilesListItem/SnapshotFileTreeItemView.uss using Guid(442383e12c773f54097db9ee04df53e3) (ScriptedImporter) -> (artifact id: '12de1acbd6cb88770ec2f8194302f7f0') in 0.0774412 seconds
Start importing Packages/com.unity.ai.generators/Modules/Unity.AI.Image/Panels/InpaintingPanel/InpaintingPanel.uss using Guid(54c71001233b545ea8ca3fc1d8bc863c) (ScriptedImporter) -> (artifact id: 'a5f91932c19605521931699963f6e539') in 0.022847 seconds
Start importing Packages/com.unity.ai.generators/Modules/Unity.AI.Pbr/Components/GenerationSelector/GenerationTile.uss using Guid(74fa0f212bf50d04dbfae1a8c64ba14a) (ScriptedImporter) -> (artifact id: '8037ed7e4b4edf14c6f0a9f622446d7d') in 0.0212034 seconds
Start importing Packages/com.unity.memoryprofiler/Editor/UI/Workbench/DetailView/TypeDetailsView.uss using Guid(742b21f2464e6f2408b21680b6fa7c7f) (ScriptedImporter) -> (artifact id: '248d08124ec1791257bdfa811ae2c51b') in 0.0403341 seconds
Start importing Assets/MCPForUnity/Editor/Windows/MCPSetupWindow.uss using Guid(b4426760e34ff484a8ed955e588b570b) (ScriptedImporter) -> (artifact id: '73d2a594ea586fe5b52765f431f52762') in 0.0610109 seconds
Start importing Packages/dev.yarnspinner.unity/Editor/Editors/YarnSpinnerEditorWindow.uss using Guid(b4f2c0e54086641babbe5855064e2c88) (ScriptedImporter) -> (artifact id: '8a2efd9fe0500aed827b60cfdb07c397') in 0.0154935 seconds
Start importing Packages/com.unity.ai.assistant/Editor/Assistant/Integrations/Profiler/UI/Interactions/RecordSessionInteraction.uss using Guid(d450b9c4e6c8c9e448ad43122d34935f) (ScriptedImporter) -> (artifact id: '618d4407de16b48ea8364f054d803571') in 0.0392442 seconds
Start importing Packages/com.unity.ai.generators/Modules/Unity.AI.Pbr/Components/RefinementModeTabView/RefinementModeTabView.uss using Guid(15621c9de384075498c2cc76075974f0) (ScriptedImporter) -> (artifact id: 'abe2d162d3872818a9634aa1d4a8e891') in 0.0243936 seconds
Start importing Packages/com.unity.ai.assistant/Editor/UI/Styles/SendPromptButton.uss using Guid(15833bdd1b73479bb2098722bffa191d) (ScriptedImporter) -> (artifact id: 'cb26300980fc49ac551b4f3fc1c84a92') in 0.0095358 seconds
Start importing Packages/com.unity.ai.assistant/Editor/UI/Styles/AssistantSharedDark.uss using Guid(15cb399889204c6bac01b606ad31438e) (ScriptedImporter) -> (artifact id: '3ca21b2bfa79a7c4b6651f9a52688304') in 0.151931 seconds
Start importing Packages/com.unity.2d.sprite/Editor/UI/SpriteEditor/SpriteEditorToolbar.uss using Guid(35f4ee23cc5e408190298151beab219a) (ScriptedImporter) -> (artifact id: 'f20e445b007647272962ef7ec20d1d75') in 0.0391047 seconds
Start importing Packages/com.unity.dt.app-ui/PackageResources/Styles/Components/Vector2Field.uss using Guid(454230891cea4e7fbf062a5edc19257a) (ScriptedImporter) -> (artifact id: 'daf02708071688d7377bdd77f58150dc') in 0.0316215 seconds
Start importing Packages/com.unity.2d.sprite/Editor/UI/SpriteEditor/SpriteOutlineToolOverlayPanelStyle.uss using Guid(453cfcbf89b424ad9a293b19d1e3d4bb) (ScriptedImporter) -> (artifact id: '248c73e4c17218fb73bc37991d72e987') in 0.0504266 seconds
Start importing Packages/com.unity.ai.generators/Modules/Unity.AI.Animate/Components/AnimateGenerator/AnimateGenerator.uss using Guid(55510982d3f613b4e8caab059f768c71) (ScriptedImporter) -> (artifact id: 'ca1e68769e6421e052d77653e2135603') in 0.0203666 seconds
Start importing Packages/com.unity.dt.app-ui/PackageResources/Styles/Components/DateField.uss using Guid(5574f1a37d73474fad7cf59d93e0a3ec) (ScriptedImporter) -> (artifact id: '8575f4bec5df3a5099d87177b6d37280') in 0.0920917 seconds
Start importing Packages/com.unity.dt.app-ui/PackageResources/Styles/Components/FAB.uss using Guid(55d65ed000b0455ea6f6788247a2537d) (ScriptedImporter) -> (artifact id: 'c43a6b1ad5f597c10a45a1da6b2d2edc') in 0.0410563 seconds
Start importing Packages/com.unity.ai.inference/Editor/Visualizer/Styles/View.uss using Guid(85f050f21b47b437182bfc0d546c79f1) (ScriptedImporter) -> (artifact id: 'd673aede8bcf8a84c282b0940da497d0') in 0.0442217 seconds
Start importing Packages/com.unity.ai.generators/Modules/Unity.AI.Image/Panels/RecolorPanel/RecolorPanel.uss using Guid(855847b6d5d3f43a58887a9c56bcf624) (ScriptedImporter) -> (artifact id: '7b1d56265569b587905de2e4a77cc619') in 0.0283745 seconds
Start importing Packages/com.unity.ai.generators/Modules/Unity.AI.Mesh/Components/GenerationSelector/GenerationTile.uss using Guid(c50d5fe2c008c4736a5f0c6b323d6c67) (ScriptedImporter) -> (artifact id: 'be95d39091a62a8c0a044ff7f6406015') in 0.0334165 seconds
Start importing Packages/com.unity.2d.enhancers/Editor/Overlays/AIPanel/EditToggle/light.uss using Guid(e533cf950b194487bb2f472b10bca74f) (ScriptedImporter) -> (artifact id: 'afdf392528409984cd83ea7763637368') in 0.0153698 seconds
Start importing Packages/com.unity.dt.app-ui/PackageResources/Styles/Components/Tooltip.uss using Guid(e59feac34d4a402794baeafe03e3910e) (ScriptedImporter) -> (artifact id: '4b8fca21e93018c85a3525aa0fcbe8f4') in 0.048761 seconds
Start importing Packages/com.unity.ai.assistant/Editor/UI/Styles/WhatsNewContentPoints.uss using Guid(f5b2496d7c03a2a41a6998ee7631bd1d) (ScriptedImporter) -> (artifact id: '7695f8c574242c61f36a7f88a794182a') in 0.0171668 seconds
Start importing Packages/com.unity.ai.generators/Modules/Unity.AI.Mesh/Components/ModelTitleCard/ModelTitleCard.uss using Guid(f569cd6b8651345aa94889e32ac5b2bf) (ScriptedImporter) -> (artifact id: '0ec271a33e088047ef34d2fefb5a3315') in 0.0175412 seconds
Start importing Packages/com.unity.ai.generators/Modules/Unity.AI.Mesh/Components/Prompt/Prompt.uss using Guid(f53ef1951c3eeb346b06b6572664093b) (ScriptedImporter) -> (artifact id: 'f173f5d021f12f3c667df7a6bbc69c9c') in 0.0132568 seconds
Start importing Packages/com.unity.dt.app-ui/PackageResources/Styles/Components/SplitView.uss using Guid(063a88fe886b48acaea821b5d4cae269) (ScriptedImporter) -> (artifact id: 'ae2b6ccaf4146e16065c308161a6a028') in 0.1355399 seconds
Start importing Packages/com.unity.memoryprofiler/Editor/UI/Analysis/Breakdowns/Summary/ResidentMemorySummary/ResidentMemoryDetailsView.uss using Guid(168b55aaa8b259147b4b5ce9d360e311) (ScriptedImporter) -> (artifact id: 'eb538c7f2c2fa249e4bbd6e92da955a7') in 0.0992238 seconds
Start importing Packages/com.unity.dt.app-ui/PackageResources/Styles/Components/TouchSlider.uss using Guid(163ecbde9a93415f93b1c51ab9a76e1c) (ScriptedImporter) -> (artifact id: 'dd75bc684bc37d0431a3adbe28e1fec5') in 0.0436995 seconds
Start importing Packages/com.unity.dt.app-ui/PackageResources/Styles/Components/Thumb.uss using Guid(36847d3de45645649325c50b9674ab0b) (ScriptedImporter) -> (artifact id: 'b4c1c10a88c9650ebe2555aaccce67e0') in 0.0142799 seconds
Start importing Packages/com.unity.ai.assistant/Editor/Assistant/AssetGenerators/UI/GenerationSelector.uss using Guid(46c1d176a11a8424e96a502e1f8ab763) (ScriptedImporter) -> (artifact id: 'adcbd0a8cab261634be6570daa7049aa') in 0.0188989 seconds
Start importing Packages/com.unity.ai.generators/Modules/Unity.AI.Animate/Components/LoopPreview/LoopPreview.uss using Guid(66204843609bef446b2ba52ee2a521a3) (ScriptedImporter) -> (artifact id: '0525eeaf9013ecd7f40df181c1e112e9') in 0.0298393 seconds
Start importing Packages/com.unity.ai.generators/Modules/Unity.AI.Pbr/Components/ImageReference/ImageReferenceHeader.uss using Guid(66bdfb15a69944a3be7f156109d14311) (ScriptedImporter) -> (artifact id: '3deb8b7cec95120051f5ecd0a86e0f37') in 0.0069996 seconds
Start importing Packages/com.unity.ai.toolkit/Modules/Accounts/Components/Points/PointsBeta.uss using Guid(664e36c4f35528a4c90f0ba40e388f4d) (ScriptedImporter) -> (artifact id: 'ae5245771b91364462d5c44da753376d') in 0.0068266 seconds
Start importing Packages/com.unity.memoryprofiler/Editor/UI/Analysis/Breakdowns/Shared/BreakdownViewController/BreakdownView.uss using Guid(76d36fa5645e05940a61bbacfd49f02c) (ScriptedImporter) -> (artifact id: 'de099b53f7fd35bcbda3a76de9df4455') in 0.0174048 seconds
Start importing Packages/com.unity.ai.toolkit/Modules/Accounts/Components/SessionStatusBanner/SessionStatusBanner.uss using Guid(9652a8ae0a014e718c447c734d7e6eeb) (ScriptedImporter) -> (artifact id: '9e7e22e55c3da38272611b106b03c302') in 0.021668 seconds
Start importing Packages/com.unity.2d.enhancers/Editor/PackageResources/StyleSheets/CommonStyles.uss using Guid(963b4c610abe4ed3a061082cba4ccd21) (ScriptedImporter) -> (artifact id: '6c6be44e6582519800f0bd2f6fcb679b') in 0.0128676 seconds
Start importing Packages/com.unity.memoryprofiler/Editor/UI/UIElements/Ribbon/Ribbon.uss using Guid(a6749ea4a7165f047a16cba0e3ab0797) (ScriptedImporter) -> (artifact id: '6e3f4e85a57c7745c4eab07b3518da6f') in 0.0159965 seconds
Start importing Packages/com.unity.dt.app-ui/PackageResources/Styles/Components/Stepper.uss using Guid(a69ac72b519c427bba568717d7b7e054) (ScriptedImporter) -> (artifact id: '9458c35741d6861babf1002273d89359') in 0.0203735 seconds
Start importing Packages/com.unity.ai.generators/Modules/Unity.AI.Image/Panels/AIPanel/AIPanel.uss using Guid(a63f80c4c27443adac68d647ffaf897c) (ScriptedImporter) -> (artifact id: 'fb410e758ef1d9a565457ac768fbb772') in 0.0121211 seconds
Start importing Packages/com.unity.dt.app-ui/PackageResources/Styles/Components/AvatarGroup.uss using Guid(c668169034404cb0b1fda41f010cb874) (ScriptedImporter) -> (artifact id: 'b7ca86579c6116c937b8ae5e7c8d70c2') in 0.0105975 seconds
Start importing Packages/com.unity.ai.inference/Editor/Visualizer/Styles/GraphView.uss using Guid(c69afe38d4fa44508624cf6a9390b960) (ScriptedImporter) -> (artifact id: '2a31dbb125f3f555263c816add276663') in 0.0207112 seconds
Start importing Packages/com.unity.ai.generators/Modules/Unity.AI.Sound/Components/SoundEnvelope/SoundEnvelope.uss using Guid(d6e11f85a5210ea4b94fb22d1d7a2c91) (ScriptedImporter) -> (artifact id: 'da337b9fa8a17e6024ab370aba1fa99b') in 0.0138245 seconds
Start importing Packages/com.unity.dt.app-ui/PackageResources/Styles/Components/ListViewItem.uss using Guid(d6f41a7064124cc3887d0cc206bd5e8c) (ScriptedImporter) -> (artifact id: '0ee12fcd7fc24ec4e927b7c467773a9d') in 0.0166778 seconds
Start importing Packages/com.unity.dt.app-ui/PackageResources/Styles/Components/Slider.uss using Guid(d63c7d09107644ed9fc0a4c72a8bc60e) (ScriptedImporter) -> (artifact id: 'a2c4c1c37e2d7765853b0009c3ef4c6a') in 0.0354695 seconds
Start importing Packages/com.unity.ai.assistant/Editor/UI/Styles/AssistantView.uss using Guid(e65d509854d1455c87f1d50f146280c1) (ScriptedImporter) -> (artifact id: '06f553059445528f1e03b595be56c5f4') in 0.0347594 seconds
Start importing Packages/com.unity.ai.generators/Modules/Unity.AI.Pbr/Components/ImageReference/PatternImageReference.uss using Guid(f63841b66491a784ca0c3a720cbd2825) (ScriptedImporter) -> (artifact id: 'c2b38206d6841a91162f970b46789fdd') in 0.0097572 seconds
Start importing Packages/com.unity.ai.generators/Modules/Unity.AI.Image/Components/ModelTitleCard/ModelTitleCard.uss using Guid(f668c902aa41494d83ad0f91279ff0e7) (ScriptedImporter) -> (artifact id: 'a44891dd83adb005d261e3b66c302b81') in 0.0068591 seconds
Start importing Packages/com.unity.ai.toolkit/Modules/Accounts/Components/Points/Points.uss using Guid(f639b819d9814e6ebb5fa6c9687fb5aa) (ScriptedImporter) -> (artifact id: '04bd1095b3c6134825b5ebf2f5ae268c') in 0.0123393 seconds
Start importing Packages/com.unity.ai.generators/Modules/Unity.AI.Mesh/Components/GenerateButton/GenerateButton.uss using Guid(f69e4484dcdc440338bec21879cf4b4a) (ScriptedImporter) -> (artifact id: 'e4b6073b5ccfc4d6e6e3dc02ee4d52cb') in 0.0077464 seconds
Start importing Packages/com.unity.ai.inference/Editor/Visualizer/Styles/Inspector.uss using Guid(079cbfd052f04d878a574af5929b7f53) (ScriptedImporter) -> (artifact id: '6dee009635ee8fda1b3472fcc144ee7e') in 0.0096182 seconds
Start importing Packages/com.unity.ai.generators/Modules/Unity.AI.Image/Components/GenerateButton/GenerateButton.uss using Guid(37405507b73dbea4bb68fc2db49c3e05) (ScriptedImporter) -> (artifact id: '64befa8950e5fad871e89064c44603c7') in 0.01545 seconds
Start importing Packages/com.unity.ai.generators/Modules/Unity.AI.Mesh/Windows/GenerationMetadataWindow/GenerationMetadataWindow.uss using Guid(4704a605444d245f0a6fcb7e768325cf) (ScriptedImporter) -> (artifact id: 'ad88e2612b1d4d6afd3db5ce84678708') in 0.0426669 seconds
Start importing Packages/com.unity.ai.assistant/Editor/UI/Styles/ChatElementTable.uss using Guid(47d4d62d02a94520a071bd6c3cfbb0c7) (ScriptedImporter) -> (artifact id: '75a60fef8b6113bec8610cf621c5201a') in 0.0106541 seconds
Start importing Packages/com.unity.dt.app-ui/PackageResources/Styles/Components/Tray.uss using Guid(57474934ffbf46b3b88e9a8efda7d369) (ScriptedImporter) -> (artifact id: '026817e5d5c8f9a9141736a9d06127b9') in 0.0183679 seconds
Start importing Packages/com.unity.dt.app-ui/PackageResources/Icons/Icons - Minimal.uss using Guid(ed23179a3352411c876d5fa294547b04) (ScriptedImporter) -> (artifact id: '7deb9bc75a8d61edbcbdde66bbcc97ad') in 0.1025336 seconds
Start importing Packages/com.unity.dt.app-ui/PackageResources/Styles/Components/Icon.uss using Guid(67f0f9aca32f4e0b9c6b0d5bd82525c8) (ScriptedImporter) -> (artifact id: 'a91dbb66373606fdb1d9020b0561113e') in 0.0182026 seconds
Start importing Packages/com.unity.dt.app-ui/PackageResources/Styles/Components/TreeViewItem.uss using Guid(67954de20168410f8ae4123cb80640ba) (ScriptedImporter) -> (artifact id: 'e98924240c151bef8ee5249a576dd4cd') in 0.0267759 seconds
Start importing Packages/com.unity.ai.toolkit/Modules/Accounts/Components/Spinner/Spinner.uss using Guid(77879a9cb0a646138d86030bf3934a41) (ScriptedImporter) -> (artifact id: 'e6e478c712db971d369ad5eff8ecb494') in 0.0143304 seconds
Start importing Packages/com.unity.ai.toolkit/Modules/Accounts/Components/AIDropdown/AIDropdown.uss using Guid(772a42ef23164c3c99eb6dd0c8c27a28) (ScriptedImporter) -> (artifact id: '3e642cfb7618fd3fd192bdb97560f5de') in 0.0103163 seconds
Start importing Packages/com.unity.ai.generators/Modules/Unity.AI.Image/Components/ImageReference/ImageReference.uss using Guid(9711666e3ee06034eaa4901e1acfca4f) (ScriptedImporter) -> (artifact id: '990cd3f5d2e6fca9046d73838b1b9a17') in 0.0133448 seconds
Start importing Packages/com.unity.ai.generators/Modules/Unity.AI.Animate/Components/GenerationSelector/GenerationTile.uss using Guid(d768938caa347b047ba3716640b6be09) (ScriptedImporter) -> (artifact id: '35d1e8b2362422152badc4160fef7c1d') in 0.0192581 seconds
Start importing Packages/com.unity.ai.inference/Editor/Visualizer/Styles/LoadingView.uss using Guid(e713ac1fc97e4d8aad9bbeaacb29212d) (ScriptedImporter) -> (artifact id: 'fab59d86047f121d5c982b869ff5e95c') in 0.0235299 seconds
Start importing Packages/com.unity.ai.generators/Modules/Unity.AI.Animate/Components/InputReference/VideoReference.uss using Guid(0801b8dbe1bb30141b1db1eb4b06e105) (ScriptedImporter) -> (artifact id: 'e51c3d6d38ac9dc4a381d8b8d4eb359a') in 0.0079919 seconds
Start importing Packages/com.unity.dt.app-ui/PackageResources/Styles/Components/ScrollView.uss using Guid(182b0be2b07845f59fe4f73bf98cd3e8) (ScriptedImporter) -> (artifact id: '7dd3458a6a5d3cadd7f022f9d08ce165') in 0.0246412 seconds
Start importing Packages/com.unity.ai.generators/Modules/Unity.AI.Mesh/Components/ImageReference/ImageReferenceObjectField.uss using Guid(28f442f10bd345108a7f49695bac3c27) (ScriptedImporter) -> (artifact id: '25f8cccedef662719a5add0e5ab72ee4') in 0.0215332 seconds
Start importing Packages/com.unity.dt.app-ui/PackageResources/Styles/Components/Context.uss using Guid(386950864ade4f4692b4016318d365f0) (ScriptedImporter) -> (artifact id: '6020f3fb4364e1f78110773c29d6ce57') in 0.0099925 seconds
Start importing Packages/com.unity.dt.app-ui/PackageResources/Styles/Components/DrawerHeader.uss using Guid(381ccbd710fb4dfcb9f03e20f8f8de50) (ScriptedImporter) -> (artifact id: 'f2cb4c1743d380109cec61f42c0a2c8a') in 0.013678 seconds
Start importing Packages/com.unity.dt.app-ui/PackageResources/Styles/Themes/App UI - Dark.uss using Guid(38bcc44095e2ecb49b9d91534fa326ce) (ScriptedImporter) -> (artifact id: '0a2b1649d7c67ef58eb0c53790067031') in 0.0106986 seconds
Start importing Packages/com.unity.ai.assistant/Editor/UI/Styles/WhatsNewContentGenerators.uss using Guid(385e52b57f734576bce1412013d71703) (ScriptedImporter) -> (artifact id: '729e5ac90b703cecd30c0bac70d3fce8') in 0.0072057 seconds
Start importing Packages/com.unity.ai.generators/Modules/Unity.AI.Sound/Components/InputReference/InputReferenceObjectField.uss using Guid(387e94e972fc9469d95ab902c5235753) (ScriptedImporter) -> (artifact id: '6bc1085b67770f790ac9bdfd60722c43') in 0.0127008 seconds
Start importing Packages/com.unity.ai.assistant/Editor/UI/Styles/WhatsNewWizard.uss using Guid(48aa222a31edcb040a38e4ceff975170) (ScriptedImporter) -> (artifact id: '274231842a62e5abe181fea236fde2c1') in 0.0192535 seconds
Start importing Packages/com.unity.ai.toolkit/Modules/Accounts/Components/DropdownLoading/DropdownLoading.uss using Guid(58ff7721141a4fc29e555178a9e2c18e) (ScriptedImporter) -> (artifact id: 'eb5164b53c49665c1b53b7e22af87bda') in 0.0134856 seconds
Start importing Packages/com.unity.dt.app-ui/PackageResources/Styles/Themes/App UI - Editor Light.class.uss using Guid(68b3ef4714bc449ba1fa7fc3546cf314) (ScriptedImporter) -> (artifact id: 'ce38852df2d4845cb489d05f45e839a4') in 0.0205349 seconds
Start importing Packages/com.unity.ai.assistant/Editor/UI/Styles/ChatElementCommandCodeBlock.uss using Guid(68c4b3254d44454b9fcd71dc661edc7f) (ScriptedImporter) -> (artifact id: '87c35047a8ce737d78bc908dcad4a942') in 0.0175044 seconds
Start importing Packages/com.unity.ai.assistant/Editor/UI/Styles/WhatsNewContent.uss using Guid(6846dc5ad573434e949e2403929b60cb) (ScriptedImporter) -> (artifact id: '0e59449ad675325fb9c1519e0caf0d28') in 0.0253704 seconds
Start importing Packages/com.unity.ai.assistant/Editor/UI/Styles/HistoryPanelConversationEntry.uss using Guid(680991b35cb445ccb937699f9e0d4878) (ScriptedImporter) -> (artifact id: '795ae9570d1ca65928bccafabad543d9') in 0.0133777 seconds
Start importing Packages/com.unity.dt.app-ui/PackageResources/Styles/Themes/App UI - Large.uss using Guid(68dec1b5c1ae600498ce76f3614989ce) (ScriptedImporter) -> (artifact id: '01b88a2ffb4493c18b6bfb8b7d524593') in 0.0152766 seconds
Start importing Packages/com.unity.ai.generators/Modules/Unity.AI.Animate/Components/InputReference/InputReferenceHeader.uss using Guid(78c467b15288317489c8c4c70ef59ee1) (ScriptedImporter) -> (artifact id: 'ddd00ceb40c40e45c4a15b55c541ebc9') in 0.0107618 seconds
Start importing Packages/com.unity.ai.generators/Modules/Unity.AI.Pbr/Components/MaterialGenerator/MaterialGenerator.uss using Guid(781ad55856f334e4d8bdbac9e948634c) (ScriptedImporter) -> (artifact id: 'a6b576f447dacc30ad79020328b6a0f1') in 0.014494 seconds
Start importing Packages/com.unity.ai.assistant/Editor/UI/Styles/AssistantSettingsPage.uss using Guid(88ae6acb87854b60a84336ee5c76766e) (ScriptedImporter) -> (artifact id: 'be2db1147170661b8a4290ac6acee249') in 0.0181298 seconds
Start importing Packages/com.unity.memoryprofiler/Editor/UI/Analysis/Breakdowns/Summary/SummaryView.uss using Guid(98826fa0be9b5ed46b4f95a74d724e7a) (ScriptedImporter) -> (artifact id: '1ad8f759d0127708012e72b7206290a0') in 0.0337081 seconds
Start importing Packages/com.unity.ai.inference/Editor/Visualizer/Styles/View_light.uss using Guid(a84e2896d27914b9a876ec6c78727a8d) (ScriptedImporter) -> (artifact id: '0dd770e54cb23a05b56f9c1166d24b69') in 0.0198365 seconds
Start importing Packages/com.unity.ai.assistant/Editor/UI/Styles/ChatElementBlockThought.uss using Guid(b8c353f76dad4186bc3680f17d9e8701) (ScriptedImporter) -> (artifact id: '2de796d44a82cd8118d6e1446af842c6') in 0.0282109 seconds
Start importing Packages/com.unity.dt.app-ui/PackageResources/Styles/Components/Tabs.uss using Guid(c82f86c8786f487da19103b80c964a33) (ScriptedImporter) -> (artifact id: '9fd075416ea1ecbe556e5b6874a13e56') in 0.0259911 seconds
Start importing Packages/com.unity.memoryprofiler/Editor/UI/UIElements/ObjectOrTypeLabel/ObjectOrTypeLabel.uss using Guid(d857d507c76ded646a56df0cf2750bed) (ScriptedImporter) -> (artifact id: 'd9e93cb7fb6823ce939a1499411d89da') in 0.008369 seconds
Start importing Packages/com.unity.ai.generators/Modules/Unity.AI.Pbr/Components/ImageReference/ImageReferenceObjectField.uss using Guid(d8f78c40033446d9b89550481cd6e882) (ScriptedImporter) -> (artifact id: '8bcaf64e63b908f8db737e5b04bef3a1') in 0.0173666 seconds
Start importing Packages/com.unity.dt.app-ui/PackageResources/Styles/Themes/App UI - Small.uss using Guid(e87039c054f04d3b8acd660d5c9708a3) (ScriptedImporter) -> (artifact id: '205610b38ab9e52db20a6ee1e8aa9ec5') in 0.0304151 seconds
Start importing Packages/dev.yarnspinner.unity/Editor/Editors/Commands/CommandsWindow.uss using Guid(f8653a3e6bb8c4c45aa986ef57baedbb) (ScriptedImporter) -> (artifact id: '3a516e361736b142cab40938aa93f9bb') in 0.007527 seconds
Start importing Packages/com.unity.memoryprofiler/Editor/UI/Analysis/Breakdowns/Shared/Comparison/ComparisonView.uss using Guid(f84fc8367d892654ca91306dc7440abb) (ScriptedImporter) -> (artifact id: 'da20bf329958f97bed564d0c9f7a31ec') in 0.0289458 seconds
Start importing Packages/com.unity.ai.assistant/Editor/UI/Styles/ChatElementUser.uss using Guid(09d0a18e3cc342d1b5b2bd77964e44e0) (ScriptedImporter) -> (artifact id: 'a65e96c7e65a119c9263cf219116bfec') in 0.0123603 seconds
Start importing Packages/com.unity.multiplayer.center/Editor/MultiplayerCenterWindow/UI/dark.uss using Guid(1984cd07fe96417f9e88f5771f6b4b32) (ScriptedImporter) -> (artifact id: 'e3f46b2f53ad9be56c19483d28960867') in 0.0249781 seconds
Start importing Packages/com.unity.dt.app-ui/PackageResources/Styles/Components/Toggle.uss using Guid(1977a826d0704065a79bc9471ba718ad) (ScriptedImporter) -> (artifact id: 'cb3ef3289d43c847677f7ff62a6f3bda') in 0.029575 seconds
Start importing Packages/com.unity.memoryprofiler/Editor/UI/Workbench/MemoryProfilerView.uss using Guid(19aea090e3855644aa57e52c8a9c188d) (ScriptedImporter) -> (artifact id: '2b044551f1dce60ca0333a4d6a10fa1b') in 0.0214489 seconds
Start importing Packages/com.unity.dt.app-ui/PackageResources/Styles/Components/ActionGroup.uss using Guid(2910477a0d60476a85629ce18dc04a03) (ScriptedImporter) -> (artifact id: 'f3be09da2698fbff5b93cb9b93bbe878') in 0.0392379 seconds
Start importing Packages/com.unity.ai.assistant/Editor/UI/Styles/ContextElement.uss using Guid(2911942772a4447ea54e90c82c0f8b2b) (ScriptedImporter) -> (artifact id: '11d321b316ca8cdb7cfd36e1335372c7') in 0.0309657 seconds
Start importing Packages/com.unity.ai.assistant/Editor/UI/Styles/AssistantProjectSettingsPage.uss using Guid(29eb892d318af164ab7b8cc3c3a31cca) (ScriptedImporter) -> (artifact id: 'eb6cc812347bd67d207eb5267081a846') in 0.0102735 seconds
Start importing Packages/com.unity.ai.generators/Modules/Unity.AI.Pbr/Components/Prompt/Prompt.uss using Guid(295e05a310739d844abe9a467cb4c990) (ScriptedImporter) -> (artifact id: '2193c00679529720dfdce1678e553420') in 0.0081485 seconds
Start importing Assets/MCPForUnity/Editor/Windows/EditorPrefs/EditorPrefsWindow.uss using Guid(3980375ed546e47abafcafe11e953e87) (ScriptedImporter) -> (artifact id: '139e72801800912b7d7c94c07d160cf9') in 0.0223973 seconds
Start importing Packages/com.unity.ai.assistant/Editor/UI/Styles/WhatsNewView.uss using Guid(39388422f2f545cf91ca7986c41406e1) (ScriptedImporter) -> (artifact id: 'b4fdf1946c7fb9d8194bccc53f0e4a2b') in 0.0132598 seconds
Start importing Packages/com.unity.ai.assistant/Editor/UI/Styles/AskAssistantButton.uss using Guid(4970a1401c7b4c5d9c6ae48a83ea31df) (ScriptedImporter) -> (artifact id: '80368ea637b397b621e0785d62f3ba24') in 0.0089635 seconds
Start importing Packages/com.unity.ai.assistant/Editor/UI/Styles/AssetGenerationFunctionCallElement.uss using Guid(49b31b35072ed0e42b3bd4ac86897793) (ScriptedImporter) -> (artifact id: 'f73359516219acad359fe4d49cc96376') in 0.0169389 seconds
Start importing Packages/com.unity.dt.app-ui/PackageResources/Styles/Themes/App UI - Editor Light.uss using Guid(69937f22a6b04f3eb4bccc1539050823) (ScriptedImporter) -> (artifact id: 'bf8964f8807c1c106ac17849b9c5f1de') in 0.0154734 seconds
Start importing Packages/com.unity.ai.generators/Modules/Unity.AI.Image/Panels/UpscalePanel/UpscalePanel.uss using Guid(7917c2a292dd144f8affad7496b1f293) (ScriptedImporter) -> (artifact id: '7001fc6845588026302c572a125e7ac5') in 0.007579 seconds
Start importing Packages/com.unity.ai.generators/Modules/Unity.AI.ModelSelector/Components/SearchBar/SearchBar.uss using Guid(89a189272e07d054b9e3e8bef87fdb9f) (ScriptedImporter) -> (artifact id: '332fb0b0319f96b693508bff9a64a27b') in 0.0082423 seconds
Start importing Packages/com.unity.ai.generators/Modules/Unity.AI.Sound/Components/InputReference/SoundReference.uss using Guid(89d1755b0824d449ba97b5275b189cb6) (ScriptedImporter) -> (artifact id: 'aa899a0aaa403b9d4fbc60eb10357d79') in 0.006642 seconds
Start importing Packages/com.unity.ai.assistant/Editor/UI/Styles/ChatElementBlockError.uss using Guid(8932a9b7afbc48599d5e6d117823bb39) (ScriptedImporter) -> (artifact id: 'ec37eea328059bbe22a6aa300b2dadf8') in 0.0104116 seconds
Start importing Packages/com.unity.ai.generators/Modules/Unity.AI.Image/Components/ImageReferenceStack/ImageReferenceStack.uss using Guid(89374e14d73693343a8953f13156caac) (ScriptedImporter) -> (artifact id: '326964748b75ddb86ae752b9e772712c') in 0.0052431 seconds
Start importing Packages/com.unity.ai.assistant/Editor/UI/Styles/PermissionElement.uss using Guid(89ecd7a82ececb94dbd2f15d2c79417e) (ScriptedImporter) -> (artifact id: '25e42f0d04a467fcca29d3976dff0557') in 0.0157894 seconds
Start importing Packages/com.unity.dt.app-ui/PackageResources/Styles/Components/Heading.uss using Guid(99e24fe5c8cd46629b1e2f4e438a1104) (ScriptedImporter) -> (artifact id: 'dcd8edc22b90cd6d05eef0f95171aa36') in 0.0127634 seconds
Start importing Packages/com.unity.ai.generators/Modules/Unity.AI.Generators.UI/Components/Splitter/Splitter.uss using Guid(9966884e9915482f83763d90e0f1087b) (ScriptedImporter) -> (artifact id: '8ea9cddfc61206962a3d92d1daa639ab') in 0.0146632 seconds
Start importing Packages/com.unity.ai.assistant/Editor/UI/Styles/ChatElementQuote.uss using Guid(99ad8cbd4b4c450081395e9425317b3e) (ScriptedImporter) -> (artifact id: '77c1294642d06f059a9f522ce0ad5713') in 0.0081587 seconds
Start importing Packages/com.unity.dt.app-ui/PackageResources/Styles/Components/YearPicker.uss using Guid(d9822356c40b4c5c8a2667b4be348f1b) (ScriptedImporter) -> (artifact id: 'a11e24954152ae40f04f2bb3aca37aff') in 0.0087762 seconds
Start importing Packages/com.unity.dt.app-ui/PackageResources/Styles/Themes/App UI - Alias.uss using Guid(d903d3c7741b470f9e57eb2f1919b5dc) (ScriptedImporter) -> (artifact id: 'e79def584b8c3888e52d828d9d1a992e') in 0.0741165 seconds
Start importing Packages/com.unity.dt.app-ui/PackageResources/Styles/Themes/App UI - Light.class.uss using Guid(d9b89fa6f3a7417f8eb5948937111d06) (ScriptedImporter) -> (artifact id: '7a054154c6d64fe215dd47cf914b0e9d') in 0.0094406 seconds
Start importing Packages/com.unity.ai.generators/Modules/Unity.AI.Generators.UI/StyleSheets/SessionStatusBannerClasses.uss using Guid(d95ca01bf2750ec438297f754bc48a74) (ScriptedImporter) -> (artifact id: 'c969731b5a808c4c98d87ff87fda118e') in 0.007939 seconds
Start importing Packages/com.unity.dt.app-ui/PackageResources/Styles/Themes/App UI - Editor Dark.class.uss using Guid(e9ee2bacb12947b1946546dee7576d94) (ScriptedImporter) -> (artifact id: '4f52bd7cbd1b1b5bdfb8851e92647789') in 0.0139026 seconds
Start importing Packages/com.unity.ai.assistant/Editor/UI/Styles/PreviewChip.uss using Guid(f92289f3c0c445e596e1901aa2fd4e3e) (ScriptedImporter) -> (artifact id: '36d7000081dc2aeeb1278f43a14fd950') in 0.0073062 seconds
Start importing Packages/com.unity.dt.app-ui/Editor/IconBrowser.uss using Guid(0af56ae35c43488b8293ea174c214d0f) (ScriptedImporter) -> (artifact id: 'cf995d70700dbf66b89ed58489089589') in 0.0135584 seconds
Start importing Packages/com.unity.ai.assistant/Editor/UI/Styles/ChatElementResponse.uss using Guid(0a8af886619d469da73cf17deab304dd) (ScriptedImporter) -> (artifact id: '00651ebb4554608029f9572c3825199a') in 0.0152271 seconds
Start importing Packages/com.unity.ai.assistant/Editor/UI/Styles/CodeEditTabbedContent.uss using Guid(1ab5938791b954ace814822b3561baf2) (ScriptedImporter) -> (artifact id: '3bf85839e3deeccf1c9da18727448473') in 0.0111006 seconds
Start importing Packages/com.unity.ai.generators/Modules/Unity.AI.Animate/Components/AnimateLoop/AnimateLoop.uss using Guid(2a76eef480c64ef5ad1048793964fcd7) (ScriptedImporter) -> (artifact id: '11d33973ac5ea583bd7aa4397995f6c6') in 0.0060599 seconds
Start importing Packages/com.unity.dt.app-ui/PackageResources/Styles/Components/Toast.uss using Guid(3a1bd367409f406f96bc64831deb3c73) (ScriptedImporter) -> (artifact id: 'd6b52f0e5347ca6389319f37b0407efa') in 0.028492 seconds
Start importing Packages/com.unity.ai.toolkit/Modules/Accounts/Components/LegalAgreement/LegalAgreement.uss using Guid(4a4544580d65429085ec4c54e6acc160) (ScriptedImporter) -> (artifact id: '7cb00093b2cd50dc0ec35b470b495a99') in 0.0084696 seconds
Start importing Packages/com.unity.dt.app-ui/PackageResources/Styles/Components/DropZone.uss using Guid(4a6a8eeca4bd449bb14b3340b28c797e) (ScriptedImporter) -> (artifact id: 'e50983989dbea203b7bf55f9325347eb') in 0.0157543 seconds
Start importing Packages/com.unity.dt.app-ui/PackageResources/Styles/Components/Canvas.uss using Guid(6a153d2e1bfe4b66b2e887d54fc6d8de) (ScriptedImporter) -> (artifact id: 'f8bdbc5d875a9c5abecba1605ab7dc93') in 0.010137 seconds
Start importing Packages/com.unity.ai.assistant/Editor/UI/Styles/LoadingSpinner.uss using Guid(9ad1704901c94e83acf73d8091ff6ebf) (ScriptedImporter) -> (artifact id: '8afc26a0d1cc0920f7aa7644f3cd85fb') in 0.0096888 seconds
Start importing Packages/com.unity.dt.app-ui/PackageResources/Styles/Components/AppBar.uss using Guid(9a97aa2547a94316b6f4730a8ff47b56) (ScriptedImporter) -> (artifact id: '5c4d4e33ba4a04e32ed43424b8ed3447') in 0.0145611 seconds
Start importing Packages/com.unity.multiplayer.center/Editor/MultiplayerCenterWindow/UI/MultiplayerCenterWindow.uss using Guid(bac00d6e07f0b4305bb395363c89d92b) (ScriptedImporter) -> (artifact id: 'fd0e67db121a8d5c77fd0c3a4446df4c') in 0.1054243 seconds
Start importing Packages/com.unity.ai.generators/Modules/Unity.AI.Generators.UI/StyleSheets/ColorsUtilitiesDark.uss using Guid(caa4ffc13b4457b41adf238e4b812b24) (ScriptedImporter) -> (artifact id: 'dd1f3b99172fba07f88846eedee26c53') in 0.0086367 seconds
Start importing Packages/com.unity.dt.app-ui/PackageResources/Styles/Components/Quote.uss using Guid(dad5384fe7eb40f2abe9e80f03e5dc97) (ScriptedImporter) -> (artifact id: 'e5ad277655a6a11c895ade89691560a6') in 0.0074617 seconds
Start importing Packages/com.unity.ai.assistant/Editor/UI/Styles/DialogView.uss using Guid(da870758b9cb4c945856e54dc37a2733) (ScriptedImporter) -> (artifact id: 'fd84ab5a452af2254f676760c5afa36f') in 0.0088925 seconds
Start importing Packages/com.unity.dt.app-ui/PackageResources/Styles/Themes/App UI - Small.class.uss using Guid(dada6835bdd24f31831bb56b2cf694b7) (ScriptedImporter) -> (artifact id: 'f9c8cf22fa65768e9525e9465952eed0') in 0.0147977 seconds
Start importing Packages/com.unity.ai.generators/Modules/Unity.AI.Pbr/Components/GenerateButton/GenerateButton.uss using Guid(2b1e27f92a24e3b4f8c98201cbc0590d) (ScriptedImporter) -> (artifact id: '25a1b7442a6026f913c5deea64fc5023') in 0.0096613 seconds
Start importing Packages/com.unity.memoryprofiler/Editor/UI/Workbench/DetailView/DetailsView.uss using Guid(2baf8a474468e084d95d18cf8acce471) (ScriptedImporter) -> (artifact id: '89079dc5ae5b02f0dcde45725f3ebd52') in 0.0095064 seconds
Start importing Packages/com.unity.dt.app-ui/PackageResources/Styles/Components/Dialog.uss using Guid(3ba2869b5c7b4e8cbe5dc9e5d52874b6) (ScriptedImporter) -> (artifact id: 'ec05695a189760aee4831b7c782ee593') in 0.0293676 seconds
Start importing Packages/com.unity.ai.generators/Modules/Unity.AI.Image/Panels/RemoveBackgroundPanel/RemoveBackgroundPanel.uss using Guid(3b5c3cf5539db4ca49e33b92bcfbaf92) (ScriptedImporter) -> (artifact id: '0c5de14690e2082ad476e937f34cb9b7') in 0.007744 seconds
Start importing Packages/com.unity.dt.app-ui/PackageResources/Styles/Components/Picker.uss using Guid(4b4cc1adbf13432ca3452766a04136f0) (ScriptedImporter) -> (artifact id: 'd1dc7552e7deb15ab0903dd4097e53ee') in 0.0226886 seconds
Start importing Packages/com.unity.ai.assistant/Editor/UI/Styles/ChatElementSourceEntry.uss using Guid(6bc6a74876fe4d3eab0037800032c30e) (ScriptedImporter) -> (artifact id: '033a330bcce9c12e00a5fbb4e22721d1') in 0.0099749 seconds
Start importing Packages/com.unity.2d.enhancers/Editor/Overlays/AIPanel/DragAndDropArea/DragAndDropArea.uss using Guid(6be81dc56cf742178d6df1471d9306ee) (ScriptedImporter) -> (artifact id: '80486433a41c5ae9852e5ada5098baed') in 0.0061367 seconds
Start importing Packages/com.unity.memoryprofiler/Editor/UI/Analysis/Breakdowns/AllTrackedMemory/Table/AllTrackedMemoryTableView.uss using Guid(6bfc7bb795a668d4ba46d3d4069194b7) (ScriptedImporter) -> (artifact id: 'b2da1e3dd9bdcdd874f584a11e7dccc5') in 0.0131532 seconds
Start importing Packages/com.unity.memoryprofiler/Editor/UI/UIElements/InfoBox/InfoBox.uss using Guid(7b31d7bdd74c6da4d87f9eef6079d7b8) (ScriptedImporter) -> (artifact id: '784aae5c148144b003bcced39549743e') in 0.0146773 seconds
Start importing Packages/com.unity.cloud.gltfast/Editor/UI/Dependency-style.uss using Guid(8b07415b3b6e441cfa55e9187248229c) (ScriptedImporter) -> (artifact id: '3f05f30643f5c95094d325636f23ea2c') in 0.0060539 seconds
Start importing Packages/com.unity.dt.app-ui/PackageResources/Styles/Components/Divider.uss using Guid(8b77497dd1bf4674ae80347efdf24cce) (ScriptedImporter) -> (artifact id: 'e7875e6d0df3a000159bc56f73aa3fe4') in 0.0123014 seconds
Start importing Packages/com.unity.ai.assistant/Editor/UI/Styles/ChatElementList.uss using Guid(8bbdebf0f0c74782a9aeb738beac2b24) (ScriptedImporter) -> (artifact id: 'f20be2cc4a27fab0cc39ad49a200ad8d') in 0.0067969 seconds
Start importing Packages/com.unity.ai.generators/Modules/Unity.AI.ModelSelector/Components/ModelSelector/ModelTile.uss using Guid(8b3eca5a75a66f047bb1d8efdccb7ca4) (ScriptedImporter) -> (artifact id: 'e0e56b5dee16670fde5ff1321da82388') in 0.0223806 seconds
Start importing Packages/com.unity.dt.app-ui/PackageResources/Styles/Components/Badge.uss using Guid(9ba1751be4a943c4a1ce6f9da888dfb8) (ScriptedImporter) -> (artifact id: 'b8f09da43e925424ba43dfb0028b1bf2') in 0.0135988 seconds
Start importing Packages/com.unity.dt.app-ui/PackageResources/Styles/Themes/App UI - Light.uss using Guid(9b7d19c73a9eabd43939047e30c16fe3) (ScriptedImporter) -> (artifact id: '4b76f71bbb0a4a501a7b6a262cff7214') in 0.0095033 seconds
Start importing Packages/com.unity.dt.app-ui/PackageResources/Styles/Components/PageIndicator.uss using Guid(bb00f1aa2c93494abb506fc6b716859a) (ScriptedImporter) -> (artifact id: '4326e79d19bc3ccdb483c30c31bd62ea') in 0.012405 seconds
Start importing Packages/com.unity.ai.generators/Modules/Unity.AI.Pbr/Components/ModelTitleCard/ModelTitleCard.uss using Guid(cb63c40dfafd2ea4faaadbd773630b13) (ScriptedImporter) -> (artifact id: '0d0f2a0260bb1aa916381da825f86608') in 0.0079365 seconds
Start importing Packages/dev.yarnspinner.unity/Editor/Editors/USS/YarnSpinner.uss using Guid(cb55d9cdb86eb461d9bf7e96af6e9c1e) (ScriptedImporter) -> (artifact id: '1e071696117f5025379a335114505fa0') in 0.0079539 seconds
Start importing Packages/com.unity.ai.generators/Modules/Unity.AI.Animate/Components/InputReference/InputReferenceObjectField.uss using Guid(cb1615fac0be1d24fa86c084c24c37a1) (ScriptedImporter) -> (artifact id: 'd5558b713bc7a0a280f26830d27936bc') in 0.0149434 seconds
Start importing Packages/com.unity.dt.app-ui/PackageResources/Styles/Themes/App UI - Editor Dark.uss using Guid(cbb7ced8e5a04311a3a8415d668a4ea9) (ScriptedImporter) -> (artifact id: '6d98b27487b9444afded3045c348f7b6') in 0.0143531 seconds
Start importing Packages/com.unity.dt.app-ui/PackageResources/Styles/Themes/App UI - Medium.class.uss using Guid(db70ac3e88824e3a9c9bf7a2b0302ae6) (ScriptedImporter) -> (artifact id: '77b2f301150e3ce830f6547cfdea6eff') in 0.0100614 seconds
Start importing Packages/com.unity.dt.app-ui/PackageResources/Styles/Components/NumericalField.uss using Guid(db9069e26c2440cfa9d63339f61bf12e) (ScriptedImporter) -> (artifact id: '342d9735dbcaed4738b6eb31157d5369') in 0.0156416 seconds
Start importing Packages/com.unity.ai.generators/Modules/Unity.AI.Image/Components/ImageReference/PaletteImageReference.uss using Guid(db5e657ee6a6434c8348a8d04f6a65bb) (ScriptedImporter) -> (artifact id: 'add3986e1d22bc67ce5011b70febe10c') in 0.0074603 seconds
Start importing Packages/com.unity.ai.generators/Modules/Unity.AI.Image/Panels/PixelatePanel/PixelatePanel.uss using Guid(fb8147cb6ac9048198f1e6cc827267a8) (ScriptedImporter) -> (artifact id: 'd9ee3ce3920b65623ceb964d44f54ae2') in 0.0104458 seconds
Start importing Packages/com.unity.ai.generators/Modules/Unity.AI.Image/Components/DoodleView/DoodleView.uss using Guid(fbe77433f1394f75bd337c57c61b65cd) (ScriptedImporter) -> (artifact id: 'f7c8ab62dce8ef993b2700b67995c9df') in 0.0392963 seconds
Start importing Packages/com.unity.dt.app-ui/PackageResources/Styles/Components/TextField.uss using Guid(fbf91e7fb8334bf5a950c1fdc23c1a9c) (ScriptedImporter) -> (artifact id: '043aeeba82adc7653bce4aa48cfb161a') in 0.0361436 seconds
Start importing Packages/com.unity.ai.assistant/Editor/UI/Styles/ChatElementUI.uss using Guid(fbabfcfc505014d28b5083a3538b1862) (ScriptedImporter) -> (artifact id: 'a5e17ba74207ad8f8120a7c7684c96cc') in 0.033224 seconds
Start importing Packages/com.unity.ai.assistant/Editor/UI/Styles/FunctionCallElement.uss using Guid(1ccba176953a409ab0e35f52a3ec9b14) (ScriptedImporter) -> (artifact id: '7e2f6334106057544ddbf90878e422a8') in 0.0284636 seconds
Start importing Packages/com.unity.dt.app-ui/PackageResources/Styles/Components/Vector4Field.uss using Guid(2c97da50744143be993cff697f8867af) (ScriptedImporter) -> (artifact id: '2a12b4e83ac8578c9d1aab804e87860a') in 0.0166972 seconds
Start importing Assets/MCPForUnity/Editor/Windows/Components/Common.uss using Guid(2cccfdd3f4371f140902a54e247cf979) (ScriptedImporter) -> (artifact id: '7a1f728b6ab60d6e709b12959f5cbbac') in 0.1550205 seconds
Start importing Packages/com.unity.dt.app-ui/PackageResources/Styles/Components/RectField.uss using Guid(3c598953a682495cb8e8e43f706c660b) (ScriptedImporter) -> (artifact id: 'fb7d45a45b4cfbfa815efa9ee7b75788') in 0.0337938 seconds
Start importing Packages/com.unity.ai.assistant/Editor/UI/Styles/SelectionElement.uss using Guid(4c905f29a5774dcb986c6d5099cffc5e) (ScriptedImporter) -> (artifact id: 'e4bb4aa524817a7c9a1aa2a7896dec0d') in 0.055321 seconds
Start importing Packages/com.unity.2d.enhancers/Editor/Overlays/Styles/SpriteEditorOverlay.uss using Guid(4c2b024f4e134d9ab10fff25833b935c) (ScriptedImporter) -> (artifact id: '9ce66b57665b77cbc2d534068fab821c') in 0.0172393 seconds
Start importing Packages/com.unity.ai.generators/Modules/Unity.AI.Image/Windows/GenerationMetadataWindow/GenerationMetadataWindow.uss using Guid(5c7d987de71601742b6a221440795791) (ScriptedImporter) -> (artifact id: '98747cc69d07dd3f5d6116b4374e139f') in 0.0465141 seconds
Start importing Packages/com.unity.memoryprofiler/Editor/UI/Analysis/AnalysisTabBarView.uss using Guid(6c072fb63e010574aa5bba52ee34ede4) (ScriptedImporter) -> (artifact id: 'f6609ad740372df47a72ba32ca5ab5c3') in 0.0134308 seconds
Start importing Packages/com.unity.2d.enhancers/Editor/Overlays/AIPanel/ObjectField/ObjectField.uss using Guid(6cac2ab713d14da5a94b0d3540fe385f) (ScriptedImporter) -> (artifact id: '50ccbbad29ac3e649be9a237b49ff915') in 0.0093828 seconds
Start importing Packages/com.unity.2d.sprite/Editor/UI/SpriteEditor/SpriteFrameCapabilityWindow.uss using Guid(6c7e9115f7d147358afe5f37134801db) (ScriptedImporter) -> (artifact id: 'f82459a1218bc2f353c85f24d4dcf086') in 0.0186848 seconds
Start importing Packages/com.unity.2d.enhancers/Editor/ImageManipulation/SpriteRectElement/SpriteRectElement.uss using Guid(7cb7567a6a9647789d1d2c24fbab0f89) (ScriptedImporter) -> (artifact id: 'ee65c3bc002b012531f12d38154c6a9e') in 0.0086564 seconds
Start importing Packages/com.unity.ai.generators/Modules/Unity.AI.Image/Components/AddToPromptButton/AddToPromptView.uss using Guid(8ccf22d8191899b409cb07b032429310) (ScriptedImporter) -> (artifact id: '87e9a8b6e44c67803197e5e09dc4efb1') in 0.0371772 seconds
Start importing Packages/com.unity.dt.app-ui/PackageResources/Styles/Components/Elevation.uss using Guid(9cf4950684124967acac0d4586bda742) (ScriptedImporter) -> (artifact id: '428bde9107431e0806e0c6b0cde648eb') in 0.0175848 seconds
Start importing Packages/com.unity.ai.generators/Modules/Unity.AI.Sound/Components/InputReference/InputReferenceHeader.uss using Guid(9c0f2161463d4484dbbe365b4bcfefc6) (ScriptedImporter) -> (artifact id: '3566c2d8af53f88a9e0572dabf00fbef') in 0.009923 seconds
Start importing Packages/com.unity.ai.inference/Editor/Visualizer/Styles/Node.uss using Guid(acbf169c8cab941b089eeb71b41fbcc7) (ScriptedImporter) -> (artifact id: 'bc0d08d25a5bc2e248fcf8f3fa930955') in 0.008361 seconds
Start importing Packages/com.unity.ai.assistant/Editor/UI/Styles/ProgressElement.uss using Guid(bc41de67f4c54201b39f3736f822e49f) (ScriptedImporter) -> (artifact id: 'ef164f47ea73163300ad02eb1cc9f073') in 0.0092559 seconds
Start importing Packages/com.unity.dt.app-ui/PackageResources/Styles/Components/BottomNavBar.uss using Guid(bcd681cde4b347f4b2b44e45c406101c) (ScriptedImporter) -> (artifact id: 'aeae70f646582eea2493fe98b93f907b') in 0.0138987 seconds
Start importing Packages/com.unity.ai.generators/Modules/Unity.AI.Image/Components/ImageReference/ImageReferenceObjectField.uss using Guid(bcc89dab2dd74ae39fa4d132e1e474cb) (ScriptedImporter) -> (artifact id: '701b3f233493c21229f973a6d306dbf3') in 0.0332286 seconds
Start importing Packages/com.unity.ai.generators/Modules/Unity.AI.Sound/Components/SearchBar/SearchBar.uss using Guid(bc3a34fb8103e4a98aded991ff10f560) (ScriptedImporter) -> (artifact id: '8d56aa5db6e38fdc6a8554b71eecb4b7') in 0.0069452 seconds
Start importing Packages/com.unity.dt.app-ui/PackageResources/Styles/Components/Popover.uss using Guid(bc1e4a54ac4d41aa9e9ff48c45ce12a2) (ScriptedImporter) -> (artifact id: '1ee0775ecdb5567d9578a464e258b4cc') in 0.0198533 seconds
Start importing Packages/com.unity.dt.app-ui/PackageResources/Styles/Components/BoundsField.uss using Guid(dce5048b5cf84530a2ebcf38fe4bd7b1) (ScriptedImporter) -> (artifact id: 'ce756e559eb5dbf09bcd00f04b61b8e4') in 0.0100675 seconds
Start importing Packages/com.unity.dt.app-ui/Editor/Redux/DevTools.uss using Guid(dc664d6bcfb84f56a9abeb5b57501e11) (ScriptedImporter) -> (artifact id: 'bc49ae9fada31b3f0c6d8dc01af9c976') in 0.0646147 seconds
Start importing Packages/com.unity.ai.assistant/Editor/UI/Styles/ChatDropZone.uss using Guid(dc39f5ca36de408db04811c34d65f92f) (ScriptedImporter) -> (artifact id: '703c00e96d2b721c3e468b979da0d940') in 0.0086157 seconds
Start importing Packages/com.unity.ai.assistant/Editor/UI/Styles/SettingsPopup.uss using Guid(ec11b5920069919429bd952037e23587) (ScriptedImporter) -> (artifact id: '578898ff6e856519d5c2b4c215ec5318') in 0.0151644 seconds
Start importing Packages/com.unity.ai.generators/Modules/Unity.AI.Image/Components/TextureGenerator/TextureGenerator.uss using Guid(fc85dcf7979224345b50f5f0d34234ed) (ScriptedImporter) -> (artifact id: '0acf90f3788891281fd10a892ce48160') in 0.0078665 seconds
Start importing Packages/com.unity.dt.app-ui/PackageResources/Styles/Components/Checkbox.uss using Guid(0dfbc48c41f14416802b0810f62e5d5b) (ScriptedImporter) -> (artifact id: '970a655628c0444a4866f86e7c0a2ce7') in 0.0193231 seconds
Start importing Packages/com.unity.memoryprofiler/Editor/UI/Workbench/LoadedSnapshotsItem/LoadedSnapshotsItemView.uss using Guid(2d0bd74bc2726604f85eaf8ad3b7602a) (ScriptedImporter) -> (artifact id: '471660abc7e82eb2629506d44bd4bbd6') in 0.0209507 seconds
Start importing Packages/com.unity.memoryprofiler/Editor/ProfilerModule/MemoryProfilerModuleView.uss using Guid(2d2b4f9c9a5f7234aac8a4e254a4c264) (ScriptedImporter) -> (artifact id: '7da9004b36d48d8f8d4d4938c89d11ac') in 0.0159248 seconds
Start importing Packages/com.unity.memoryprofiler/Editor/UI/Analysis/Breakdowns/Summary/GenericMemorySummary/GenericMemorySummaryView.uss using Guid(2d5c36c8b1e71134abf156c8c546888c) (ScriptedImporter) -> (artifact id: 'a1269a6db1c65da8f4a3e13dd6309d97') in 0.0309831 seconds
Start importing Packages/com.unity.dt.app-ui/PackageResources/Styles/Components/FieldLabel.uss using Guid(5d071db3ce8c4c03b7dd0f01f4380f36) (ScriptedImporter) -> (artifact id: '83b0545631c1732fdcd4021a68cc211e') in 0.0114503 seconds
Start importing Packages/com.unity.ai.inference/Editor/Visualizer/Styles/View_dark.uss using Guid(5d895f636fc8647e7be0d8de657b9a37) (ScriptedImporter) -> (artifact id: 'da5a51567348c067b107388d64b9a468') in 0.0160967 seconds
Start importing Packages/com.unity.ai.assistant/Editor/UI/Styles/HistoryPanel.uss using Guid(5deffcb8a2524193b83d53d5d8e4c1e9) (ScriptedImporter) -> (artifact id: '5d5291cd2da680c8c73c42799fd226cc') in 0.0094622 seconds
Start importing Packages/com.unity.ai.generators/Modules/Unity.AI.Generators.UI/StyleSheets/ColorsUtilitiesLight.uss using Guid(6d27d31954d67d94f86aafee2ffd1e15) (ScriptedImporter) -> (artifact id: '9312ad27031e8fb4f9a1eb1df8466ebe') in 0.0094996 seconds
Start importing Packages/com.unity.ai.generators/Modules/Unity.AI.Image/Components/GenerationSelector/GenerationTile.uss using Guid(7de1d4e22845a9149af3099f48183c3f) (ScriptedImporter) -> (artifact id: 'bcc2df3594dd72a4f497b90c55d500d0') in 0.0085292 seconds
Start importing Packages/com.unity.ai.assistant/Editor/UI/Styles/ChatElementFeedback.uss using Guid(8d20df6f75f60284b86346d55f132115) (ScriptedImporter) -> (artifact id: '4ddafe9d9f28238875e5e2088ec078b9') in 0.017658 seconds
Start importing Packages/com.unity.dt.app-ui/Editor/Navigation/NavigationGraphWindow.uss using Guid(ad511bc278ce4748af8ae4a3c6653741) (ScriptedImporter) -> (artifact id: 'f9de32a4dafb71a656ce7c887dddd916') in 0.0166237 seconds
Start importing Packages/com.unity.ai.assistant/Editor/UI/Styles/WhatsNewContentAssistant.uss using Guid(bdbb2cb645b042c986efe5619fbf4401) (ScriptedImporter) -> (artifact id: '80cbe8ad91d63ce6d78df08eba53d2c6') in 0.0068533 seconds
Start importing Packages/com.unity.ai.assistant/Editor/UI/Styles/AssistantShared.uss using Guid(cd49d9bf04e449a0af7b04121acba454) (ScriptedImporter) -> (artifact id: 'a8684f3d995be4f0e2eecbdc2d6c9875') in 0.0165424 seconds
Start importing Packages/com.unity.dt.app-ui/PackageResources/Styles/Components/Accordion.uss using Guid(ed4f057a02c64581a0cfc23f614b76f2) (ScriptedImporter) -> (artifact id: 'e3acc8b812dc032c900ac8ee97e319bf') in 0.0195816 seconds
Start importing Packages/com.unity.ai.generators/Modules/Unity.AI.Sound/Components/Prompt/Prompt.uss using Guid(fd799368698635e4ebd3b08acc1d3c7b) (ScriptedImporter) -> (artifact id: 'ee72931c66f54cd6e9d92ac3b8dae407') in 0.0083185 seconds
Start importing Packages/com.unity.2d.sprite/Editor/UI/SpriteEditor/SpriteEditor.uss using Guid(fd3d7c275a0958b4fa0f26a0ee9b8481) (ScriptedImporter) -> (artifact id: '63e8f742069b812329729fa55014f824') in 0.0266899 seconds
Start importing Packages/com.unity.dt.app-ui/PackageResources/Styles/Components/Dropdown.uss using Guid(0eadf3defe3641f3b4564040834833b7) (ScriptedImporter) -> (artifact id: 'fe715fabc0fa05602e19029cf5b04220') in 0.0102431 seconds
Start importing Packages/com.unity.ai.generators/Modules/Unity.AI.Image/Components/VideoPreview/VideoPreview.uss using Guid(0eef492d93bd97c4494935a02312ad4a) (ScriptedImporter) -> (artifact id: '525fa92e3170a6ca8f2f893dcc2b0a28') in 0.0091016 seconds
Start importing Packages/com.unity.dt.app-ui/PackageResources/Styles/Themes/App UI - Globals.uss using Guid(1eb42897c290cf4469ae3cab4e034e91) (ScriptedImporter) -> (artifact id: '7fb951effcb708c7ffa55b2568c851eb') in 0.0342141 seconds
Start importing Packages/com.unity.dt.app-ui/PackageResources/Styles/Components/ActionBar.uss using Guid(2e444369ded5419496ab3ff6ec750714) (ScriptedImporter) -> (artifact id: 'e8aecc99132fbeecbbdf8306aed9773e') in 0.0099698 seconds
Start importing Packages/com.unity.memoryprofiler/Editor/UI/Workbench/CaptureToolbar/CaptureToolbarView.uss using Guid(3eb8f65ea764f3846b7a63ff55b7b53f) (ScriptedImporter) -> (artifact id: '8b293ec6bdc652c15ac56fee44b591db') in 0.0226672 seconds
Start importing Packages/com.unity.dt.app-ui/PackageResources/Styles/Components/Text.uss using Guid(6ec547a42d834b8aa936e29e5a071088) (ScriptedImporter) -> (artifact id: '94311c537a50174525deece6df371a65') in 0.0095781 seconds
Start importing Packages/com.unity.ai.generators/Modules/Unity.AI.Image/Components/DoodlePad/DoodlePad.uss using Guid(6eb76148c1a336a42bc7d93afe70629d) (ScriptedImporter) -> (artifact id: '0bfce97a41328fa4a4df9aee49c257d3') in 0.0068147 seconds
Start importing Packages/com.unity.ai.generators/Modules/Unity.AI.Sound/Components/ModelTitleCard/ModelTitleCard.uss using Guid(6eab8ffad649c4dfa8250dc334759ac6) (ScriptedImporter) -> (artifact id: '53dd9ca58d52f58507f93490bc2f4a3f') in 0.0061365 seconds
Start importing Packages/com.unity.dt.app-ui/PackageResources/Styles/Themes/App UI - Dark.class.uss using Guid(7e404daf49964dcab741bb74e77db30a) (ScriptedImporter) -> (artifact id: '14981db19dd75d424d4d33b7d1615951') in 0.0098831 seconds
Start importing Packages/com.unity.ai.assistant/Editor/UI/Styles/ChatElementShared.uss using Guid(7e717ceeb06d45faa399450c0718dc5a) (ScriptedImporter) -> (artifact id: 'eca4e643a8bc8407079bf29d3fbde167') in 0.0109277 seconds
Start importing Packages/com.unity.ai.generators/Modules/Unity.AI.Image/Components/SearchBar/SearchBar.uss using Guid(7ef36b5273bc4775af2774fca8dec3fd) (ScriptedImporter) -> (artifact id: 'a70c48faf4b4509fa0475620a5cd8b72') in 0.0066466 seconds
Start importing Packages/com.unity.dt.app-ui/PackageResources/Styles/Components/Button.uss using Guid(7e49a8b293344afb9b517215ebe7e638) (ScriptedImporter) -> (artifact id: 'ee45ac3b00344de99f6b337d6a8360ad') in 0.0252554 seconds
Start importing Packages/com.unity.ai.generators/Modules/Unity.AI.Image/Panels/SpritesheetPanel/SpritesheetPanel.uss using Guid(7eabbaa1e6f55a6479e6f771278a0a75) (ScriptedImporter) -> (artifact id: 'bf92a238c01c372306027254642e3a15') in 0.0097321 seconds
Start importing Packages/com.unity.ai.assistant/Editor/UI/Styles/ChatElementWrapper.uss using Guid(7e4ea8b007cd413c92c1cce86222c9e5) (ScriptedImporter) -> (artifact id: '334177e3460108ed1345373a54131d28') in 0.0081831 seconds
Start importing Packages/com.unity.dt.app-ui/PackageResources/Styles/Components/Link.uss using Guid(7ebfb31d59164468bef4772235a2e2ca) (ScriptedImporter) -> (artifact id: '909d77e849c66e9356d579a29784ee1c') in 0.0070834 seconds
Start importing Packages/com.unity.memoryprofiler/Editor/UI/Analysis/Breakdowns/MemoryMap/MemoryMapBreakdownView.uss using Guid(8eb0de5477d7de647bd6b711b516f1db) (ScriptedImporter) -> (artifact id: '82ec871c916fb3d3cea39c577467da25') in 0.0176667 seconds
Start importing Packages/com.unity.ai.generators/Modules/Unity.AI.Generators.UI/StyleSheets/FlexUtilities.uss using Guid(8ed6b7456a8c05c46b287b3b001af15f) (ScriptedImporter) -> (artifact id: '7af49482c699d8e13d829a3e7a48f5d0') in 0.0358303 seconds
Start importing Packages/com.unity.dt.app-ui/PackageResources/Styles/Components/ColorWheel.uss using Guid(8eccc251756749ba949e13f65a87d95c) (ScriptedImporter) -> (artifact id: '916a6c86f7a0dd9c18fa5b22ee2fcda6') in 0.0183285 seconds
Start importing Packages/com.unity.ai.generators/Modules/Unity.AI.Mesh/Components/ImageReference/ImageReference.uss using Guid(9e2160870aea429688a3dce257adc5c0) (ScriptedImporter) -> (artifact id: '638a15a5929c59fb934d772b862f128e') in 0.0072142 seconds
Start importing Packages/com.unity.ai.generators/Modules/Unity.AI.Sound/Components/GenerationSelector/GenerationTile.uss using Guid(aeb12b3263df14e3ebbeb1d626541e7a) (ScriptedImporter) -> (artifact id: '95cf777ce2a699c9012a3a9d2a22ea38') in 0.0103871 seconds
Start importing Packages/com.unity.ai.assistant/Editor/UI/Styles/HistoryPanelEntryWrapper.uss using Guid(aee592f0ec80446585062ce10bfa5017) (ScriptedImporter) -> (artifact id: '0c6b2e5f6642cddfc48882ddd372d48a') in 0.0063592 seconds
Start importing Packages/com.unity.ai.generators/Modules/Unity.AI.Image/Components/ImageReference/ImageReferenceHeader.uss using Guid(be65248839943e641b5dfd6c91a46466) (ScriptedImporter) -> (artifact id: '057897d20d7949a63c799a27aad0fde5') in 0.0083919 seconds
Start importing Packages/com.unity.ai.generators/Modules/Unity.AI.Image/Components/Prompt/Prompt.uss using Guid(be3d765b8dbe239409d4defbbb407cc1) (ScriptedImporter) -> (artifact id: 'af2435af9d9db22bc14205db44b767b9') in 0.006654 seconds
Start importing Packages/com.unity.ai.assistant/Editor/UI/Styles/SplitButton.uss using Guid(cee48b29689e0db418e2579077a85c04) (ScriptedImporter) -> (artifact id: '55f413170c36c8954cc1bb437a7bb96e') in 0.0112807 seconds
Start importing Packages/com.unity.ai.toolkit/Modules/Accounts/Components/Debugger/Debugger.uss using Guid(ceb6b18013aa4d52b24819a2033a6630) (ScriptedImporter) -> (artifact id: 'd46a312e254a10203192daa2df4a07aa') in 0.0074228 seconds
Start importing Packages/com.unity.2d.enhancers/Editor/Overlays/ToolSettingsOverlay/ToolSettingsOverlay.uss using Guid(deafa36c1313454ab1b8908d09e81089) (ScriptedImporter) -> (artifact id: '42c5e5414d1f46a2cab06fe5962f01aa') in 0.006371 seconds
Start importing Packages/com.unity.ai.generators/Modules/Unity.AI.Animate/Components/GenerateButton/GenerateButton.uss using Guid(eec5c2c840724ce4c83aed1d5776ba6b) (ScriptedImporter) -> (artifact id: '90782b395b8e9c5466c59a3c0f4e3eda') in 0.0080007 seconds
Start importing Packages/com.unity.dt.app-ui/PackageResources/Styles/Components/ColorToolbar.uss using Guid(5f982a90e05346c9be9e41cdbefb2997) (ScriptedImporter) -> (artifact id: 'dbbf64326f7b70d6e3acd28a212f09dd') in 0.0096944 seconds
Start importing Packages/com.unity.dt.app-ui/PackageResources/Styles/Components/Vector3Field.uss using Guid(4f1099917f5946d8a135feb4122f2301) (ScriptedImporter) -> (artifact id: '615f5075a97853b3f39f1e38f23ce0b4') in 0.0089047 seconds
Start importing Packages/com.unity.dt.app-ui/PackageResources/Styles/Components/AssetTargetField.uss using Guid(ef886a11a7f740b1b617a1cd5e374b29) (ScriptedImporter) -> (artifact id: '110214a2f2b7ac473c2197d5240e445d') in 0.0120538 seconds
Start importing Packages/com.unity.dt.app-ui/PackageResources/Styles/Components/Navigation.uss using Guid(cf5a84ed6f994754b418c936adcc9c41) (ScriptedImporter) -> (artifact id: '741db6b77091b6fc416dda6f5d60ac42') in 0.0109876 seconds
Start importing Packages/com.unity.dt.app-ui/PackageResources/Styles/App UI.uss using Guid(ee8968d85c2987542baef4bb2bf9431a) (ScriptedImporter) -> (artifact id: '600a44a0f500cdb2958c940829a553bd') in 0.4029746 seconds
Start importing Packages/com.unity.ai.assistant/Editor/UI/Styles/CodeBlockElement.uss using Guid(fe7f55ba585f4c02978388000c87922e) (ScriptedImporter) -> (artifact id: '17fb7c83e55b1d4354b7f2224715a3e9') in 0.0209637 seconds
Start importing Packages/com.unity.ai.generators/Modules/Unity.AI.Sound/Components/GenerateButton/GenerateButton.uss using Guid(1f66146a388ea46438e03f28a6ce72fa) (ScriptedImporter) -> (artifact id: '7fb105e0ce159589549eae420d7130ed') in 0.0073065 seconds
Start importing Packages/com.unity.ai.generators/Modules/Unity.AI.Mesh/Components/ImageReference/ImageReferenceHeader.uss using Guid(1ff742caf3f146f89f81a32e32aca63e) (ScriptedImporter) -> (artifact id: 'b92f9b921653befb56089ba4aa3c0efc') in 0.0082052 seconds
Start importing Packages/com.unity.ai.generators/Modules/Unity.AI.ModelSelector/Components/ModelSelector/ModelTileCarousel.uss using Guid(2fb03e63160e0724991c59661addf31e) (ScriptedImporter) -> (artifact id: 'c9ffe56303a05c94181d7e392f9e541a') in 0.0084036 seconds
Start importing Packages/com.unity.ai.generators/Modules/Unity.AI.Animate/Components/InputReference/InputReference.uss using Guid(2fe349bfaa8572843b07d1d1dbb50373) (ScriptedImporter) -> (artifact id: '89e1564c5f6d0d75728c6157e0b4a503') in 0.0075747 seconds
Start importing Packages/com.unity.ai.assistant/Editor/UI/Styles/ConfigureDefaultPermissionsView.uss using Guid(2fc8e5ea91787544981a6388be5c9ce8) (ScriptedImporter) -> (artifact id: '2f4ee50bd60abd7ced5ba7770f5e96c8') in 0.0098855 seconds
Start importing Packages/com.unity.cloud.gltfast/Editor/UI/GltfImporter-style.uss using Guid(3f6f1f186c9e446d880d267adc629f1b) (ScriptedImporter) -> (artifact id: 'd2f36bfb8a6efe0e1ecc43b333ecf653') in 0.0080099 seconds
Start importing Packages/com.unity.ai.toolkit/Modules/Accounts/Components/AIDropdownRoot/AIDropdownRoot.uss using Guid(6fec530556e4459cb23ea81777f05773) (ScriptedImporter) -> (artifact id: 'f2dd945a1afe3c8f2034dcfc53d20163') in 0.0104986 seconds
Start importing Packages/com.unity.ai.inference/Editor/Visualizer/Styles/GraphFinder.uss using Guid(8fd03e23080e4fc698987a3ccd80828e) (ScriptedImporter) -> (artifact id: '9e2c68b6b359e9ac7349a14a259f315e') in 0.0065732 seconds
Start importing Assets/MCPForUnity/Editor/Windows/MCPForUnityEditorWindow.uss using Guid(8f9b5e0c2d3c4e5f6a7b8c9d0e1f2a3c) (ScriptedImporter) -> (artifact id: '78122d197c95e8601a65faff5f5b3493') in 0.0109093 seconds
Start importing Packages/com.unity.memoryprofiler/Editor/UI/Analysis/Breakdowns/UnityObjects/Table/Cells/UnityObjectsDescriptionCell.uss using Guid(8fcb246a63ab9f74caa052cc8e4f81f6) (ScriptedImporter) -> (artifact id: 'd1a9a5c3ef74ca890d84691a77b5beaa') in 0.0073293 seconds
Start importing Packages/com.unity.ai.assistant/Editor/UI/Styles/AssistantTextField.uss using Guid(afe6a2f4e75d4a348aa8c670af265832) (ScriptedImporter) -> (artifact id: 'f8013ec0797e7ab107ab92035ef26f84') in 0.0263975 seconds
Start importing Packages/com.unity.ai.assistant/Editor/UI/Styles/AssistantConversationPanel.uss using Guid(af8c54efbf024a31b0a0581ed3993994) (ScriptedImporter) -> (artifact id: 'a01bdcbbdbf0f719362a164d673036cd') in 0.0117305 seconds
Start importing Packages/com.unity.ai.assistant/Editor/UI/Styles/ChatElementBlockFunctionCall.uss using Guid(bf93a8aae18a4082bef99e2886fe504f) (ScriptedImporter) -> (artifact id: '20d10f86ab6d14610827abe19624e1ba') in 0.007208 seconds
Start importing Packages/com.unity.ai.assistant/Editor/UI/Styles/WhatsNewContentButton.uss using Guid(bf0e9ba4037c4dd89e10bb926bd7db54) (ScriptedImporter) -> (artifact id: '5c4d100ead6c4746e976e3479acee9cf') in 0.0099788 seconds
Start importing Packages/com.unity.ai.assistant/Editor/UI/Styles/ChatElementResponseSection.uss using Guid(cfdea445ef6920f45ab2b85157b59d2c) (ScriptedImporter) -> (artifact id: '13a7216852238ad8fcb88e433d99e3c3') in 0.0092635 seconds
Start importing Packages/com.unity.dt.app-ui/PackageResources/Styles/Themes/App UI - Light - Small.tss using Guid(141d843d21a056d4d85b0342e618ff33) (ScriptedImporter) -> (artifact id: '66a726898ba1469656e9a8c3cffc2ba0') in 0.2264248 seconds
Start importing Packages/com.unity.dt.app-ui/PackageResources/Styles/Themes/App UI - Dark - Small.tss using Guid(95d4eddda4c5fef4b82f187f64fef77b) (ScriptedImporter) -> (artifact id: 'e613a549aedbf0b04f25f64c05a42ffa') in 0.0588096 seconds
Start importing Packages/com.unity.dt.app-ui/PackageResources/Styles/Themes/App UI - Editor Dark - Small.tss using Guid(564777bfe171400dae710f442bfa5631) (ScriptedImporter) -> (artifact id: '147d35fbf67742a5fc6a8a2f043589b0') in 0.0439293 seconds
Start importing Packages/com.unity.dt.app-ui/PackageResources/Styles/Themes/App UI - Light - Medium.tss using Guid(d6eb60e57ebc298478c9d353bf048e4f) (ScriptedImporter) -> (artifact id: 'df6c6b666c669280e7d955be6f445826') in 0.055491 seconds
Start importing Packages/com.unity.dt.app-ui/PackageResources/Styles/Themes/App UI - Editor Light - Small.tss using Guid(8accaa962108440280b338ac3b4864a0) (ScriptedImporter) -> (artifact id: '05da2b2eee429e771c60d5567066ee58') in 0.0470313 seconds
Start importing Packages/com.unity.dt.app-ui/PackageResources/Styles/Themes/App UI - Light - Large.tss using Guid(8bd01f24397d4e9f8d40ddd6979786e3) (ScriptedImporter) -> (artifact id: 'a0cc52905c4294967a332ca14197f785') in 0.0488662 seconds
Start importing Packages/com.unity.dt.app-ui/PackageResources/Styles/Themes/App UI - Dark - Medium.tss using Guid(8b3e1bc160a955248b25847d0398b1d1) (ScriptedImporter) -> (artifact id: 'ac5a1cc18d8d80a6131a28e619a1950c') in 0.0377705 seconds
Start importing Packages/com.unity.dt.app-ui/PackageResources/Styles/Themes/App UI.tss using Guid(3c3937ea58c441ab93fc1e0f7ec5fa46) (ScriptedImporter) -> (artifact id: '878f9264d048015b70d4bcbcdcb6b1be') in 0.0569329 seconds
Start importing Packages/com.unity.ai.assistant/Editor/UI/Styles/Assistant.tss using Guid(6c11b7af88f54ffebd681c2fcea5f11a) (ScriptedImporter) -> (artifact id: '30d95662938ef8af625f7b2ea9636320') in 0.2086134 seconds
Start importing Packages/com.unity.dt.app-ui/PackageResources/Styles/Themes/App UI - Dark - Large.tss using Guid(efea17ac46f1455b8a0fef95880b85be) (ScriptedImporter) -> (artifact id: '780eedbf66ffc78c924a470c1cfeea66') in 0.030209 seconds
Start importing Packages/com.unity.ai.generators/Modules/Unity.AI.Image/Components/ImageReference/ImageReferenceHeader.uxml using Guid(beed0703ce7dfe24c9cde2d43dae0688) (ScriptedImporter) -> (artifact id: 'f613c483cfd9de4a06c1bab1ccb893ee') in 0.0575571 seconds
Start importing Packages/com.unity.ai.generators/Modules/Unity.AI.Image/Components/ImageReference/ImageReferenceObjectField.uxml using Guid(ede0c5afeaf6429bbbd58e783b8eb63a) (ScriptedImporter) -> (artifact id: 'ef120302b34e9f58b25c73cbc65dcb03') in 0.0182732 seconds
Start importing Packages/com.unity.ai.generators/Modules/Unity.AI.Image/Components/ImageReference/InpaintMaskImageReference.uxml using Guid(000557d3f3a202d419f0044550e74b75) (ScriptedImporter) -> (artifact id: '73340247e4f548b3274f2417095dfb53') in 0.0939841 seconds
Start importing Packages/com.unity.ai.generators/Modules/Unity.AI.Sound/Components/GenerateButton/GenerateButton.uxml using Guid(001fa2544eee64e6fa6c1c96d5cf383f) (ScriptedImporter) -> (artifact id: 'fbe9039c88fb11a1566c466633b2fade') in 0.0134007 seconds
Start importing Assets/MCPForUnity/Editor/Windows/Components/Settings/McpSettingsSection.uxml using Guid(405ae4db7c048f542ac9b8f83099bc45) (ScriptedImporter) -> (artifact id: 'faeeddb37a9d8fe4240650d25953f9e6') in 0.0416383 seconds
Start importing Packages/com.unity.ai.generators/Modules/Unity.AI.ModelSelector/Components/ModelSelector/ModelTile.uxml using Guid(50c668817ced7dd48a0ae8a7fcaf6cdd) (ScriptedImporter) -> (artifact id: 'e4da7ab6b4820dbe35817982c01e866e') in 0.0153018 seconds
Start importing Packages/com.unity.ai.generators/Modules/Unity.AI.Image/Components/ImageReference/LastImageReference.uxml using Guid(604836c11b930074d8802d2df9060d88) (ScriptedImporter) -> (artifact id: 'c83deed137c3e2ac0a8c07b211fc0f67') in 0.0157904 seconds
Start importing Packages/com.unity.ai.generators/Modules/Unity.AI.Pbr/Components/ImageReference/ImageReferenceHeader.uxml using Guid(a1911152b1bd4fee91e1d9c17aa63644) (ScriptedImporter) -> (artifact id: '5ccda75ac709308a8acce3b0924b1d52') in 0.0086235 seconds
Start importing Packages/com.unity.ai.generators/Modules/Unity.AI.Pbr/Components/ImageReference/ImageReferenceObjectField.uxml using Guid(edef473d182c40b8856831235a9da0ca) (ScriptedImporter) -> (artifact id: '15c853bdea008f4257cd9c64169a2831') in 0.014165 seconds
Start importing Packages/com.unity.ai.generators/Modules/Unity.AI.Pbr/Components/ImageReference/PatternImageReference.uxml using Guid(90620821b8fe3574db72b0d5ca4bb1ca) (ScriptedImporter) -> (artifact id: '550d351ac546b4ccdeb555cfc84e7bd9') in 0.026451 seconds
Start importing Packages/com.unity.ai.generators/Modules/Unity.AI.Image/Components/Prompt/Prompt.uxml using Guid(90f4dde99fac4f008e87d6da10940765) (ScriptedImporter) -> (artifact id: 'd805b522882481809f0450924eebf600') in 0.0130001 seconds
Start importing Packages/com.unity.ai.generators/Modules/Unity.AI.Animate/Windows/GenerationMetadataWindow/GenerationMetadataWindow.uxml using Guid(c051af3cf9f5f4c4c81bb860484a78b4) (ScriptedImporter) -> (artifact id: 'f4eded378932ec4cbeee71514a962bc2') in 0.015611 seconds
Start importing Packages/com.unity.memoryprofiler/Editor/UI/Analysis/NoData/NoDataView.uxml using Guid(c0fe38130e5999345864275870b04011) (ScriptedImporter) -> (artifact id: '64d3a31a56c1e7225b7615a1d9ed9cee') in 0.0121891 seconds
Start importing Packages/com.unity.ai.generators/Modules/Unity.AI.Mesh/Components/GenerationSelector/GenerationSelector.uxml using Guid(d03aca322b5c44a7cbf282851e70b338) (ScriptedImporter) -> (artifact id: '394d92fe84df9c76889d863d6ec80cf2') in 0.0180873 seconds
Start importing Packages/com.unity.ai.generators/Modules/Unity.AI.Image/Components/DoodlePad/DoodlePad.uxml using Guid(e0541da510164f01af7a8d847ce6a7d0) (ScriptedImporter) -> (artifact id: '8538875326215df2b608870549f978db') in 0.0144303 seconds
Start importing Packages/com.unity.memoryprofiler/Editor/UI/Analysis/Breakdowns/Summary/GenericMemorySummary/GenericMemorySummaryView.uxml using Guid(e0fa9dca4a493bf47b10175e110cac37) (ScriptedImporter) -> (artifact id: '5809025f495625e99c9ee77a0c9a792a') in 0.0147798 seconds
Start importing Packages/com.unity.ai.generators/Modules/Unity.AI.Animate/Components/GenerationSelector/GenerationTile.uxml using Guid(f0949f3bceb37394baa39dbfe92e57d5) (ScriptedImporter) -> (artifact id: '8873eac9e435a3cb0297e86ed7bf4e3a') in 0.0095779 seconds
Start importing Packages/com.unity.memoryprofiler/Editor/UI/Analysis/Breakdowns/Shared/BreakdownViewController/BreakdownView.uxml using Guid(01be1ca7b1544f246b5302f05d9e8c5e) (ScriptedImporter) -> (artifact id: '9f5c2f7394b1a8ea5acb60ec9d2db7e5') in 0.0147004 seconds
Start importing Packages/dev.yarnspinner.unity/Editor/Editors/YarnSpinnerEditorWindow.uxml using Guid(1184c485a8e5249aeb9253ff925af9c7) (ScriptedImporter) -> (artifact id: '37f97c84ea81790095c4471d7b4fa1c0') in 0.0288732 seconds
Start importing Packages/com.unity.ai.generators/Modules/Unity.AI.Mesh/Components/GenerationSelector/GenerationTile.uxml using Guid(31b9a9868725d4c2b9d0d09ef4e44006) (ScriptedImporter) -> (artifact id: '3afec31f64a3fb7a6a00366af09d6144') in 0.0091887 seconds
Start importing Packages/com.unity.ai.generators/Modules/Unity.AI.Mesh/Components/MeshGenerator/MeshGenerator.uxml using Guid(31e988dfb4bb44f7491eec317d28ed1c) (ScriptedImporter) -> (artifact id: 'c5f196d2136d710e489005ddfebeec6b') in 0.0208256 seconds
Start importing Packages/com.unity.2d.enhancers/Editor/Overlays/AIPanel/DragAndDropArea/DragAndDropArea.uxml using Guid(5155d3f5e7174122bbcccc85ee1fb63b) (ScriptedImporter) -> (artifact id: '6667ca2ac74a8d942050b657b212deeb') in 0.0109453 seconds
Start importing Packages/com.unity.ai.generators/Modules/Unity.AI.Image/Components/ImageReference/LineArtImageReference.uxml using Guid(81634f144e1bb7849b77edf12f37c375) (ScriptedImporter) -> (artifact id: 'be55f62821a760bc84afa717738b8b74') in 0.0101403 seconds
Start importing Packages/com.unity.ai.generators/Modules/Unity.AI.Animate/Components/RefinementModeTabView/RefinementModeTabView.uxml using Guid(9182324df5ac6074abfe9e64af254076) (ScriptedImporter) -> (artifact id: '981c6f6e803549d2c7bb5a1f0a5f5094') in 0.0091079 seconds
Start importing Packages/com.unity.ai.generators/Modules/Unity.AI.Pbr/Components/ImageReference/BaseImageReference.uxml using Guid(b128ce3504bb4409b902969854ad766d) (ScriptedImporter) -> (artifact id: 'b618d0e12ff5fea2aaa3e6b01b391cb7') in 0.0105558 seconds
Start importing Packages/com.unity.ai.generators/Modules/Unity.AI.Image/Components/SearchBar/SearchBar.uxml using Guid(c146210183484606a36cccb564817b7f) (ScriptedImporter) -> (artifact id: '0be029f200b9ff070897bbb8a358b2f2') in 0.0078736 seconds
Start importing Packages/com.unity.ai.generators/Modules/Unity.AI.Image/Components/ModelTitleCard/ModelTitleCard.uxml using Guid(c168aaf6d00d49ecb361cb1d157be822) (ScriptedImporter) -> (artifact id: 'fdab20fa3fb00ec5f2edbbc2ec10ef06') in 0.009375 seconds
Start importing Packages/com.unity.ai.generators/Modules/Unity.AI.Sound/Components/GenerationSelector/GenerationSelector.uxml using Guid(d1e546bc31bf34446b4ba18a078473a2) (ScriptedImporter) -> (artifact id: '0f4db23d16331df9b3b5f83f8b4e08db') in 0.0110434 seconds
Start importing Packages/com.unity.memoryprofiler/Editor/UI/Analysis/Breakdowns/Summary/Controls/TopIssues/SnapshotIssuesView.uxml using Guid(d13df8c4e2cc4ae419c8a909d99fe77f) (ScriptedImporter) -> (artifact id: '08e07d2f396439bf6126fd32a3a8aa8f') in 0.0080604 seconds
Start importing Packages/com.unity.ai.generators/Modules/Unity.AI.Pbr/Components/GenerationSelector/GenerationSelector.uxml using Guid(12a96af775e3df643824d974cbd3cf60) (ScriptedImporter) -> (artifact id: '39ba3f10df9803f62a8509dd3ec1c144') in 0.0098616 seconds
Start importing Packages/com.unity.memoryprofiler/Editor/UI/Analysis/Breakdowns/UnityObjects/Comparison/UnityObjectsComparisonView.uxml using Guid(22b678e6f811eec4782c655ff73c2677) (ScriptedImporter) -> (artifact id: 'c3b361ef85419e9503ce95dd1aef064f') in 0.0308481 seconds
Start importing Packages/com.unity.memoryprofiler/Editor/UI/UIElements/InfoBox/InfoBox.uxml using Guid(3212e6591d8f2cf4d86dcc1b3687cf9d) (ScriptedImporter) -> (artifact id: 'e50ff69786d1b4147b13ed4dd211fb58') in 0.0111827 seconds
Start importing Packages/com.unity.ai.generators/Modules/Unity.AI.Mesh/Components/ModelTitleCard/ModelTitleCard.uxml using Guid(329b96de9a9024146a4312f276a18a28) (ScriptedImporter) -> (artifact id: 'df8fb2e2861b9965b26de005824cc500') in 0.0088652 seconds
Start importing Packages/com.unity.memoryprofiler/Editor/UI/Analysis/Breakdowns/Summary/ResidentMemorySummary/ResidentMemoryDetailsView.uxml using Guid(72d11bd2c44a8c24195879efaa3af5a3) (ScriptedImporter) -> (artifact id: 'b8bb1f0b1b342ef0c3fc3b32f95ecda9') in 0.0152312 seconds
Start importing Packages/com.unity.cloud.gltfast/Editor/UI/ReportItem.uxml using Guid(727aa1886d86e4b3faa4ca8f263a6ee4) (ScriptedImporter) -> (artifact id: 'cf9a3fc1d6425733dc49ff50c3cf07b3') in 0.0126827 seconds
Start importing Packages/com.unity.ai.generators/Modules/Unity.AI.Image/Components/RefinementModeTabView/RefinementModeTabView.uxml using Guid(a2f3d9b822e0f8c45a7e4f0f2d1796c2) (ScriptedImporter) -> (artifact id: '11a5be70b0a1145a90d261a7696cf1ac') in 0.0081759 seconds
Start importing Packages/com.unity.ai.generators/Modules/Unity.AI.Image/Components/SpritesheetTrim/SpritesheetTrim.uxml using Guid(d22c7c552205c4343988860e0f7098ae) (ScriptedImporter) -> (artifact id: 'a547fbbc4097d7ebd39661f51c231091') in 0.0122071 seconds
Start importing Packages/com.unity.ai.generators/Modules/Unity.AI.ModelSelector/Components/SearchBar/SearchBar.uxml using Guid(d26c4ed2c08e68943af7bde85fb32fc1) (ScriptedImporter) -> (artifact id: '897a28f05f392b9ea8f82f346047671e') in 0.0089263 seconds
Start importing Packages/com.unity.ai.generators/Modules/Unity.AI.Image/Components/AddToPromptButton/OperatorTemplate.uxml using Guid(49b4a86ed2a5ef64a8127ceac7bc0469) (ScriptedImporter) -> (artifact id: '9c071c14f941cb56824253445f56a433') in 0.0091491 seconds
Start importing Packages/com.unity.ai.generators/Modules/Unity.AI.Image/Components/AddToPromptButton/AddToPromptView.uxml using Guid(d28ec201e179060458bef0c852d1b728) (ScriptedImporter) -> (artifact id: '0534104cd1a51f9cff8917b7a3c64935') in 0.0133647 seconds
Start importing Packages/com.unity.ai.generators/Modules/Unity.AI.Image/Components/ImageReference/BaseImageReference.uxml using Guid(43501027274c4f36af1f20f8e802ea30) (ScriptedImporter) -> (artifact id: '6caa979eb325d09a248d0410aa66e3d4') in 0.0143756 seconds
Start importing Packages/com.unity.memoryprofiler/Editor/UI/Analysis/Breakdowns/Summary/SummaryView.uxml using Guid(63f1db43e50fc4f4288f3d1b1c3d9078) (ScriptedImporter) -> (artifact id: '2fad938ada03cd5fed7f96c50968a1f1') in 0.0140526 seconds
Start importing Packages/com.unity.ai.generators/Modules/Unity.AI.Animate/Components/Prompt/Prompt.uxml using Guid(632a51615567fb8458056c9fb6c27c05) (ScriptedImporter) -> (artifact id: '13358c24aa469c505eb83618fd2d2b0f') in 0.0085003 seconds
Start importing Packages/com.unity.ai.generators/Modules/Unity.AI.Sound/Components/SearchBar/SearchBar.uxml using Guid(833d31884f49d4c20ba82e44495a7d7b) (ScriptedImporter) -> (artifact id: 'fb72f623e15b073a48008b839a1feaab') in 0.0075955 seconds
Start importing Packages/com.unity.ai.toolkit/Modules/Accounts/Components/DropdownLoading/DropdownLoading.uxml using Guid(a3e647301ad44d5a8cd55acd97c3a3c1) (ScriptedImporter) -> (artifact id: '979df5ad2bf6e118e453476f114c23a7') in 0.0105235 seconds
Start importing Packages/com.unity.ai.generators/Modules/Unity.AI.Image/Components/ImageReferenceStack/ImageReferenceStack.uxml using Guid(b3d220fcaab14144eaa239a54ee7aab7) (ScriptedImporter) -> (artifact id: '22198df8c59ef2071ee5c754f3bde097') in 0.0121778 seconds
Start importing Packages/com.unity.ai.generators/Modules/Unity.AI.Generators.UI/Components/MultiSlider/MultiSlider.uxml using Guid(d3c6f2541476dab4eb75193173d45cf4) (ScriptedImporter) -> (artifact id: 'cea5f575f2134d405d499b245db59be5') in 0.0080391 seconds
Start importing Packages/com.unity.memoryprofiler/Editor/UI/Analysis/Breakdowns/AllTrackedMemory/Table/Cells/AllTrackedMemoryDescriptionCell.uxml using Guid(d3870303fc2b9fe44955a75502a2acbe) (ScriptedImporter) -> (artifact id: '27156434420e6f05e3d4fc605da41116') in 0.0110741 seconds
Start importing Packages/com.unity.ai.generators/Modules/Unity.AI.Sound/Components/Prompt/Prompt.uxml using Guid(34aec50dd67248cfa3e0d1acbe6829a6) (ScriptedImporter) -> (artifact id: 'b041b81d23b8cee9be19ee0a3e559c70') in 0.0096135 seconds
Start importing Packages/com.unity.memoryprofiler/Editor/UI/Analysis/Breakdowns/UnityObjects/Comparison/Cells/DeltaBarCell.uxml using Guid(44d6ee5b4285ab849bc6a0c4e6c7f526) (ScriptedImporter) -> (artifact id: '4bfdd2eb1d343fa3b2a58771aa5684c7') in 0.0107483 seconds
Start importing Packages/com.unity.ai.generators/Modules/Unity.AI.Animate/Components/AnimateLoop/AnimateLoop.uxml using Guid(94e75d69ffa24e3bafc52e1f895f1db7) (ScriptedImporter) -> (artifact id: '7f5b60bf9a3dba011285c77f1a2f9870') in 0.0179012 seconds
Start importing Packages/com.unity.ai.generators/Modules/Unity.AI.Sound/Components/InputReference/InputReferenceHeader.uxml using Guid(f60ce65936a7b4def9e040c63e80da50) (ScriptedImporter) -> (artifact id: '802da7917cb0ef29d09826b987ea8007') in 0.0102427 seconds
Start importing Packages/com.unity.ai.generators/Modules/Unity.AI.Sound/Components/InputReference/SoundReference.uxml using Guid(a4ba6fe982da54768a437a60eb30302e) (ScriptedImporter) -> (artifact id: 'd531ab9685f796fc0c2fb1449b8f28e7') in 0.0194215 seconds
Start importing Packages/com.unity.ai.generators/Modules/Unity.AI.Mesh/Components/ImageReference/ImageReferenceObjectField.uxml using Guid(b4a7c0f36c424d5d8e8df076eb49574a) (ScriptedImporter) -> (artifact id: '16b736aaaf4cbc87031ec8da93615820') in 0.009514 seconds
Start importing Packages/com.unity.ai.toolkit/Modules/Accounts/Components/Points/PointsBeta.uxml using Guid(d4131479e63db2a4fb3545120497a068) (ScriptedImporter) -> (artifact id: 'a7002ea647a4de5d5db230bfdc4b0289') in 0.0098084 seconds
Start importing Packages/com.unity.memoryprofiler/Editor/UI/Analysis/Breakdowns/UnityObjects/Table/UnityObjectsTableView.uxml using Guid(e43db30ef43ddfd44bea11154f274126) (ScriptedImporter) -> (artifact id: '068fb2b1b3f7049498616d1a9940c111') in 0.0111885 seconds
Start importing Packages/com.unity.ai.assistant/Editor/Assistant/AssetGenerators/UI/GenerationPreviewElement.uxml using Guid(f4e35daf0c8441eca92832351b11ca6e) (ScriptedImporter) -> (artifact id: 'fdf6e1134e0d268c9508a4c509a85aeb') in 0.0106905 seconds
Start importing Packages/com.unity.ai.generators/Modules/Unity.AI.Image/Components/ImageReference/PaletteImageReference.uxml using Guid(458b3f27a7f344e899baeb1004bd3e50) (ScriptedImporter) -> (artifact id: '0c3d61f1f330345d622c5a972c0dbc43') in 0.0171858 seconds
Start importing Packages/com.unity.ai.generators/Modules/Unity.AI.Image/Components/VideoPreview/VideoPreview.uxml using Guid(5516d502ac9544644bc8e580cc6e9424) (ScriptedImporter) -> (artifact id: '96dcd125da347526c218349f871eed12') in 0.0082965 seconds
Start importing Packages/com.unity.ai.generators/Modules/Unity.AI.Pbr/Components/ModelTitleCard/ModelTitleCard.uxml using Guid(5508b0561d6dcc24589cc5e33113e9cf) (ScriptedImporter) -> (artifact id: 'd08fc7bda6c9f8a00bad69c5ea8d1474') in 0.009054 seconds
Start importing Packages/com.unity.ai.generators/Modules/Unity.AI.Image/Components/GenerationSelector/GenerationSelector.uxml using Guid(65a0b633237b1c94499a8b1af8cc15b7) (ScriptedImporter) -> (artifact id: '2c1893709887b509ec3ad8ab7bf1e17f') in 0.0120516 seconds
Start importing Packages/com.unity.ai.toolkit/Modules/Accounts/Components/Debugger/Debugger.uxml using Guid(65d1c76e9c5741d1a5fc3a4a672feab5) (ScriptedImporter) -> (artifact id: '0dbb9d35056eaa1892a2c1e6930c5ead') in 0.016139 seconds
Start importing Packages/com.unity.ai.generators/Modules/Unity.AI.ModelSelector/Components/ModelSelector/ModelTileCarousel.uxml using Guid(75168b291524b3f499d1daa717bdc610) (ScriptedImporter) -> (artifact id: '36357ef7cd03dfde2e624b96676cfd7e') in 0.0091235 seconds
Start importing Packages/com.unity.ai.generators/Modules/Unity.AI.Pbr/Windows/GenerationMetadataWindow/GenerationMetadataWindow.uxml using Guid(a56763518ea26f146bf2a127fcb3c4c0) (ScriptedImporter) -> (artifact id: '53e49aed982273e8f4a9b3453cc1d8c5') in 0.0128824 seconds
Start importing Packages/com.unity.ai.inference/Editor/Visualizer/VisualTrees/Inspector.uxml using Guid(c5dd74802ce4c49168d0cc4eeafbe815) (ScriptedImporter) -> (artifact id: 'd75d3e53815074061830c3b8ca03c8d3') in 0.0131969 seconds
Start importing Packages/com.unity.memoryprofiler/Editor/UI/UIElements/ObjectOrTypeLabel/ObjectOrTypeLabel.uxml using Guid(d5780d6f2a7371a48bd79da612d8b6c4) (ScriptedImporter) -> (artifact id: '554b25c41d74b33b4a9b1dd3df469751') in 0.0093003 seconds
Start importing Packages/com.unity.memoryprofiler/Editor/UI/Workbench/DetailView/ObjectDetailsView.uxml using Guid(d59d3235bf801c14383c88017210b25d) (ScriptedImporter) -> (artifact id: '07c5f512c62db7caca596fd434e45117') in 0.0225917 seconds
Start importing Packages/com.unity.memoryprofiler/Editor/UI/Workbench/SnapshotFilesListItem/SnapshotFileTreeItemView.uxml using Guid(46bad64fdea94844ab28ccdf53f81d62) (ScriptedImporter) -> (artifact id: 'babbd0fb339351c193c63e1aac3a0367') in 0.0157392 seconds
Start importing Packages/com.unity.ai.generators/Modules/Unity.AI.Pbr/Components/GenerateButton/GenerateButton.uxml using Guid(6631e6a96c512f646819a96384de14db) (ScriptedImporter) -> (artifact id: 'd230cd1c993bb9c135625c4bfdec11b4') in 0.0110694 seconds
Start importing Packages/com.unity.ai.generators/Modules/Unity.AI.ModelSelector/Components/ModelSelector/ModelView.uxml using Guid(96258684516e2874ba36d1205ac27f27) (ScriptedImporter) -> (artifact id: '20aeaec7e9b3635528b9bf1a2992cc79') in 0.0218268 seconds
Start importing Packages/com.unity.ai.generators/Modules/Unity.AI.Image/Panels/RemoveBackgroundPanel/RemoveBackgroundPanel.uxml using Guid(9667c42b48ee142878fd2a04fc680173) (ScriptedImporter) -> (artifact id: '1928a2bd08cb5d818d05ac4e38b6a1ad') in 0.0114346 seconds
Start importing Packages/com.unity.ai.generators/Modules/Unity.AI.Image/Panels/PixelatePanel/PixelatePanel.uxml using Guid(a63d374988e194071962326bb3128e85) (ScriptedImporter) -> (artifact id: 'ba3b12aa6dac45807c4d8a449d487dd5') in 0.0119115 seconds
Start importing Packages/com.unity.memoryprofiler/Editor/UI/Analysis/AnalysisTabBarView.uxml using Guid(c6e4b2cc6ed5ca245a88ee690b17b4c0) (ScriptedImporter) -> (artifact id: 'fdf42f58bd5193eed3af2d320772310b') in 0.0094943 seconds
Start importing Packages/com.unity.ai.toolkit/Modules/Accounts/Components/Spinner/Spinner.uxml using Guid(d6124d933beb463e919b1e86e1f5237a) (ScriptedImporter) -> (artifact id: '448de7075b3f8ed3121d225db8a4ac65') in 0.0079712 seconds
Start importing Packages/com.unity.ai.generators/Modules/Unity.AI.Image/Components/ImageReference/FeatureImageReference.uxml using Guid(f69aa3a81cc3dc943a6920c1a6cf3ad8) (ScriptedImporter) -> (artifact id: '69623d92c22a05f467620a81bd99a2bb') in 0.0104723 seconds
Start importing Packages/com.unity.ai.generators/Modules/Unity.AI.Image/Components/GenerationSelector/GenerationTile.uxml using Guid(073365ff9375e0b489673e70a39987d6) (ScriptedImporter) -> (artifact id: '252d9e24680103856e91be887293bc97') in 0.0085344 seconds
Start importing Packages/com.unity.memoryprofiler/Editor/UI/UIElements/Ribbon/Ribbon.uxml using Guid(1778119d7c1cfb4439c2941f9591fd35) (ScriptedImporter) -> (artifact id: 'e2b796940987704df060cfc08a46e0de') in 0.0115549 seconds
Start importing Packages/com.unity.ai.generators/Modules/Unity.AI.ModelSelector/Components/ModelTitleCard/ModelTitleCard.uxml using Guid(175e2da9b76a22144bbd1881fa7444ac) (ScriptedImporter) -> (artifact id: 'd3f936df72d4e7ea3adf640c905b3dc6') in 0.0085839 seconds
Start importing Packages/com.unity.2d.enhancers/Editor/Overlays/ToolSettingsOverlay/ToolSettingsOverlay.uxml using Guid(2736913699924636b0b430755358d452) (ScriptedImporter) -> (artifact id: 'fb11f10c7f1c5335ee1e60eb10d16bea') in 0.010219 seconds
Start importing Packages/com.unity.ai.generators/Modules/Unity.AI.Image/Windows/GenerationMetadataWindow/GenerationMetadataWindow.uxml using Guid(373566c034250f94ba139b537cfbb861) (ScriptedImporter) -> (artifact id: '3a9b931d305aafaa2a5b9a4d56cd81a4') in 0.0212119 seconds
Start importing Packages/com.unity.memoryprofiler/Editor/UI/Workbench/DetailView/DetailsView.uxml using Guid(47e58f70d0330e54e8449ea200197ef4) (ScriptedImporter) -> (artifact id: 'fe1869c856733f20bfff0f6f57c9945c') in 0.0104082 seconds
Start importing Packages/com.unity.2d.enhancers/Editor/Overlays/AIPanel/AIPanel.uxml using Guid(47867ec61fa3482aa3b4a68960be55a0) (ScriptedImporter) -> (artifact id: 'f099a0b47c4612eb2e73fa25decade12') in 0.0130305 seconds
Start importing Packages/com.unity.ai.toolkit/Modules/Accounts/Components/AIDropdown/AIDropdownManageAccount.uxml using Guid(57144c5138a7e09478ccb44a6fea7f51) (ScriptedImporter) -> (artifact id: 'b37a4fd9a47550b0a454de52390ac423') in 0.0133764 seconds
Start importing Packages/com.unity.ai.generators/Modules/Unity.AI.Image/Components/ImageReference/FirstImageReference.uxml using Guid(67c5817a2a2d0c149ba3b852a5b6714c) (ScriptedImporter) -> (artifact id: '5da929fe764b918056a7b17b48a71a65') in 0.0116073 seconds
Start importing Packages/com.unity.memoryprofiler/Editor/UI/Workbench/SnapshotFilesList/SnapshotFilesListView.uxml using Guid(87018144588dc0643b5a69ad32eb2571) (ScriptedImporter) -> (artifact id: '190687c8cd2115d82fc4a6c8ba384586') in 0.0128612 seconds
Start importing Packages/com.unity.ai.generators/Modules/Unity.AI.Image/Panels/InpaintingPanel/InpaintingPanel.uxml using Guid(9719f851bc9fc4e76ac89fd2982afd92) (ScriptedImporter) -> (artifact id: '549d79cac8a6747cb6a8491a8204b7d0') in 0.0181905 seconds
Start importing Packages/com.unity.memoryprofiler/Editor/UI/Analysis/Breakdowns/Shared/Comparison/ComparisonView.uxml using Guid(c7699cc627afa2943b34e839e48b88af) (ScriptedImporter) -> (artifact id: '2b1d1a41f2cdcea5e7e23fa2da72ee91') in 0.0227063 seconds
Start importing Packages/com.unity.cloud.gltfast/Editor/UI/GltfImporter.uxml using Guid(d72633e56500240858af54bf878c907d) (ScriptedImporter) -> (artifact id: '8aa772006ae1b42f05775ecc2f030657') in 0.0234932 seconds
Start importing Packages/com.unity.memoryprofiler/Editor/UI/Analysis/Breakdowns/AllTrackedMemory/Table/AllTrackedMemoryTableView.uxml using Guid(e7ac30fe2b076984e978d41347c5f0e0) (ScriptedImporter) -> (artifact id: 'aab51b02102cb332488124c52858df29') in 0.0127193 seconds
Start importing Packages/com.unity.ai.generators/Modules/Unity.AI.Image/Components/DoodleView/DoodleView.uxml using Guid(f7b9a0b3be7f49cd960f8a9271b694b1) (ScriptedImporter) -> (artifact id: '5ae0c9021586304f07f71d0c7cfa8c7c') in 0.0239 seconds
Start importing Packages/com.unity.ai.generators/Modules/Unity.AI.Sound/Components/SoundGenerator/SoundGenerator.uxml using Guid(082a1ea915297411d845cff1e2d3b12d) (ScriptedImporter) -> (artifact id: 'f42de442cc7938d4130b883c18b2957e') in 0.0208899 seconds
Start importing Packages/com.unity.memoryprofiler/Editor/UI/Workbench/DetailView/TypeDetailsView.uxml using Guid(28e8ee6a14a922648a9253b05a4fbb9d) (ScriptedImporter) -> (artifact id: '6586d9086f409d605465071606184bf0') in 0.0161265 seconds
Start importing Packages/com.unity.memoryprofiler/Editor/ProfilerModule/MemoryProfilerModuleView.uxml using Guid(48d21a1a975e6e44faaf6d938009e4f6) (ScriptedImporter) -> (artifact id: 'ac604af17feaaf7af82e81465e51dd23') in 0.0192927 seconds
Start importing Packages/com.unity.ai.generators/Modules/Unity.AI.Animate/Components/GenerateButton/GenerateButton.uxml using Guid(48befb51981582a45b5b3eac4e95b345) (ScriptedImporter) -> (artifact id: '6cb319e46216d241c938f847ce47aff2') in 0.0095803 seconds
Start importing Packages/com.unity.ai.generators/Modules/Unity.AI.Image/Components/ImageReference/CompositionImageReference.uxml using Guid(78f82edfa54022f4186a3e54c5f72270) (ScriptedImporter) -> (artifact id: '9a38b541fe35b5acbfac9c4ce8b85824') in 0.0126148 seconds
Start importing Packages/com.unity.ai.toolkit/Modules/Accounts/Components/Points/Points.uxml using Guid(b8faa100909948fead1ad5146c121b12) (ScriptedImporter) -> (artifact id: 'd9b1dcb88041d183679917c84633c2c5') in 0.009548 seconds
Start importing Packages/com.unity.ai.generators/Modules/Unity.AI.Sound/Windows/GenerationMetadataWindow/GenerationMetadataWindow.uxml using Guid(c8123571cf8f27d48a446bcfa44e2d7a) (ScriptedImporter) -> (artifact id: 'b9ce79f60ab230404865fbc0459c3c04') in 0.0112802 seconds
Start importing Packages/com.unity.ai.generators/Modules/Unity.AI.Sound/Components/SoundEnvelope/SoundEnvelope.uxml using Guid(09748f31a2e28d4459b3998e1578e429) (ScriptedImporter) -> (artifact id: '833070fefc771e3d5686087166f519cf') in 0.0128061 seconds
Start importing Packages/com.unity.memoryprofiler/Editor/UI/Analysis/Breakdowns/UnityObjects/Comparison/Cells/CountDeltaCell.uxml using Guid(196a7eaa275d6374fac3957485130321) (ScriptedImporter) -> (artifact id: 'eae5e55a0c4f25344535192b00f072e9') in 0.0082516 seconds
Start importing Packages/com.unity.ai.generators/Modules/Unity.AI.Animate/Components/ModelTitleCard/ModelTitleCard.uxml using Guid(391f88074693a694f8b35e1dfe2fefff) (ScriptedImporter) -> (artifact id: 'c6fc5b76419ea518fd33d6e019b0b750') in 0.0110565 seconds
Start importing Packages/com.unity.ai.generators/Modules/Unity.AI.Image/Panels/AIPanel/AIPanel.uxml using Guid(59b55a84b0044cb091d59cdbf8193312) (ScriptedImporter) -> (artifact id: 'c4b58123a3ded0f4d1e516e9f8dc9d85') in 0.0171634 seconds
Start importing Packages/com.unity.ai.generators/Modules/Unity.AI.Pbr/Components/RefinementModeTabView/RefinementModeTabView.uxml using Guid(796fb384281517548b265d4b2dbd9636) (ScriptedImporter) -> (artifact id: '852dde18f4785ebef607a788e82aee49') in 0.0086986 seconds
Start importing Assets/MCPForUnity/Editor/Windows/Components/Connection/McpConnectionSection.uxml using Guid(9943fa234c3a76a4198d2983bf96ab26) (ScriptedImporter) -> (artifact id: '6e8d7bc7ff35514db1dff7065fb3bcdb') in 0.0180579 seconds
Start importing Packages/com.unity.ai.generators/Modules/Unity.AI.Animate/Components/InputReference/InputReferenceHeader.uxml using Guid(d97e3c888c917634ba56b102110299e5) (ScriptedImporter) -> (artifact id: 'd63fbeb5615e1773dcb15b91cb74416e') in 0.0081039 seconds
Start importing Packages/com.unity.ai.generators/Modules/Unity.AI.Sound/Components/GenerationSelector/GenerationTile.uxml using Guid(d9af7d16822084db4b41714a9c122b95) (ScriptedImporter) -> (artifact id: '56a7fe62c4cd47752dfccd5ff8e6a5b8') in 0.0112145 seconds
Start importing Packages/com.unity.memoryprofiler/Editor/UI/Workbench/LoadedSnapshotsItem/LoadedSnapshotsItemView.uxml using Guid(f9914b6108ad70640b3d2b989f3feb35) (ScriptedImporter) -> (artifact id: 'b3c20a6b529b43d1e89e634835280521') in 0.0150768 seconds
Start importing Packages/com.unity.ai.generators/Modules/Unity.AI.Image/Components/StateDebugger/StateDebugger.uxml using Guid(4ad2a476ec87b594f9a5e1dc24cfe710) (ScriptedImporter) -> (artifact id: '0aeef531ce0cc75b59a43f7d836113fc') in 0.0122253 seconds
Start importing Packages/com.unity.ai.generators/Modules/Unity.AI.Image/Components/ImageReference/StyleImageReference.uxml using Guid(8a66db7ce159dba4e95517d50c4ed5f7) (ScriptedImporter) -> (artifact id: '0cc8ca2c2fa5620d344841f847232da4') in 0.0143798 seconds
Start importing Packages/com.unity.ai.generators/Modules/Unity.AI.Image/Components/GenerateButton/GenerateButton.uxml using Guid(fa89b78ed94cc864eace64188fc9c2d7) (ScriptedImporter) -> (artifact id: 'a9d697ab724f628571ab22511f95c085') in 0.0080199 seconds
Start importing Packages/com.unity.ai.generators/Modules/Unity.AI.Mesh/Windows/GenerationMetadataWindow/GenerationMetadataWindow.uxml using Guid(0b94ab83330664385aeb8c7c14f3b641) (ScriptedImporter) -> (artifact id: '2738d48537927ea6de171b00279131cf') in 0.0186312 seconds
Start importing Packages/com.unity.ai.generators/Modules/Unity.AI.Mesh/Components/ImageReference/ImageReferenceHeader.uxml using Guid(2b492f298a80426ca3d824171ce14ade) (ScriptedImporter) -> (artifact id: '58d402c4bb7be838e61e916024e86f57') in 0.0083075 seconds
Start importing Packages/com.unity.ai.generators/Modules/Unity.AI.Pbr/Components/Prompt/Prompt.uxml using Guid(2bb9a3830f69a9a41bbbc24738c0ef11) (ScriptedImporter) -> (artifact id: 'ee4fb6c376eec2621a0770b2b3a7d832') in 0.010276 seconds
Start importing Packages/com.unity.ai.generators/Modules/Unity.AI.Pbr/Components/MaterialGenerator/MaterialGenerator.uxml using Guid(3b4f7551ae6bb7044a80f2b6efac0961) (ScriptedImporter) -> (artifact id: 'ba6d2443040eb772963b36efe6052cc9') in 0.0370788 seconds
Start importing Packages/com.unity.ai.generators/Modules/Unity.AI.Image/Components/ImageReference/PromptImageReference.uxml using Guid(4bb686fe196b70c4192ebf03c26c378c) (ScriptedImporter) -> (artifact id: '9fe75bd31b1ab601912e92aa2c990015') in 0.0111723 seconds
Start importing Packages/com.unity.ai.generators/Modules/Unity.AI.Image/Panels/GeneratePanel/GeneratePanel.uxml using Guid(8b213c3db62e4cbeb2be5b2b6a433140) (ScriptedImporter) -> (artifact id: 'c26430874ff6402a0638a1b942bb30e3') in 0.0123491 seconds
Start importing Assets/MCPForUnity/Editor/Windows/Components/ClientConfig/McpClientConfigSection.uxml using Guid(abdb7edaa375af049bd795c7a8b8a613) (ScriptedImporter) -> (artifact id: '76828ac72352d5802272cb758da1c7f1') in 0.0136735 seconds
Start importing Packages/com.unity.ai.generators/Modules/Unity.AI.Sound/Components/ModelTitleCard/ModelTitleCard.uxml using Guid(ebcf5b4e1e2bd4c9e999af0a48feae40) (ScriptedImporter) -> (artifact id: 'b088951346cf653dd3a8138cbc81eda1') in 0.0077112 seconds
Start importing Packages/com.unity.ai.generators/Modules/Unity.AI.Mesh/Components/Prompt/Prompt.uxml using Guid(fb52947deb135441599886aa447e4e93) (ScriptedImporter) -> (artifact id: 'c43248fc8dc885c4facc23c82c926d3b') in 0.0096624 seconds
Start importing Assets/MCPForUnity/Editor/Windows/EditorPrefs/EditorPrefsWindow.uxml using Guid(0cfa716884c1445d8a5e9581bbe2e9ce) (ScriptedImporter) -> (artifact id: '21b52f202fe8879e1439928df239c46d') in 0.0166127 seconds
Start importing Packages/com.unity.ai.toolkit/Modules/Accounts/Components/AIDropdown/AIDropdownViewDocumentation.uxml using Guid(4cf2496196835e94784ca212389875eb) (ScriptedImporter) -> (artifact id: '106f48686db894d968df4576638c71b6') in 0.0104464 seconds
Start importing Packages/com.unity.ai.generators/Modules/Unity.AI.Image/Panels/RecolorPanel/RecolorPanel.uxml using Guid(8c818444fafe640bf886a90595265cfe) (ScriptedImporter) -> (artifact id: '568ad4701ed4cfc4abea59bd4255cf16') in 0.0130966 seconds
Start importing Packages/com.unity.ai.generators/Modules/Unity.AI.Pbr/Components/GenerationSelector/GenerationTile.uxml using Guid(9cb4832b58bdd4f41a1117b33fd984ba) (ScriptedImporter) -> (artifact id: '23c74238088d907595f86e95901cc751') in 0.0111125 seconds
Start importing Packages/com.unity.ai.generators/Modules/Unity.AI.Mesh/Components/ImageReference/BaseImageReference.uxml using Guid(9c48693ca3551364da931c2af8400a9e) (ScriptedImporter) -> (artifact id: 'eea1783f0d42ec4aec13901bacecbefe') in 0.0140604 seconds
Start importing Packages/com.unity.memoryprofiler/Editor/UI/Analysis/Breakdowns/MemoryMap/MemoryMapBreakdownView.uxml using Guid(bc16108acf3b6484aa65bf05d6048e8f) (ScriptedImporter) -> (artifact id: 'c947f3a875d47c7f9ed5e6c6fd6ea1da') in 0.0132851 seconds
Start importing Packages/com.unity.memoryprofiler/Editor/UI/Workbench/DetailView/SimpleDetailsView.uxml using Guid(dce00b5b2cee4394b9ffaceac3da7925) (ScriptedImporter) -> (artifact id: '440d0e3382180799182866c11182ebe3') in 0.0115676 seconds
Start importing Packages/com.unity.ai.generators/Modules/Unity.AI.Animate/Components/GenerationSelector/GenerationSelector.uxml using Guid(0dd80b5ccc95e9c4ea5a810cbdf16823) (ScriptedImporter) -> (artifact id: 'ec48f28719db477a9d8df8b2904bfb78') in 0.0102499 seconds
Start importing Packages/com.unity.ai.generators/Modules/Unity.AI.Animate/Components/AnimateGenerator/AnimateGenerator.uxml using Guid(0dd81d44f317d0544b477884bbf459df) (ScriptedImporter) -> (artifact id: 'a016e2e2953396c3f18f4d3e2b569fec') in 0.028097 seconds
Start importing Packages/com.unity.memoryprofiler/Editor/UI/Workbench/MemoryProfilerView.uxml using Guid(3dd0da5afd7349e46be51745993b4f81) (ScriptedImporter) -> (artifact id: '02d969af840b1dfe00cc1d691dcd4ff1') in 0.0157352 seconds
Start importing Packages/com.unity.cloud.gltfast/Editor/UI/Dependency.uxml using Guid(4df82ef208e584428bdb29715790cd6f) (ScriptedImporter) -> (artifact id: 'bbf2ffeaab6fa2eeb3af028fb372b4c8') in 0.0075484 seconds
Start importing Packages/com.unity.memoryprofiler/Editor/UI/Workbench/CaptureToolbar/CaptureToolbarView.uxml using Guid(5d1afd1dbd49ed94a9b738d9b174701f) (ScriptedImporter) -> (artifact id: 'b2066d3a2caab05e97c0a423159d1b9b') in 0.0156638 seconds
Start importing Packages/com.unity.ai.generators/Modules/Unity.AI.Image/Panels/SpritesheetPanel/SpritesheetPanel.uxml using Guid(7d0c5ff77360f114aa169e81774613f5) (ScriptedImporter) -> (artifact id: 'efc1a2192fe36c6c4f76766a02a5a925') in 0.015614 seconds
Start importing Packages/com.unity.ai.toolkit/Modules/Accounts/Components/AIDropdown/AIDropdown.uxml using Guid(ad13dd34bad84bb3ba3b55d02e96c7f4) (ScriptedImporter) -> (artifact id: '8fe9622312b3db611a19573de3c9fd0d') in 0.0110226 seconds
Start importing Packages/com.unity.ai.toolkit/Modules/Accounts/Components/LegalAgreement/LegalAgreement.uxml using Guid(dd053df9fe9c474fbf69d72869679c77) (ScriptedImporter) -> (artifact id: 'b49b9f5c15b9a9646be7f40ffd4e2038') in 0.0134768 seconds
Start importing Packages/com.unity.ai.toolkit/Modules/Accounts/Components/AIDropdown/AIDropdownCheckUpdates.uxml using Guid(dd452babd8788944ebff5b3b77cca91b) (ScriptedImporter) -> (artifact id: 'f6942bfb4d13f83b730cdf8045f24c6e') in 0.0065432 seconds
Start importing Packages/com.unity.ai.generators/Modules/Unity.AI.Image/Components/ImageReference/PoseImageReference.uxml using Guid(0e91e26cb3536a14997a861e6ca72d36) (ScriptedImporter) -> (artifact id: '554d269ac9d63361ce0e08c05b9f1b49') in 0.0136117 seconds
Start importing Packages/com.unity.ai.generators/Modules/Unity.AI.Pbr/Components/ImageReference/PromptImageReference.uxml using Guid(6e24e876b51d4beea60f51610d40f8f0) (ScriptedImporter) -> (artifact id: '1063ac9e9071a69275619c77765466b6') in 0.0099279 seconds
Start importing Packages/com.unity.ai.generators/Modules/Unity.AI.Mesh/Components/StateDebugger/StateDebugger.uxml using Guid(8eba3a274133f4fcea2b7f387afca657) (ScriptedImporter) -> (artifact id: '07f2b48b78ea796666b14b9db7d22bc4') in 0.0104662 seconds
Start importing Packages/com.unity.ai.generators/Modules/Unity.AI.Animate/Components/InputReference/InputReferenceObjectField.uxml using Guid(6fcfe2fa35e883a4884455b873dd8fd0) (ScriptedImporter) -> (artifact id: '835a269f3e71a9e6f24087534383f0ec') in 0.0111835 seconds
Start importing Packages/com.unity.ai.generators/Modules/Unity.AI.Animate/Components/InputReference/VideoReference.uxml using Guid(cefa1e631590aa44cba3fd76c26b7b39) (ScriptedImporter) -> (artifact id: '2de77711834e4231a79593a8d0d41da3') in 0.0173948 seconds
Start importing Packages/com.unity.ai.generators/Modules/Unity.AI.Image/Components/ImageReference/DepthImageReference.uxml using Guid(fec3c8d565bc7894288dcfead05eedc1) (ScriptedImporter) -> (artifact id: 'ec3bfd676ee7dada2dea2aebee5f8ae4') in 0.0127318 seconds
Start importing Packages/com.unity.memoryprofiler/Editor/UI/Analysis/Breakdowns/UnityObjects/Table/Cells/UnityObjectsDescriptionCell.uxml using Guid(1fec5c07542077c4d81d5cb90b89c7b3) (ScriptedImporter) -> (artifact id: 'b98e124069da528a0925380f178dc602') in 0.0110269 seconds
Start importing Packages/com.unity.2d.enhancers/Editor/Overlays/GenerationResultOverlay/GenerationResultOverlay.uxml using Guid(1f3f82f9a4f84b99976509873011d8f6) (ScriptedImporter) -> (artifact id: '8a4e96b80758373f8dacf332a9f3b49a') in 0.0072035 seconds
Start importing Packages/com.unity.memoryprofiler/Editor/UI/Workbench/LoadedSnapshots/LoadedSnapshotsView.uxml using Guid(2fbcb3a795f2b2c4188681b0720ee76c) (ScriptedImporter) -> (artifact id: 'eba88d1ebaf04b72786f7f7b45cff24d') in 0.011853 seconds
Start importing Packages/com.unity.ai.generators/Modules/Unity.AI.Image/Panels/UpscalePanel/UpscalePanel.uxml using Guid(5fa731e437e694120b3d43039d05566e) (ScriptedImporter) -> (artifact id: 'd35e980b9827cd913cfaabae55b0b37d') in 0.0117068 seconds
Start importing Packages/com.unity.ai.generators/Modules/Unity.AI.Mesh/Components/GenerateButton/GenerateButton.uxml using Guid(6f3125fec00ca41c6b81570a94581f30) (ScriptedImporter) -> (artifact id: '07429fda73d47dcdb9bf8b5db86db760') in 0.0087775 seconds
Start importing Packages/com.unity.ai.generators/Modules/Unity.AI.Generators.UI/Components/Splitter/Splitter.uxml using Guid(7f8ea8eef8da4d398c89716280619a1f) (ScriptedImporter) -> (artifact id: 'a6d0958c0806d0b5e9c5fa41739b0ab5') in 0.0088688 seconds
Start importing Packages/com.unity.ai.generators/Modules/Unity.AI.Image/Components/TextureGenerator/TextureGenerator.uxml using Guid(afad647d90577fc459960c04cbdb4dd4) (ScriptedImporter) -> (artifact id: 'd86c35a27fbb047aeeabfa18299320e3') in 0.0135138 seconds
Start importing Packages/com.unity.ai.generators/Modules/Unity.AI.Mesh/Components/ImageReference/PromptImageReference.uxml using Guid(bf619b2d8ab07d145a92d23ada3aff3e) (ScriptedImporter) -> (artifact id: 'da84ba6f772e4f400337c58718ee962c') in 0.0108081 seconds
Start importing Assets/MCPForUnity/Editor/Windows/MCPSetupWindow.uxml using Guid(bf9567b4c9d76a14e9476c2d47c4b017) (ScriptedImporter) -> (artifact id: '3cc20bbcf922ddb9cdaf7678a82c857c') in 0.01635 seconds
Start importing Packages/com.unity.ai.generators/Modules/Unity.AI.Animate/Components/LoopPreview/LoopPreview.uxml using Guid(bf7e9b136a6622842990b2df15401405) (ScriptedImporter) -> (artifact id: '5b130414ae116616e1b9d398ee70a4df') in 0.009332 seconds
Start importing Packages/com.unity.ai.toolkit/Modules/Accounts/Components/AIDropdownRoot/AIDropdownRoot.uxml using Guid(ef755a5860da4b40ac9b15f0ca748f84) (ScriptedImporter) -> (artifact id: '62a6054fc84a9fca9df6046afaa83bc3') in 0.008361 seconds
Loading style catalogs (6)
	StyleSheets/Extensions/base/common.uss
	UIPackageResources/StyleSheets/Default/Variables/Public/common.uss
	StyleSheets/Northstar/common.uss
	StyleSheets/Extensions/fonts/inter.uss
	StyleSheets/Extensions/base/dark.uss
	UIPackageResources/StyleSheets/Default/Northstar/Palette/dark.uss
Refreshing native plugins compatible for Editor in 8.30 ms, found 1 plugins.
Preloading 1 native plugins for Editor in 0.23 ms.
Asset Pipeline Refresh (id=d13b1bb416486494491714d952d70a81): Total: 114.655 seconds - Initiated by InitialRefreshV2(ForceSynchronousImport)
	Summary:
		Imports: total=496 (actual=496, local cache=0, cache server=0)
		Asset DB Process Time: managed=82 ms, native=33245 ms
		Asset DB Callback time: managed=1449 ms, native=17807 ms
		Scripting: domain reloads=1, domain reload time=3489 ms, compile time=58379 ms, other=202 ms
		Project Asset Count: scripts=1414, non-scripts=3841
		Asset File Changes: new=10, changed=41, moved=0, deleted=2
		Scan Filter Count: 0
	InvokeCustomDependenciesCallbacks: 0.002ms
	InvokePackagesCallback: 17765.570ms
	ApplyChangesToAssetFolders: 1.513ms
	Scan: 586.521ms
	OnSourceAssetsModified: 3.122ms
	CategorizeAssetsWithTransientArtifact: 203.402ms
	ProcessAssetsWithTransientArtifactChanges: 190.346ms
	UnregisterDeletedAssets: 0.006ms
	CategorizeAssets: 412.039ms
	ImportOutOfDateAssets: 31470.771ms (-45916.394ms without children)
		ImportManagerImport: 18999.441ms (3307.801ms without children)
			ImportInProcess: 15658.376ms
			UpdateCategorizedAssets: 33.264ms
		CompileScripts: 58378.629ms
		ReloadNativeAssets: 0.013ms
		UnloadImportedAssets: 1.743ms
		ReloadImportedAssets: 0.337ms
		EnsureUptoDateAssetsAreRegisteredWithGuidPM: 2.960ms
		InitializingProgressBar: 0.018ms
		PostProcessAllAssetNotificationsAddChangedAssets: 0.002ms
		OnDemandSchedulerStart: 4.020ms
	PostProcessAllAssets: 1469.959ms
	Hotreload: 21.681ms
	GatherAllCurrentPrimaryArtifactRevisions: 0.186ms
	UnloadStreamsBegin: 5.241ms
	PersistCurrentRevisions: 2.898ms
	UnloadStreamsEnd: 0.002ms
	GenerateScriptTypeHashes: 13.940ms
	Untracked: 62521.973ms

Application.AssetDatabase Initial Refresh End
Launched and connected shader compiler UnityShaderCompiler.exe after 0.12 seconds
Scanning for USB devices : 37.877ms
Initializing Unity extensions:
[MODES] ModeService[none].Initialize
[MODES] ModeService[none].LoadModes
[MODES] Loading mode Default (0) for mode-current-id-UnityChatNovelGame
Unloading 371 Unused Serialized files (Serialized files now loaded: 0)
Unloading 6074 unused Assets / (17.0 MB). Loaded Objects now: 6339.
Memory consumption went from 237.4 MB to 220.4 MB.
Total: 79.483500 ms (FindLiveObjects: 1.007100 ms CreateObjectMapping: 1.665800 ms MarkObjects: 66.308100 ms  DeleteObjects: 10.500800 ms)

Opening scene 'Assets/Scenes/ContentAuthoring.unity'
Unloading 7 Unused Serialized files (Serialized files now loaded: 0)
Loaded scene 'Assets/Scenes/ContentAuthoring.unity'
	Deserialize:            82.899 ms
	Integration:            832.643 ms
	Integration of assets:  6.757 ms
	Thread Wait Time:       0.412 ms
	Total Operation Time:   922.711 ms
[Licensing::Client] Successfully resolved entitlement details
Unloading 1 unused Assets / (0.5 KB). Loaded Objects now: 6467.
Memory consumption went from 186.7 MB to 186.7 MB.
Total: 40.910300 ms (FindLiveObjects: 0.696300 ms CreateObjectMapping: 0.529100 ms MarkObjects: 39.634700 ms  DeleteObjects: 0.048600 ms)

Start importing ProjectSettings/EditorBuildSettings.asset using Guid(0000000000000000b000000000000000) (LibraryAssetImporter) -> (artifact id: 'a218b928663a0c26dbff440bc84f5248') in 0.0045124 seconds
Refreshing native plugins compatible for Editor in 2.70 ms, found 1 plugins.
Preloading 1 native plugins for Editor in 0.18 ms.
Asset Pipeline Refresh (id=b66a3ef26f530a442a726179168d2d26): Total: 0.073 seconds - Initiated by StopAssetImportingV2(NoUpdateAssetOptions)
Start importing Assets/Scenes/ContentAuthoring.unity using Guid(91faa0a6e44b80f4cb147595c1a0e460) (DefaultImporter) -> (artifact id: 'eb2a675cf34812b4428121490ae89a4c') in 0.0019832 seconds
Refreshing native plugins compatible for Editor in 3.75 ms, found 1 plugins.
Preloading 1 native plugins for Editor in 0.17 ms.
Asset Pipeline Refresh (id=b3a34ff508519644aae26be9f7f50b07): Total: 0.114 seconds - Initiated by StopAssetImportingV2(NoUpdateAssetOptions)
Successfully set m_StartNode to FirstSlice_Start.
UnityEngine.Debug:ExtractStackTraceNoAlloc (byte*,int,string)
UnityEngine.StackTraceUtility:ExtractStackTrace ()
UnityEngine.DebugLogHandler:Internal_Log (UnityEngine.LogType,UnityEngine.LogOption,string,UnityEngine.Object)
UnityEngine.DebugLogHandler:LogFormat (UnityEngine.LogType,UnityEngine.Object,string,object[])
UnityEngine.Logger:Log (UnityEngine.LogType,object)
UnityEngine.Debug:Log (object)
SetupFirstSlice:Run () (at Assets/Scripts/Editor/SetupFirstSlice.cs:21)

(Filename: Assets/Scripts/Editor/SetupFirstSlice.cs Line: 21)

<b><color=#2EA3FF>MCP-FOR-UNITY</color></b>: No process found listening on port 8080
UnityEngine.Debug:ExtractStackTraceNoAlloc (byte*,int,string)
UnityEngine.StackTraceUtility:ExtractStackTrace ()
UnityEngine.DebugLogHandler:Internal_Log (UnityEngine.LogType,UnityEngine.LogOption,string,UnityEngine.Object)
UnityEngine.DebugLogHandler:LogFormat (UnityEngine.LogType,UnityEngine.Object,string,object[])
UnityEngine.Logger:Log (UnityEngine.LogType,object)
UnityEngine.Debug:Log (object)
MCPForUnity.Editor.Helpers.McpLog:Info (string,bool) (at Assets/MCPForUnity/Editor/Helpers/McpLog.cs:40)
MCPForUnity.Editor.Services.ServerManagementService:StopLocalHttpServerInternal (bool,System.Nullable`1<int>,bool) (at Assets/MCPForUnity/Editor/Services/ServerManagementService.cs:752)
MCPForUnity.Editor.Services.ServerManagementService:StopLocalHttpServer () (at Assets/MCPForUnity/Editor/Services/ServerManagementService.cs:511)
MCPForUnity.Editor.Services.McpEditorShutdownCleanup:OnEditorQuitting () (at Assets/MCPForUnity/Editor/Services/McpEditorShutdownCleanup.cs:60)
UnityEditor.EditorApplication:Internal_EditorApplicationQuit ()
SetupFirstSlice:Run () (at Assets/Scripts/Editor/SetupFirstSlice.cs:28)

(Filename: Assets/MCPForUnity/Editor/Helpers/McpLog.cs Line: 40)

[Physics::Module] Cleanup current backend.
[Physics::Module] Id: 0xf2b8ea05
Input System module state changed to: ShutdownInProgress.
Input System polling thread exited.
Input System module state changed to: Shutdown.
[Licensing::IpcConnector] LicenseClient-thank-notifications channel disconnected successfully.
[Licensing::IpcConnector] LicenseClient-thank channel disconnected successfully.
AcceleratorClientConnectionCallback - disconnected - :0
Cleanup mono
Checking for leaked weakptr:
  Found no leaked weakptrs.
[Package Manager] Server process was shutdown
##utp:{"type":"MemoryLeaks","version":2,"phase":"Immediate","time":1772377458564,"processId":25704,"allocatedMemory":15279689,"memoryLabels":[{"Default":29313},{"Permanent":15524},{"NewDelete":67419},{"Thread":4230344},{"Manager":34749},{"VertexData":8},{"Geometry":816},{"Texture":160},{"Shader":79379},{"Material":24},{"GfxDevice":55257},{"Animation":392},{"Audio":2664},{"FreeType":8},{"FontEngine":736},{"Physics":2090},{"Physics2D":16},{"Serialization":400},{"Input":14984},{"JobScheduler":33024},{"TextLib":216},{"Mono":32},{"MonoCode":256},{"ScriptingNativeRuntime":155060},{"BaseObject":1620272},{"Resource":1336},{"Renderer":3000},{"Transform":4685},{"File":6878},{"WebCam":616},{"Culling":32},{"Terrain":11394},{"Wind":24},{"STL":40},{"String":148156},{"DynamicArray":128813},{"HashMap":85704},{"Utility":2659590},{"Curl":2559},{"PoolAlloc":2776},{"AI":40},{"TypeTree":5341},{"ScriptManager":512},{"RuntimeInitializeOnLoadManager":64},{"SpriteAtlas":112},{"GI":7792},{"Director":8240},{"CloudService":78480},{"WebRequest":808},{"VR":47994},{"SceneManager":504},{"Video":64},{"LazyScriptCache":32},{"Camera":17},{"Secure":2113},{"SerializationCache":1576},{"APIUpdating":10320},{"Subsystems":336},{"VirtualTexturing":57888},{"StaticSafetyDebugInfo":278528},{"Analytics":384},{"Hierarchy":608},{"CoreStats":13032},{"Identifiers":12960},{"Gui":96},{"EditorUtility":128052},{"VersionControl":4},{"Undo":947},{"AssetDatabase":5179084},{"EditorGi":328},{"UnityConnect":29208},{"Upm":1896},{"AssetCompliance":64},{"DrivenProperties":72},{"LocalIPC":211},{"ProfilerEditor":9746},{"CoreBusinessMetrics":2866},{"Licensing":664},{"AssetReference":32},{"IPCStream":32}]}
